gen,candidate,kind,fitness,homeGoals,awayGoals,goalDiff,shotDiff,boxDiff,attThirdDiff,possDiff,reversals,transPerSec,stationary,ShootRangeNear,ShootRangeFar,ShootScoreNear,ShootScoreFar,ShootPressurePenalty,RoleAttackForward,RoleAttackMidfielder,RoleAttackDefender,PassBaseScore,PassScoreScale,PassPressureBonus,PassFarBonus,CrossBonus,PassBoomerangSeconds,PassFailMemorySeconds,PassFailPenaltyFactor,DribbleBaseScore,DribbleLaneBonus,DribbleFreeSpaceBonus,DribbleEnterMargin,DribbleCommitSeconds,DribbleEnterMaxBallSpeed,ScrambleRadius,ScramblePlayers,ScrambleMinBallSpeed,ScramblePersistSeconds,ContestCommitSeconds,ClearScore,ChaseBaseScore,ChaseDesignationBonus,ChaseNonDesignatedPenalty,ChaseReassignMargin,ScrambleReassignMargin,HoldBaseScore,ActionCommitMargin,PostPassCommitSeconds,CoverOffsetDistance,CoverScore,CoverReassignMargin,PassOfferRunDepth,PassOfferRunWidth,PassOfferReassignMargin,AttackBallPull,AttackMinSpacing,AttackDepthDefender,AttackDepthMidfielder,AttackDepthForward,HomePositionLerp,DeepRunDepth,DefendDepthDefender,DefendDepthMidfielder,DefendDepthForward,DefendBallPull,GKChaseGoalDistance,GKChaseBallDistance,GKLineOffset,GKTrackLerp,GKShotDetectSpeed,GKDiveBurst,GKAdvanceMax,GKCloseDownLerp
0,parent,parent,98.8582,19.000,0.000,19.000,162.000,10.000,117.117,2.176,3607.000,26.073,58.950,1819,1905,220,108.4,7.297,1.567,0.8586,0.8466,12.66,0.03224,15.01,10.63,50,3.281,18.14,0.3371,30.59,21.16,8.211,2.458,0.7153,1190,493.6,3.691,254.8,0.9696,0.785,47.79,69.79,22.28,1.893,108.8,900,44.06,10.96,1.475,426.9,93.69,280.1,642.2,576.6,25.91,0.1399,255.6,0.4284,0.8827,0.8099,0.3857,0.9911,0.2576,0.308,0.9074,0.1106,545.6,628.2,31.49,0.6513,494,3.489,303.6,0.8
0,child0,child,98.2500,23.000,0.000,23.000,134.000,19.000,168.600,3.265,3833.000,29.213,53.033,1839,1654,220,110.4,7.247,1.696,0.7755,0.8142,13.26,0.02781,16.21,13.82,49.73,3.622,18.43,0.4072,31.83,18.64,7.635,2.699,0.7662,1134,412.7,3.886,307.3,1.008,0.8033,52.47,80.04,26.03,2.118,94,706.1,40.78,8.306,1.515,435.2,77.12,238.5,648.7,514.9,32.32,0.1468,240.4,0.3967,0.5915,0.9121,0.3374,0.8291,0.2151,0.3217,0.9008,0.1129,532.7,534.9,38.96,0.5443,452.5,3.636,296.7,0.7756
0,child1,child,71.1501,22.000,1.000,21.000,119.000,-5.000,-35.850,2.644,4292.000,29.567,50.783,1644,2538,220,94.04,7.852,1.727,0.8544,0.8943,12.23,0.03116,12.96,10.46,50,3.084,18.71,0.3334,25.14,26.19,8.141,2.367,0.7216,1250,416.6,3.433,257.5,1.082,0.6893,55.15,83.87,21.62,1.97,131.6,900,42.27,12.05,1.54,387.8,78.43,229.1,614.6,545.8,22.71,0.1206,258.3,0.4621,0.9759,0.9225,0.4212,1,0.2691,0.3693,0.9373,0.1159,691.8,792.1,30.89,0.8,687.9,3.3,308.9,0.8
0,child2,child,31.7923,11.000,1.000,10.000,67.000,6.000,17.283,2.275,2638.000,21.673,58.433,1464,2022,220,94.95,7.113,1.375,0.8929,0.9147,14.49,0.03766,15.59,10.29,50,3.332,17.47,0.338,25.45,25.9,6.192,2.286,0.8112,1375,485.4,4.361,235.7,0.9482,0.8302,53.54,65.94,22.79,1.636,94.57,811.4,35.38,11.03,1.647,488.2,95.83,309.7,580.6,561.5,25.76,0.1257,258.7,0.4432,1,0.7588,0.3595,1,0.2344,0.2738,0.7381,0.09904,425.8,637.4,35.5,0.5261,469.5,2.956,345.4,0.8
0,child3,child,113.6900,27.000,1.000,26.000,158.000,14.000,158.367,2.496,4329.000,25.353,47.000,1895,1982,220,114,7.219,1.545,0.937,1.078,12.64,0.03044,16.25,9.988,48.2,3.583,18.92,0.3689,28.88,23.14,7.928,2.519,0.6987,1191,427.4,3.844,253.2,0.7863,0.7753,44.47,76.6,24.14,1.692,121.9,900,57.88,13.15,1.423,444.5,81.08,241.1,593.6,533.9,23.8,0.1389,226.9,0.5139,0.9548,0.7315,0.4337,0.8211,0.253,0.3132,1,0.1058,466.3,622.4,34.03,0.7282,511.9,2.971,283.3,0.8
0,child4,child,80.1558,23.000,2.000,21.000,132.000,25.000,181.333,3.135,4893.000,29.233,71.850,2066,1983,180.5,96.51,6.328,1.689,0.8033,0.8098,11.7,0.03137,16.44,10.26,41.27,3.682,20,0.3551,29.94,18.57,9.51,1.909,0.776,1179,384.4,3.757,318.4,1.002,0.8161,48.87,87.34,22.47,1.532,114.6,900,46.62,10.84,1.182,450.9,97.28,335.6,621.6,597.3,24.48,0.129,263.8,0.4916,0.8126,0.8396,0.5133,0.873,0.2976,0.2787,0.8805,0.1134,611.3,771.4,28.42,0.7145,470.1,3.408,369.2,0.8
0,child5,child,120.5811,26.000,0.000,26.000,154.000,23.000,146.750,3.756,3667.000,25.720,45.900,1778,1820,220,100.1,7.522,1.57,0.9111,0.9545,14.15,0.03448,15.82,11.21,45.81,3.535,18.53,0.3574,29.74,21.83,7.399,2.521,0.7854,1178,418.4,3.522,240.5,0.9669,0.7541,54.09,69.1,22.01,1.788,94.34,900,48.8,12.09,1.445,455.2,100,261.5,639.4,485,22.68,0.1428,261.6,0.3676,0.8375,0.8287,0.3693,0.9782,0.2043,0.3281,0.7767,0.09079,665.9,602.5,28.81,0.6498,423.3,3.033,293.7,0.6807
0,child6,child,44.2549,12.000,1.000,11.000,103.000,-7.000,59.000,2.782,3307.000,21.513,61.950,1750,1674,173.9,115.4,7.317,1.666,0.9876,0.9694,12.25,0.03837,15.2,10.41,50,3.014,20,0.2835,32.4,21.74,10.7,2.443,0.8372,1108,435.3,3.082,256,0.9512,0.7094,46.18,64.3,27.6,1.741,125.9,900,37.09,10.69,1.815,416.7,73.39,260.2,674.8,669.3,30.44,0.1124,262.9,0.4364,0.7929,0.8271,0.4205,0.7607,0.2452,0.2916,1,0.0972,619.3,604.6,28.01,0.6738,558.3,3.332,248.2,0.752
0,child7,child,84.2829,19.000,0.000,19.000,133.000,13.000,110.600,2.038,3702.000,24.400,55.883,1983,1566,220,120,6.812,1.349,0.8752,1.007,13.27,0.02934,15,10.26,39.8,3.517,18.25,0.2761,29.76,21.12,7.481,2.232,0.6707,1230,564,3.828,254.3,1.086,0.7825,64.07,67.29,21.96,1.945,95.78,899.3,42.02,10.98,1.521,459.2,77.36,311.6,581.5,590.5,22.82,0.167,224.1,0.3862,0.9013,0.6936,0.3857,1,0.3051,0.3011,0.9822,0.1197,566.6,610.7,29.5,0.692,514.7,3.597,303.7,0.7073
0,child8,child,19.5251,8.000,1.000,7.000,65.000,7.000,189.900,1.444,3100.000,28.533,60.417,1827,1806,180.7,120,7.369,1.737,0.881,0.8456,13.03,0.02994,11.39,10.92,50,2.945,16.11,0.3823,32.18,19.3,8.323,2.369,0.8074,1469,468.3,5.196,264.9,0.9339,0.8909,52.11,82.96,19.94,2.075,92.18,900,38.71,9.78,1.768,411.9,84.15,329.4,615.3,581.7,25.98,0.1524,243.6,0.4213,1,0.9129,0.3424,0.9059,0.2691,0.3312,0.9162,0.111,709,623.7,30.13,0.5455,523.3,3.789,316.2,0.8
0,child9,child,111.9663,21.000,0.000,21.000,152.000,39.000,305.067,3.115,3532.000,22.440,49.283,1633,1885,193.3,104.6,7.141,1.627,0.8896,0.874,10.99,0.02849,13.67,10.11,48.65,3.111,20,0.4203,30.89,18.22,9.258,2.584,0.7142,1195,459.6,3.971,249.4,1.099,0.7599,41.32,73.77,18.94,1.755,97.25,900,49.68,11.66,1.678,494.1,84.99,283.8,671.5,610.9,23.18,0.1399,236.8,0.4491,0.9351,0.6474,0.45,1,0.3372,0.3474,0.8073,0.09573,674,694.1,26.08,0.79,522.5,3.548,367.8,0.7244
0,child10,child,160.9368,32.000,0.000,32.000,226.000,14.000,162.167,1.796,4710.000,29.693,49.350,1806,2432,220,112,8.795,1.894,0.8015,0.8446,11.86,0.03356,14.29,11.85,40.58,3.065,18.86,0.3586,26.18,23.98,6.936,1.843,0.629,1136,554.5,3,249.5,1.057,0.9318,38.45,74.87,21.86,1.794,107,895.7,47.58,10.17,1.445,375.1,100,333,748.8,634.2,28.03,0.1504,241.8,0.4143,0.877,0.85,0.3339,1,0.2487,0.3089,0.8874,0.1338,483.3,529.3,26.41,0.6055,561.9,3.461,300.6,0.5926
0,child11,child,25.3904,9.000,2.000,7.000,87.000,0.000,16.517,1.447,3186.000,24.800,58.233,1875,1504,220,111.7,8.875,1.73,1.094,0.8597,14.46,0.0399,17.56,9.027,50,3.36,17.98,0.3538,27.32,18.43,8.487,3.1,0.6936,1097,465.7,3.842,218.1,0.8004,0.6713,49.53,63.11,24.41,2.127,106.9,816.9,48.8,11.61,1.657,322.8,97.84,322.4,557,586.1,25.76,0.1374,204.5,0.3777,0.8458,0.9439,0.3326,0.8277,0.2365,0.3618,0.7022,0.09745,569.2,535.1,27.12,0.5707,482.5,4,272.3,0.7753
0,child12,child,114.5252,22.000,0.000,22.000,172.000,19.000,164.100,2.040,3710.000,27.267,57.500,2039,2105,215.3,105.1,8.862,1.511,0.841,0.9116,12.71,0.03191,15.15,9.661,41,3.742,17.43,0.3757,35.48,22.7,8.736,2.141,0.7071,1117,502.1,3.757,227.7,0.7192,0.7232,47.34,82.84,20.47,2.148,86.71,900,52.7,9.453,1.325,391.6,100,318.9,651.3,536.4,20.15,0.1425,275.3,0.3961,1,0.7933,0.3105,0.9719,0.2463,0.2736,0.9502,0.1526,486.8,594.8,29.42,0.5798,481.9,3.72,285.3,0.7365
0,child13,child,101.4447,22.000,0.000,22.000,156.000,30.000,159.367,2.343,4192.000,28.507,81.433,1611,2507,186.5,120,7.791,1.378,0.8903,0.9491,10.91,0.03806,13.82,9.389,50,2.667,19.21,0.36,23.74,17.91,9.694,2.496,0.7947,1314,394.4,3.75,243.1,1.108,0.7317,35.69,64.69,19.96,1.832,108.2,885.1,39.17,11.5,1.497,433.9,93.68,227.2,594.1,504.2,29.92,0.1632,261.6,0.3914,1,0.7954,0.3206,0.8566,0.3322,0.2927,0.9513,0.1078,569,561.9,31.22,0.5587,431.6,3.675,294.8,0.7343
0,child14,child,131.9570,28.000,1.000,27.000,201.000,21.000,171.250,1.742,5019.000,27.107,51.383,2200,1896,220,111.4,8.977,2,0.8725,0.8794,10.96,0.03125,17.2,12.27,43.84,3.519,17.68,0.2963,27.99,21.99,8.404,2.521,0.718,1031,416.6,3.972,268.5,1.084,0.7378,55.27,64.59,21.14,1.773,96.75,829.9,45.24,10.43,1.56,433.3,97.76,312,580.3,541.3,24.02,0.1636,273.4,0.4456,0.9821,0.771,0.3871,0.8284,0.3296,0.2652,0.7952,0.1161,487.2,584.4,28.17,0.6426,491.2,2.898,271.4,0.762
0,child15,child,67.4290,17.000,0.000,17.000,108.000,5.000,65.700,1.595,3122.000,23.193,71.433,1700,1831,220,117,8.303,1.515,0.8991,1.159,13,0.03922,13.34,11.3,50,3.427,18.57,0.3692,30.96,21.5,7.853,2.95,0.7916,1429,471.9,3.553,285.3,1.021,0.7419,47.44,66.69,24.32,2.575,112.3,900,52.51,10.8,1.324,429.3,77.22,288,536.2,619.4,21.55,0.1561,255.5,0.4534,0.8544,1,0.3966,1,0.2421,0.2898,0.8305,0.1246,493.3,542.3,28.73,0.6449,516.4,3.622,269,0.8
1,parent,parent,91.7422,15.000,0.000,15.000,189.000,14.000,-28.617,1.466,4176.000,26.167,63.417,1806,2432,220,112,8.795,1.894,0.8015,0.8446,11.86,0.03356,14.29,11.85,40.58,3.065,18.86,0.3586,26.18,23.98,6.936,1.843,0.629,1136,554.5,3,249.5,1.057,0.9318,38.45,74.87,21.86,1.794,107,895.7,47.58,10.17,1.445,375.1,100,333,748.8,634.2,28.03,0.1504,241.8,0.4143,0.877,0.85,0.3339,1,0.2487,0.3089,0.8874,0.1338,483.3,529.3,26.41,0.6055,561.9,3.461,300.6,0.5926
1,child0,child,94.6021,18.000,0.000,18.000,168.000,7.000,58.233,1.416,3683.000,27.053,71.350,1717,2242,220,120,9.043,1.813,0.8549,0.9608,12.18,0.03266,15.53,14.28,34.31,3.715,20,0.3385,28.33,19.6,7.262,1.964,0.8317,1087,600,3.456,271.9,1.178,0.8326,43.53,75.7,20.64,1.924,101.7,821.1,48.9,9.722,1.46,301.4,100,304.1,736.3,653.4,26.18,0.1555,224.9,0.4348,0.7494,0.9832,0.3387,0.8779,0.1801,0.4175,0.8741,0.1201,457.3,564.1,24.14,0.6238,613.3,4,287.5,0.6713
1,child1,child,78.0534,22.000,0.000,22.000,134.000,0.000,-18.367,2.295,4717.000,36.133,49.433,1677,2735,212.9,98.37,9.347,1.812,0.6849,0.9253,10.67,0.03613,14.43,11.07,36.09,3.094,20,0.372,26.54,24.6,7.868,1.915,0.685,1055,528.7,3.23,241.5,0.8858,0.7859,40.2,100.8,23.73,1.584,134,900,51.31,8.068,1.659,337.1,100,271.4,735.3,697.1,28.14,0.1548,238.6,0.4589,0.9164,0.9829,0.319,0.8753,0.2404,0.2648,1,0.1079,560.7,567,31.99,0.7212,517.2,3.828,303.7,0.6414
1,child2,child,97.2312,22.000,0.000,22.000,133.000,37.000,125.500,2.683,3746.000,26.987,63.617,1912,2386,181.3,120,9.914,2,0.7999,0.7709,13.11,0.03514,13.92,12.47,42.43,2.985,17.3,0.3855,23.97,24.95,6.53,1.684,0.566,867.8,574.6,3.125,223,0.7676,0.9271,27.91,67.11,22.63,1.756,92.34,855.1,42.09,10.93,1.581,290.7,100,355.6,764.5,501.7,27.24,0.1627,246.9,0.3881,0.8083,0.8045,0.261,0.9444,0.2712,0.307,0.972,0.141,500.8,642.6,25.92,0.5806,551,3.91,310,0.5463
1,child3,child,99.8340,22.000,1.000,21.000,158.000,9.000,66.233,2.294,3829.000,25.993,55.483,1644,2800,220,99.32,8.378,2,0.7546,0.8873,12.19,0.03378,12.45,14.17,39.44,3.825,20,0.3003,28.15,28.01,6.53,2.188,0.6423,1434,600,3,215.9,0.8302,0.9207,35.63,72.74,26.58,1.963,112.9,813.2,51.47,9.655,1.346,386,81.39,337.6,664.8,575.9,23.78,0.1393,261.1,0.3528,0.926,0.7472,0.2573,1,0.2709,0.2773,0.8823,0.1413,424.7,582.5,24.29,0.6727,646.6,3.991,298.4,0.5278
1,child4,child,148.5049,29.000,0.000,29.000,207.000,38.000,139.817,1.044,4449.000,30.720,53.517,1775,2800,220,120,9.564,1.842,0.6669,0.7147,11.76,0.02983,14.9,13.12,35.98,3.313,17.9,0.34,25.31,23.76,6.239,1.743,0.5681,1249,568.9,3.6,308.7,1.185,1.042,44.68,76.5,16.13,2.326,101,761.4,42.26,10.76,1.258,396.5,100,328.4,680.6,644.2,29,0.1275,227.1,0.3884,0.9014,0.931,0.339,0.9765,0.2612,0.2919,0.8754,0.1374,500.3,642.4,30.4,0.5929,530.9,3.758,282.2,0.5009
1,child5,child,93.6120,17.000,0.000,17.000,164.000,7.000,85.800,2.343,3563.000,26.720,53.733,1750,2042,220,120,8.988,1.798,0.8249,0.9156,11.72,0.03744,16.23,10.24,50,3.17,20,0.3784,30.54,16.94,8.323,1.976,0.6634,1084,600,3,276.9,1.136,0.9658,37.96,81.71,23.06,2.17,79.81,900,52.8,10.43,1.419,360,100,343.7,666.8,680.9,27.67,0.1578,243.3,0.4417,0.9631,1,0.3444,0.8504,0.206,0.2584,0.7334,0.105,461.6,502.2,20.94,0.6342,626.5,3.175,334.2,0.5501
1,child6,child,42.9980,11.000,0.000,11.000,94.000,4.000,-64.733,0.659,3040.000,19.133,45.233,1396,2416,220,120,10.7,1.872,0.8147,1.063,13.51,0.03022,17.38,13.62,34.41,2.608,18.43,0.4051,23.96,29.05,9.188,1.605,0.5684,1076,574.8,3.029,223.1,1.027,1.011,35.35,70.43,17.45,2.272,122.8,900,49.24,11.45,1.626,354.7,100,338,842.8,554.3,35.32,0.154,210.4,0.4269,0.8947,0.9216,0.2789,0.9695,0.2649,0.2897,0.9176,0.1386,548,439.7,27.03,0.452,612.3,3.634,242.9,0.5344
1,child7,child,81.3624,21.000,0.000,21.000,133.000,6.000,43.767,2.799,4220.000,27.273,66.850,1618,2696,220,97.27,11.41,2,0.8424,0.8316,12.44,0.03052,15.49,12.84,34.95,3.62,20,0.3481,26.84,28.32,6.793,1.946,0.5939,1092,600,3.514,233.7,1.231,0.8877,48.32,80.79,27.68,1.942,99.86,747.3,44.57,9.871,1.685,426.8,88.37,410.4,933.8,699.5,32.14,0.1383,231.2,0.3873,0.8928,0.7971,0.3637,1,0.3155,0.3509,0.8383,0.1312,502.1,468,24.7,0.639,579.6,3.6,302.5,0.5831
1,child8,child,103.2176,26.000,1.000,25.000,153.000,6.000,61.300,2.708,4225.000,27.573,70.550,1586,2409,213.5,96.37,10.55,2,0.8476,0.7472,10.33,0.03401,12.84,13.31,34.52,3.062,17.55,0.3154,26.77,23.05,7.881,1.975,0.6873,987,500,3.369,247.8,1.13,0.8404,37.09,73.46,21.03,1.479,130.3,900,41.65,9.728,1.759,460.4,84.31,306,765.3,571.3,29.07,0.1476,321.3,0.3273,0.8376,0.6955,0.3228,1,0.2764,0.3506,0.7434,0.1413,616.3,515.8,20.82,0.5362,527.5,3.181,296.3,0.5906
1,child9,child,84.4108,17.000,0.000,17.000,138.000,14.000,31.183,2.752,3200.000,24.673,59.217,1550,2315,207.8,117.1,8.209,1.712,0.7332,0.6482,13.09,0.03825,16.76,10.54,34.45,2.468,16.47,0.2934,27.29,31.28,6.547,2.246,0.5972,1382,457.8,3,263.4,1.023,0.8912,33.24,71.77,25.98,1.524,102.8,900,42.69,11.4,1.219,529.1,86.74,364.4,846.1,691,29.62,0.1298,246.3,0.4165,1,0.8472,0.3344,1,0.2515,0.3138,0.8504,0.1154,507,454.2,28.03,0.7213,562.7,3.67,299.4,0.6118
1,child10,child,95.9534,20.000,1.000,19.000,167.000,13.000,48.983,0.365,3793.000,25.820,77.967,1842,2556,220,120,11.11,2,0.8023,0.9001,12,0.03216,16.9,12.01,41.87,2.578,17.94,0.4232,27.22,26.11,7.294,1.885,0.6122,1257,443.3,3,237.5,1.082,0.9754,38.45,66.1,22.82,1.845,89.28,900,44.64,8.374,1.514,425.8,93.67,277.5,661.4,671.2,23.75,0.1525,182.7,0.4647,0.9722,0.8995,0.3266,1,0.2301,0.313,0.7787,0.1786,429.2,506,32.36,0.5983,696.6,3.49,310.4,0.5454
1,child11,child,78.8224,20.000,0.000,20.000,140.000,-15.000,-4.200,2.454,3926.000,25.740,74.867,1805,2455,220,108.1,8.092,1.781,0.7198,0.9139,12.65,0.02899,14.88,12.31,47.33,3.236,20,0.3599,24.84,28.99,9.428,1.793,0.5945,1083,594.8,3.734,227.5,1.188,0.8737,37.35,82.41,20.64,1.695,101.3,735.4,50.2,8.429,1.35,477.1,100,329.1,526.7,676.1,26.52,0.1672,210.9,0.374,0.7603,0.865,0.3528,1,0.2368,0.3621,1,0.1367,556.2,414.3,23.67,0.6633,520.7,3.05,267.9,0.58
1,child12,child,75.8323,16.000,0.000,16.000,137.000,-2.000,-37.667,2.419,3237.000,23.487,60.050,1497,2632,220,107.5,8.083,1.715,0.9512,0.7413,10.57,0.03169,11.56,12.23,37.4,3.494,18.14,0.4531,28.48,30.32,6.545,1.989,0.6875,1275,600,3.44,294.8,1.176,0.7971,40.76,71.98,23.46,1.665,105.2,900,41.16,12.93,1.772,397.9,100,354.3,729.3,652.8,23.93,0.1301,229.8,0.4718,0.7827,0.8812,0.3156,1,0.2911,0.3283,0.8651,0.1282,490.1,469.7,25.1,0.6669,750.4,3.619,236.1,0.6448
1,child13,child,88.4052,25.000,0.000,25.000,126.000,10.000,117.633,2.015,4639.000,29.267,56.383,1485,2689,199.8,100.5,8.882,1.783,0.8063,0.8055,12.37,0.03354,14.05,12.97,46.81,2.659,18.9,0.3172,23.76,30.78,7.066,2.034,0.5613,1236,460.5,3.882,262.7,1.252,0.8334,40.77,84.76,26.21,1.863,118.8,766.6,45.42,10.56,1.467,364.8,90.71,365.1,818.4,689.3,28.03,0.1441,278.3,0.4487,0.8711,1,0.3361,1,0.2092,0.4013,0.922,0.1654,497.9,561.4,23.2,0.74,495.9,3.732,302.3,0.536
1,child14,child,93.0501,22.000,1.000,21.000,147.000,5.000,91.233,1.637,3768.000,24.247,69.883,1911,2255,189,120,9.558,2,0.9284,0.9436,10.34,0.02922,10.58,12.32,34.94,3.103,17.09,0.4956,27.25,25.37,7.434,1.941,0.7432,1212,510.7,3,266.7,1.132,0.9654,38.22,78.81,23.89,1.708,135.5,900,58.74,9.652,1.604,399.3,100,334.2,725.7,584.7,25.46,0.1519,240.7,0.384,0.7566,0.7966,0.3557,0.9125,0.2171,0.3562,1,0.1266,485.4,628.2,26.04,0.6183,592.4,3.353,322.1,0.7751
1,child15,child,80.6119,19.000,2.000,17.000,147.000,10.000,55.533,2.258,3855.000,28.360,67.417,2023,2227,214.5,113.3,9.084,1.956,0.7107,0.8187,10.25,0.04463,14.76,12.36,42.33,2.827,18.82,0.356,29.81,18.85,7.689,2.305,0.732,1043,519.4,3.596,228.3,0.8822,0.9153,31,74.97,18.14,1.809,101.8,900,45.95,11.23,1.369,325.6,100,362,819.6,713.3,27.2,0.1394,240.8,0.3271,0.9277,0.8012,0.2956,0.8664,0.2621,0.3014,1,0.1249,462,615.6,34,0.4607,540.4,3.237,276,0.5849
2,parent,parent,141.4154,22.000,0.000,22.000,226.000,39.000,321.350,1.222,4355.000,28.160,60.567,1775,2800,220,120,9.564,1.842,0.6669,0.7147,11.76,0.02983,14.9,13.12,35.98,3.313,17.9,0.34,25.31,23.76,6.239,1.743,0.5681,1249,568.9,3.6,308.7,1.185,1.042,44.68,76.5,16.13,2.326,101,761.4,42.26,10.76,1.258,396.5,100,328.4,680.6,644.2,29,0.1275,227.1,0.3884,0.9014,0.931,0.339,0.9765,0.2612,0.2919,0.8754,0.1374,500.3,642.4,30.4,0.5929,530.9,3.758,282.2,0.5009
2,child0,child,119.4187,22.000,0.000,22.000,186.000,26.000,197.600,2.285,4055.000,26.360,66.900,1869,2465,212.4,113.8,8.881,2,0.6093,0.7341,12.77,0.03126,14.21,12.07,44.12,3.616,14.22,0.4236,23.25,22.91,7.408,1.469,0.642,1069,590,3.414,292.6,1.168,0.8495,50.21,60.71,19.45,2.116,104.6,826,38.66,10.09,1.342,467.9,100,327.5,657.5,622.6,29.11,0.1393,200.2,0.3364,0.8881,0.8914,0.3471,1,0.2628,0.2972,0.8567,0.1061,449.1,767.6,30.78,0.4966,621.8,4,323.8,0.5174
2,child1,child,99.0876,24.000,0.000,24.000,148.000,10.000,41.250,1.931,4242.000,25.247,57.583,1862,2800,220,109.2,9.231,1.811,0.7044,0.6637,12.88,0.02947,19.12,12.64,38.86,3.293,18.77,0.3499,25.77,22.8,6.738,1.72,0.542,1307,538.8,4.079,271.6,1.155,1.168,43.22,68.79,16.09,2.379,110.3,900,43.54,11.83,1.019,385.2,90.61,275.6,575.3,688.1,30.1,0.09868,234.6,0.4063,0.8837,0.852,0.335,0.9136,0.2891,0.3202,0.8778,0.1397,542.2,512.5,29.56,0.6601,500.1,3.265,285.5,0.4761
2,child2,child,121.2693,22.000,0.000,22.000,195.000,41.000,214.950,1.766,4624.000,32.293,61.433,2166,2324,220,111.7,8.808,1.597,0.6239,0.6543,13.87,0.02912,14.29,11.34,38.03,3.172,19.13,0.3278,25.93,25.75,6.424,1.419,0.5994,1273,600,4.114,276,1.125,0.8676,47.2,80.86,16.18,2.128,98.71,850.5,39.36,9.936,1.489,402.4,88.91,384.2,813.4,791,43.15,0.1445,257.8,0.3561,0.8802,0.9352,0.3444,1,0.2678,0.3032,1,0.1296,392.1,676.4,27.04,0.5018,556.4,3.613,229.9,0.4593
2,child3,child,139.2909,23.000,0.000,23.000,228.000,20.000,178.533,1.206,4301.000,27.313,61.417,1529,2625,192.3,101,8.999,2,0.6813,0.769,12.99,0.02916,14.65,12.69,30.34,2.803,16.51,0.3684,31.83,21.01,5.967,1.843,0.5409,1175,561.7,3.393,305.4,1.046,1.02,45.06,67.71,17.82,2.276,114.1,873.9,48.59,11.57,1.384,358.7,99.24,285.4,756.7,649.3,27.67,0.125,231.3,0.3426,0.8459,0.7915,0.3054,1,0.3025,0.302,0.8288,0.1255,503.1,618.2,30.61,0.6523,469.5,4,221.6,0.488
2,child4,child,64.2529,16.000,1.000,15.000,138.000,19.000,30.917,0.993,4478.000,33.320,65.500,1489,2651,220,120,7.904,1.582,0.7812,0.6738,10,0.03114,13.12,15.7,37.61,3.235,17.66,0.3336,24.81,20.01,5.982,1.796,0.5783,1434,569.8,3.733,356.6,1.091,1.15,47.16,92,15.18,2.4,104.9,755.8,34.5,8.873,1.502,401.9,98.2,338.1,617.4,646.8,22.45,0.1221,197.3,0.3489,1,0.9901,0.4275,0.8998,0.2479,0.2638,0.9037,0.1217,554.9,710.9,29.07,0.6055,545.2,2.978,273.9,0.5166
2,child5,child,87.7288,18.000,0.000,18.000,142.000,44.000,244.167,1.748,4133.000,34.667,70.317,1496,2163,206.5,108.4,11.91,1.952,0.749,0.7198,10.39,0.02861,16.48,15.13,32.62,3.756,17.93,0.3486,23.92,23.65,8.768,1.757,0.4587,1153,504.7,4.189,260.7,1.138,1.085,49.35,92.71,16.66,2.733,101.3,619.7,39.03,11.22,1.462,380.6,77.86,290.5,630.5,900,29.47,0.1208,210.3,0.3886,0.8031,1,0.4366,0.9896,0.2513,0.2369,0.8877,0.1586,603.5,816.7,34.01,0.6548,588,3.529,269.5,0.5703
2,child6,child,116.9123,22.000,0.000,22.000,177.000,36.000,232.967,0.677,4127.000,24.340,60.817,2198,2800,191.9,109.2,10.66,1.999,0.6786,0.8075,11.33,0.02557,13.94,12.07,36.71,3.769,16.91,0.3416,26.91,27.05,6.605,1.907,0.6085,1524,600,3.704,324.6,1.211,1.097,47.64,66.86,15.65,2.785,85.12,851.9,43.81,8.875,1.2,461.4,95.25,260.3,735.3,734.9,25.75,0.1136,204.4,0.4478,0.8381,0.991,0.4326,0.9485,0.2994,0.2701,1,0.1311,497,656.9,31.56,0.6413,697.5,4,284.7,0.5043
2,child7,child,85.8703,20.000,1.000,19.000,159.000,15.000,126.067,0.478,4701.000,30.100,63.700,1918,2800,191,120,9.204,1.859,0.6976,0.9519,12.69,0.02719,11.64,14.5,28.55,3.242,16.77,0.3336,26.24,22.64,6.51,1.602,0.5664,1183,600,4.282,294.8,1.249,1.031,41.91,74.14,17.21,2.393,90.13,715.5,34.57,10.9,1.565,349.3,100,317.2,611.1,652.6,27.11,0.1376,286.8,0.3885,0.7939,1,0.2936,0.9368,0.3197,0.3174,0.8476,0.1378,464.4,636.2,27.67,0.5371,516.9,4,308.7,0.5112
2,child8,child,81.8137,16.000,1.000,15.000,137.000,45.000,293.900,1.727,3797.000,27.813,66.767,1949,2800,220,120,10.1,2,0.7525,0.637,11.1,0.03048,14.3,14.21,24.29,3.436,20,0.3615,24.75,22.69,6.361,1.716,0.6413,1362,525,4.203,322,1.217,1.156,43.92,80.18,16.48,2.425,99.59,897.1,40.2,11.34,1.521,426.8,92.24,348,777.9,810.6,28.86,0.1101,209.3,0.4177,0.9179,0.8797,0.3493,1,0.2159,0.2783,0.7959,0.1191,581.8,562.5,27.35,0.7004,491.7,4,220,0.4987
2,child9,child,113.9149,20.000,0.000,20.000,203.000,19.000,134.800,0.439,4519.000,28.040,63.067,2080,2800,220,120,10.19,2,0.7065,0.7358,11.22,0.02767,15.63,14.02,34.15,2.786,18.73,0.3548,21.04,24.16,5.54,1.706,0.5772,1231,541.3,3.805,265.1,1.277,1.152,48.03,63.95,14.9,2.772,132.1,819.3,37.13,11.06,1.204,347.4,100,353,676.2,821.6,34.74,0.1481,198.4,0.3987,1,0.9628,0.3299,0.772,0.2611,0.3713,0.9009,0.1469,503.2,695.9,29.71,0.5823,525.4,3.702,327,0.4383
2,child10,child,69.7342,14.000,0.000,14.000,162.000,3.000,20.533,0.774,4640.000,27.353,55.283,1945,2800,219.4,120,10.56,2,0.6921,0.5809,10,0.02483,11.48,15.22,36.45,2.799,17.33,0.3433,18.89,23.29,5.912,1.677,0.5531,1382,600,3.064,316.8,1.173,1.116,43.1,78.93,16.32,2.337,98.85,743,43.58,11.97,1.241,378.4,87.97,350.3,640.5,639,29.65,0.119,208.6,0.4072,0.8917,0.9745,0.3364,1,0.2988,0.2179,0.8538,0.13,482.9,682.6,27.41,0.573,501.5,4,337.8,0.6143
2,child11,child,139.1498,24.000,0.000,24.000,213.000,28.000,249.917,3.080,4261.000,27.687,61.100,1810,2585,220,115.5,8.638,1.669,0.6693,0.6412,12.37,0.03162,12.94,11.05,35.46,3.668,20,0.3146,30.62,29.52,5.352,1.675,0.5496,1085,600,3.457,318.2,1.216,1.02,44.82,74.66,16.12,1.852,108.6,745.2,43.69,9.553,1.297,355.3,84.61,307.6,711.6,668.3,34.84,0.1104,229.1,0.3574,0.9181,0.9483,0.3302,1,0.2781,0.2353,0.7871,0.137,503.9,699.5,28.32,0.5235,444.8,3.761,262.3,0.523
2,child12,child,94.3428,21.000,1.000,20.000,165.000,23.000,162.333,1.011,4780.000,31.393,55.700,1747,2800,220,120,9.541,1.617,0.6571,0.6354,10.48,0.02376,14.88,12.79,38.82,3.754,15.81,0.3405,23.52,27.96,5.375,1.405,0.6495,1255,472.7,3.329,306.6,1.236,1.224,50.93,83.31,14.77,2.304,94.8,711.1,36.33,10.62,1.138,436.7,100,299.7,574.4,751.6,33.26,0.1123,243,0.3612,0.729,0.9558,0.4146,1,0.3109,0.2756,1,0.1398,478.8,632.6,32.75,0.5157,430.7,4,291.4,0.4555
2,child13,child,147.8438,24.000,0.000,24.000,230.000,41.000,216.817,1.956,4321.000,28.087,66.517,1658,2800,220,107.7,8.943,1.838,0.677,0.7694,10,0.0353,17.65,12.69,34.16,3.931,16.51,0.3345,25.09,21.72,5.666,1.919,0.5276,1310,513.5,3.72,367.9,1.323,1.005,38.04,71.84,18.38,2.424,100.1,687.6,48.51,10.4,1.135,349.1,93.76,312.4,582.2,661.4,30.49,0.1633,224.4,0.4687,1,0.9558,0.3046,1,0.2803,0.2185,0.8538,0.1505,492.4,601.5,33.44,0.6227,526.1,3.069,300.4,0.5479
2,child14,child,106.7822,23.000,0.000,23.000,159.000,30.000,93.483,0.726,4099.000,28.520,61.083,1901,2800,217.7,120,9.962,1.677,0.573,0.7037,10.76,0.02306,12.11,12.94,36.14,3.74,18.36,0.3898,23.14,19.67,5.902,1.698,0.6429,1207,519.6,3.972,277.1,1.217,1.024,49.15,80.16,12.15,2.357,110.3,778.3,43.76,8.912,1.355,321.4,85.62,401.3,539.6,676.2,30.03,0.1537,243.5,0.3698,0.9219,1,0.3535,0.9592,0.2196,0.2702,0.7464,0.09706,551.9,802,30.5,0.5552,547.1,3.439,337.9,0.477
2,child15,child,159.4942,32.000,0.000,32.000,217.000,35.000,218.983,1.854,4777.000,30.593,64.833,1739,2642,220,120,10.88,1.842,0.8121,0.8783,10,0.02912,13.48,11.3,33.58,3.668,18.62,0.3085,23.6,23.4,7.078,1.848,0.4585,1288,440.5,4.06,272.4,1.18,0.8705,36.29,73.74,16.34,2.457,112.7,758.5,39.13,8.036,1.279,376.9,87.18,321.7,650.7,782,29.11,0.1082,209.8,0.4013,0.83,0.9518,0.4003,1,0.2638,0.2445,0.7952,0.145,545.4,596.4,33.67,0.6025,477.6,3.654,342.8,0.4141
3,parent,parent,144.0572,32.000,0.000,32.000,206.000,18.000,93.350,1.392,5171.000,30.427,63.533,1739,2642,220,120,10.88,1.842,0.8121,0.8783,10,0.02912,13.48,11.3,33.58,3.668,18.62,0.3085,23.6,23.4,7.078,1.848,0.4585,1288,440.5,4.06,272.4,1.18,0.8705,36.29,73.74,16.34,2.457,112.7,758.5,39.13,8.036,1.279,376.9,87.18,321.7,650.7,782,29.11,0.1082,209.8,0.4013,0.83,0.9518,0.4003,1,0.2638,0.2445,0.7952,0.145,545.4,596.4,33.67,0.6025,477.6,3.654,342.8,0.4141
3,child0,child,122.6781,20.000,1.000,19.000,203.000,29.000,234.183,1.143,3906.000,27.820,50.350,1405,2304,136.8,111.3,12.46,2,0.8712,0.9095,10,0.03069,14.89,11.3,38.91,3.328,15.19,0.2866,25.98,20.77,7.858,1.793,0.3098,1273,504.4,3.775,257.6,1.157,0.8724,35.47,67.66,18.95,2.133,120.1,744.3,38.83,9.057,1.061,391.8,82.2,355,691,884,30.67,0.1001,207.9,0.3414,0.8278,1,0.4119,1,0.2379,0.256,0.8525,0.1657,463.8,522.1,40.01,0.5977,482,4,364.1,0.3896
3,child1,child,22.9923,16.000,5.000,11.000,50.000,-6.000,-11.283,1.751,2641.000,32.560,47.917,1622,2629,220,94.88,10,1.587,0.7542,0.8811,10.06,0.03411,15.3,8.557,27.54,4.331,16.01,0.2583,24,27.68,7.842,1.926,0.3859,1127,600,5.041,335.7,1.267,0.8633,43.63,77.58,17.19,2.624,98.61,668.1,34.75,7.231,1.24,328.3,88.32,339.2,728.4,694.1,28.62,0.114,191.6,0.4781,0.7497,1,0.382,0.9631,0.2406,0.2435,0.664,0.1411,447.3,629.9,28.07,0.6968,436.6,3.956,331.4,0.3931
3,child2,child,66.8587,15.000,3.000,12.000,140.000,17.000,84.433,1.729,3493.000,22.313,79.333,1923,2789,220,120,9.501,1.584,0.7115,0.8729,10.4,0.02516,14.14,13.24,30.32,3.905,20,0.2923,24.91,26.43,6.121,1.802,0.4809,1062,406,5.17,234.3,0.9485,0.71,36.03,66.81,15.35,2.149,102.6,798.7,38.78,8.658,1.261,429.9,80.52,323.9,720.6,842.2,25.37,0.1378,232,0.4033,0.9194,0.9421,0.522,0.9863,0.296,0.2417,0.8126,0.1433,595.6,552.7,29.88,0.587,436.6,4,315.1,0.4103
3,child3,child,128.5211,21.000,0.000,21.000,194.000,32.000,336.683,2.213,3701.000,25.773,61.317,1636,2800,194,105.8,10.55,1.748,0.8568,0.7989,10.9,0.03406,15.76,10.93,28.4,3.096,17.99,0.3468,19.54,29.11,7.566,1.924,0.4349,1414,427.9,4.07,274,1.236,1.039,43.83,71.88,19.95,2.274,119.8,734.9,42.31,8.378,1.475,480.6,100,265.2,707,741.4,27.93,0.1221,209.2,0.4042,0.7556,0.8234,0.4351,0.9197,0.2215,0.2355,0.8502,0.1378,596.6,590.3,32.99,0.6304,436.3,4,357,0.4125
3,child4,child,139.0507,24.000,0.000,24.000,215.000,24.000,186.900,0.846,3950.000,27.287,71.817,2126,2469,220,120,11.42,1.58,0.8633,0.9772,11.96,0.02944,14.67,10.51,28.99,2.887,20,0.2932,25.1,20.7,6.691,2.143,0.4431,1226,431.3,3.722,254.3,1.186,0.8987,34.44,64.15,14.05,3.028,124.5,741.8,40.84,7.737,1.477,429.8,87.24,326.4,575.6,738,30.7,0.1018,188.5,0.465,0.708,0.9274,0.494,1,0.2395,0.2783,0.743,0.1581,634.4,558.9,36.07,0.6581,524.3,4,322.6,0.429
3,child5,child,140.2433,29.000,0.000,29.000,198.000,17.000,199.767,2.613,4672.000,27.633,49.750,1504,2785,220,88.42,13.89,1.686,0.7639,0.9041,11.1,0.02683,12.48,12.28,30.93,4.065,19.22,0.3053,27.67,25.59,5.961,1.763,0.5652,1272,532.2,4.391,261.3,1.188,0.8688,37.41,73.79,20.32,2.315,109.3,756.7,46.93,9.482,1.063,367.7,73.91,358.1,674.8,900,31.35,0.09418,231.8,0.5205,0.8433,0.8349,0.3855,0.8353,0.2598,0.2223,0.7817,0.1529,545.7,560.1,32.29,0.6437,435.1,4,354,0.4056
3,child6,child,138.9859,23.000,0.000,23.000,213.000,52.000,278.483,2.386,4529.000,27.500,56.367,1701,2800,220,108.6,11.84,1.867,0.7651,1.099,10,0.03445,12.95,11.58,32.96,3.69,20,0.3033,25.53,22.79,7.574,2.015,0.4522,1385,467.7,4.428,304.2,1.309,1.001,39.41,60.64,18.17,2.551,107,776.7,42.71,7.04,1.202,422.3,79.88,319.7,551.9,845.6,29.7,0.1128,217.6,0.4614,0.7369,0.904,0.4029,0.9316,0.2835,0.2477,0.7664,0.1573,565.7,677.3,30.78,0.7254,523.3,3.552,400,0.4723
3,child7,child,121.1183,19.000,0.000,19.000,200.000,30.000,210.183,0.894,3860.000,24.940,54.383,1834,2800,220,113.8,14.79,2,0.8465,1.046,12.87,0.0329,15.87,11.27,36.29,4.395,18.7,0.3904,23.04,20.37,8.997,2.276,0.3767,1304,360.2,3.865,272.7,1.162,0.8976,36.61,66.95,18.96,2.754,112.5,900,45.69,6.869,1.517,417,84.22,299.3,594.4,731.9,28.85,0.08958,209.6,0.3886,0.8231,0.8058,0.3502,0.7876,0.1974,0.2539,0.8052,0.1518,689.3,688.3,37.73,0.4735,528.4,3.921,298.2,0.4215
3,child8,child,109.9197,26.000,1.000,25.000,162.000,46.000,303.900,0.541,5124.000,33.420,70.467,1946,2800,203.9,120,10.84,1.969,1.035,0.9379,10,0.02935,17.44,10.83,32.07,3.757,20,0.3282,24.93,24.51,7.643,1.818,0.4699,1520,490.4,4.741,279.1,1.06,0.8703,41.01,76.78,17.77,2.277,129.2,728.2,32.94,10.6,1.514,385.4,99.93,341.7,642.9,884.9,31.15,0.1033,201.6,0.452,0.7006,0.8498,0.4223,0.8791,0.2581,0.2432,0.9273,0.1577,502.8,568.8,30.35,0.497,407.5,2.976,333.2,0.3833
3,child9,child,125.1578,23.000,0.000,23.000,196.000,24.000,263.883,0.016,4377.000,26.980,54.600,1768,2800,220,120,10.78,1.803,0.7534,0.8515,10,0.03021,14.42,10.46,35.9,3.896,20,0.3341,26.69,25.02,7.556,2.16,0.5201,1145,458.3,3.698,290.5,1.314,0.899,33.47,66.86,15.86,2.632,103.6,740.5,35.81,10.6,1.282,421.3,82.42,266.8,656.2,900,37.83,0.1042,199.6,0.4782,0.7279,0.9131,0.3859,0.9179,0.2926,0.2224,0.6319,0.1483,512.3,557.9,36.58,0.5999,529.4,4,261.9,0.3707
3,child10,child,97.8840,22.000,1.000,21.000,156.000,23.000,138.533,1.363,4163.000,26.233,69.150,2111,2216,220,102,11.4,2,0.9357,1.094,11.45,0.03238,13.96,12.37,26.98,3.268,16.8,0.3185,22.61,23.62,6.865,2.068,0.557,1468,307.9,4.919,276.6,1.077,0.8325,29.25,71.01,17.39,2.386,96.15,770,47.53,7.238,1.365,434.8,88.18,303.9,781.4,900,30.9,0.1147,206.6,0.4851,0.8259,1,0.3853,0.9291,0.2474,0.239,0.8136,0.1534,441.1,549,36.74,0.4336,467.7,3.255,348.6,0.3838
3,child11,child,111.9244,26.000,0.000,26.000,152.000,21.000,146.217,0.190,3997.000,26.680,66.567,1607,2800,220,120,11.05,2,1.018,1.03,10,0.02833,14,12.16,43.08,4.759,20,0.3211,20.79,21.41,6.386,1.682,0.4538,1479,457.6,3.992,302.9,1.259,0.7674,46.24,64.91,17.33,2.249,95.93,729.3,32.9,9.156,1.11,438.5,97,315,757.7,756.5,27.17,0.1138,181,0.341,0.9245,0.969,0.3579,1,0.2616,0.2755,0.6062,0.1307,515.1,769.4,35.99,0.626,493.7,3.132,327.9,0.4127
3,child12,child,135.1119,25.000,1.000,24.000,223.000,18.000,130.367,1.098,4768.000,26.813,47.833,1640,2800,220,114.5,10.31,1.828,0.8441,0.9221,10,0.03479,11.45,10.69,28.48,3.263,17,0.3257,24.88,26.88,6.521,1.895,0.5022,1587,489.4,4.108,306.2,1.262,1.043,30.79,70.48,17.52,2.478,117.3,725.6,40.16,8.938,1.2,341.6,79.13,293.8,716.6,716.1,28.71,0.1414,183.6,0.4146,0.9951,0.8477,0.4957,0.8817,0.2532,0.2769,0.8371,0.1416,467.7,573,35.34,0.5961,359.7,2.856,313,0.4084
3,child13,child,106.6904,21.000,1.000,20.000,175.000,31.000,190.183,0.923,4179.000,25.380,69.467,2040,2755,220,112.3,11.39,1.654,0.7147,0.9199,10.64,0.03047,14.65,12.29,28.62,3.546,18.72,0.3768,20.83,28.84,6.344,1.63,0.4351,1273,450.3,4.721,226.7,1.171,0.728,44.73,73.09,20.51,2.67,108.7,835.4,50.01,7.77,1.234,411.8,100,279.2,533.5,900,28.16,0.1159,181.6,0.3316,0.9926,1,0.3757,0.9742,0.2722,0.2421,0.6588,0.1498,568.1,559.2,29.65,0.6056,534.6,3.408,381.6,0.3725
3,child14,child,142.2181,28.000,0.000,28.000,212.000,22.000,164.150,0.745,4698.000,29.873,58.700,1671,2800,210.3,113,8.758,1.744,0.9967,0.8667,10,0.03159,15.57,12.84,28.32,3.457,17.78,0.3095,21.42,26.94,6.643,1.784,0.4508,1234,532.1,3.073,259.9,1.366,0.7703,33.08,73.27,19.48,1.987,101.1,773.2,42.14,6.977,1.299,413.8,82.26,367.8,590.1,704.7,31.25,0.09927,250.7,0.3114,0.7487,0.8756,0.3631,1,0.2445,0.2546,0.9772,0.1562,604.4,759.5,33.99,0.5016,579.4,4,315,0.4829
3,child15,child,74.3450,16.000,0.000,16.000,116.000,22.000,104.917,1.624,3194.000,24.420,45.833,1707,2207,215.6,109,10.7,2,0.7896,0.814,10.63,0.02878,17.85,9.806,32.69,4.25,19.96,0.3101,23.53,24.42,8.102,2.138,0.3802,1337,406.9,4.014,237.5,1.131,1.106,29.9,64.75,14.37,2.34,115,867.8,33.13,7.268,1.28,416.2,88.2,312.4,636.2,670.1,27.8,0.1066,224.8,0.4675,0.7585,1,0.4417,1,0.2481,0.2085,0.8142,0.1611,643.5,498.1,34.48,0.5894,478.3,3.663,400,0.3855
4,parent,parent,88.0491,24.000,0.000,24.000,120.000,3.000,79.850,1.383,3718.000,26.293,70.300,1739,2642,220,120,10.88,1.842,0.8121,0.8783,10,0.02912,13.48,11.3,33.58,3.668,18.62,0.3085,23.6,23.4,7.078,1.848,0.4585,1288,440.5,4.06,272.4,1.18,0.8705,36.29,73.74,16.34,2.457,112.7,758.5,39.13,8.036,1.279,376.9,87.18,321.7,650.7,782,29.11,0.1082,209.8,0.4013,0.83,0.9518,0.4003,1,0.2638,0.2445,0.7952,0.145,545.4,596.4,33.67,0.6025,477.6,3.654,342.8,0.4141
4,child0,child,85.0454,20.000,1.000,19.000,138.000,25.000,162.333,1.724,4080.000,29.733,62.900,2039,2523,220,120,11.57,1.828,0.854,0.984,10,0.0318,13.57,11.08,35.64,3.652,16.43,0.3273,21.24,19.6,6.473,1.775,0.4417,1127,518.8,4.555,320.3,1.288,0.9195,35.03,86.73,17.5,2.21,112.8,752.8,41.77,9.75,1.217,340.8,91.19,332.5,626,654.4,25.91,0.104,189.7,0.4387,0.8567,0.7949,0.4774,1,0.2438,0.1852,0.7119,0.1082,496.1,527.9,37.55,0.5943,431.4,3.239,292.9,0.4263
4,child1,child,3.5408,9.000,2.000,7.000,54.000,4.000,125.000,1.220,3831.000,43.060,57.533,1515,2152,205.5,119.7,8.933,2,1.009,0.914,13.62,0.03968,14.44,11.64,35.4,3.606,20,0.3472,22.04,32.81,8.552,1.683,0.5189,1323,417.1,5.06,210.5,0.8942,0.7922,37.88,87.89,17.52,2.184,80.99,717.8,32.03,6.794,1.302,377.8,75.66,315.1,659.6,716.9,31.73,0.1288,227.2,0.339,0.8,1,0.3866,0.8717,0.2005,0.3031,0.7192,0.1551,542.9,559.1,32.11,0.6116,456.9,3.668,391.6,0.3871
4,child2,child,104.8696,24.000,1.000,23.000,157.000,23.000,129.633,0.824,4124.000,30.587,59.367,1668,2710,193.7,111.2,9.998,1.903,0.6971,0.6728,10,0.0323,11,11.23,35.17,3.544,17.23,0.3482,26.9,20.64,6.802,2.187,0.5359,1375,427.4,3.907,259.4,1.359,0.9527,33.58,80.76,16.6,2.476,97.98,768.5,42.4,7.069,1.036,339.3,70.93,314.2,713.3,659.4,27.68,0.09741,202.6,0.3935,0.7819,1,0.4301,1,0.2842,0.2254,0.67,0.1492,551.2,697,37.01,0.7388,405.2,3.914,400,0.4223
4,child3,child,86.3598,18.000,1.000,17.000,156.000,13.000,144.133,1.750,3993.000,26.027,64.650,1955,2677,166.8,120,12.51,1.666,0.8626,0.7433,10.69,0.03188,12.51,11.33,38.61,3.046,18.47,0.2852,22.44,26.89,7.567,1.945,0.4468,984.3,454.6,4.143,261.3,1.054,0.9806,33.57,75.49,18.2,2.137,111.8,605.7,44.11,8.68,1.347,348.5,83.24,371.2,580.7,849.4,34.53,0.09944,184.7,0.5021,0.8931,0.6906,0.3905,0.8386,0.2872,0.2776,0.7949,0.1868,558.8,643.1,30.73,0.5666,501.8,3.62,355.8,0.4574
4,child4,child,127.2284,24.000,0.000,24.000,180.000,35.000,186.917,1.825,3774.000,42.040,44.783,2200,2278,220,120,10.4,1.859,0.8551,0.8479,10,0.0263,12.66,10.76,28.46,3.348,20,0.2279,23.86,21.04,7.763,1.848,0.4998,1343,509.4,4.649,280.2,1.459,0.783,30.74,94.52,15.66,2.357,104.8,670.3,30.33,8.242,1.388,397.6,77.25,294,758.6,722.5,26.22,0.1026,202,0.4756,0.8116,0.9186,0.3626,1,0.2694,0.2963,0.9888,0.1249,488.5,552,38.86,0.5868,600.6,3.108,322.1,0.3375
4,child5,child,184.8580,23.000,0.000,23.000,279.000,55.000,289.350,0.698,3163.000,30.213,61.267,1798,2796,209,120,9.982,1.864,0.7678,0.7336,10,0.02955,15.86,11.13,29.87,3.925,14.79,0.2635,25.03,23.81,6.824,1.967,0.4223,1412,396.5,4.611,263.9,1.205,0.9353,39.81,74.44,17.49,2.765,119.4,900,37.94,6.177,1.371,390.8,76.09,270.6,663.6,716.9,33.58,0.1107,221.2,0.322,1,0.9145,0.3665,1,0.2694,0.2239,0.8273,0.1739,571.9,723.2,46.97,0.5938,391.8,3.844,313.6,0.4734
4,child6,child,151.1471,25.000,0.000,25.000,237.000,37.000,278.617,1.016,4623.000,29.167,66.867,1933,2800,220,120,10.59,2,0.806,0.798,11.71,0.02894,12.25,8.974,33.41,3.179,18.41,0.3596,22.35,23.82,6.35,1.94,0.5818,1303,471.2,4.435,260,1.054,0.9122,31.28,66.33,13.97,2.133,86.89,760.4,32.97,9.266,1.312,494.7,100,346.4,576.4,782.3,29.38,0.1371,235.5,0.3742,0.837,1,0.4923,0.9176,0.2219,0.2321,0.7749,0.1411,618,640.4,32.19,0.5426,509.9,3.868,316.1,0.4156
4,child7,child,71.5714,15.000,0.000,15.000,120.000,10.000,98.467,1.581,3008.000,23.233,57.850,1815,2059,198.8,120,12.44,1.691,0.7912,1.042,10.22,0.03187,14.64,9.791,28.28,4.336,20,0.3252,22.32,26.02,6.875,1.861,0.5246,1283,407.4,3.9,254.7,1.192,0.8168,26.8,56.85,16.98,2.247,124.3,724.9,46.44,7.915,1.709,369.4,81.07,289.8,765,742.9,29.93,0.1051,221.2,0.3198,0.8999,1,0.3532,1,0.2121,0.2458,0.7959,0.1475,433.7,611.6,36.92,0.6709,459.3,4,267.6,0.4363
4,child8,child,77.4504,17.000,0.000,17.000,134.000,-6.000,-34.483,3.016,3252.000,25.127,51.350,2200,2204,220,120,10.41,2,0.917,0.7553,11.27,0.03084,16.27,11.2,32.67,3.692,19.1,0.3205,25.19,29.7,6.637,2.387,0.49,1210,434.7,3.65,279.2,1.228,0.9765,42.93,64.61,16.11,2.335,90.67,874,36.54,8.933,1.2,377,89.48,364.3,618.6,837.4,27.64,0.1141,204.3,0.4068,0.7274,0.9001,0.4568,0.9976,0.2841,0.2544,0.7616,0.1615,563.7,706.9,36.83,0.5785,454.7,4,306.6,0.346
4,child9,child,113.3236,19.000,0.000,19.000,197.000,14.000,27.550,-0.158,3678.000,26.967,59.717,1697,2800,203.3,106.3,10.27,2,0.8061,1.068,10.58,0.03097,14.64,11.49,33.5,5.018,20,0.3294,26.56,24.11,7.178,1.75,0.5268,1405,444.1,3.84,270,1.294,1.191,37.78,74.14,16.86,3.184,141,732,38.91,7.653,1.117,345.5,73.58,381.5,569.4,842,35.3,0.1081,214.8,0.4112,0.842,0.9547,0.372,1,0.2493,0.2252,0.8375,0.1479,646.3,662.2,37.06,0.5617,552.4,3.74,326.8,0.5279
4,child10,child,145.0494,20.000,0.000,20.000,248.000,20.000,116.067,0.934,3858.000,27.740,43.850,1634,2800,194.7,120,10.96,1.429,1.069,0.7524,10.38,0.02848,13.14,12.88,31.76,4.793,19.86,0.3391,22.69,20.7,6.211,2.195,0.5683,1228,487,4.022,294.9,1.161,0.9219,33.63,71.72,16.71,2.964,116.5,833.3,45.04,9.285,1.513,310.4,83.88,272.8,616,687.3,28.03,0.1181,191,0.4403,0.7513,0.9603,0.3125,1,0.2771,0.2359,0.8267,0.142,536.6,677.9,26.53,0.577,525.2,3.896,321.9,0.3605
4,child11,child,106.6543,19.000,0.000,19.000,167.000,15.000,203.467,1.101,3338.000,24.420,56.433,1721,2351,212,120,10.12,1.826,0.8462,0.9124,10,0.02897,15.27,11,33.88,4.201,20,0.2821,22.85,21.17,5.803,1.985,0.4862,997.4,410.4,3.693,236.1,1.208,0.9726,36.76,65.11,17.55,2.184,116.9,754,47.48,7.274,1.317,414.8,89.76,356.8,622,872.2,25.02,0.1189,191.7,0.4442,0.7718,1,0.3875,0.939,0.2888,0.2314,0.711,0.1575,561.9,543.3,33.37,0.7607,439,3.808,359.8,0.4702
4,child12,child,99.7883,21.000,2.000,19.000,176.000,19.000,157.700,1.395,4379.000,31.367,59.367,1636,2800,220,105.4,12.92,2,0.7598,0.9007,10.04,0.03422,12.74,10.59,44.16,3.12,19.74,0.3539,20.01,21.88,7.678,1.68,0.5196,1208,464.5,4.308,293.2,1.071,0.825,39.01,78.92,20.66,2.521,105.7,900,39.74,7.08,1.185,330.3,78.96,328.6,580.2,783.2,27.06,0.1243,209.3,0.3178,0.8152,0.9492,0.385,1,0.2507,0.2027,0.7704,0.158,556.4,746.4,34.19,0.5453,417.7,3.655,282,0.4772
4,child13,child,127.2982,22.000,0.000,22.000,207.000,16.000,112.917,1.662,3875.000,26.713,70.700,1632,2797,220,120,10.87,1.925,0.6371,0.7441,10.72,0.02911,13.67,9.004,37.67,3.8,17.58,0.3333,26.63,22.93,7.274,1.859,0.4551,1092,411.9,4.501,199.2,1.318,0.7838,35.25,62.15,15.88,2.374,118.1,758.3,32.61,6.803,1.169,517.8,85.11,341.3,513.8,877.9,22.99,0.111,190.3,0.4155,0.8162,0.7733,0.4772,1,0.2551,0.2519,0.6845,0.1437,571.6,624.9,36.02,0.6045,477.8,3.108,281.6,0.3469
4,child14,child,67.9192,15.000,2.000,13.000,122.000,28.000,116.867,2.155,3213.000,22.040,67.617,2200,2744,183.2,120,12.32,2,0.9039,0.982,10.77,0.02734,12.67,10.5,34.46,3.749,17.84,0.3397,23.81,29.01,6.846,1.989,0.4718,1069,427.3,4.214,259.9,1.314,0.833,41.17,54.48,15.25,2.024,106.6,689.9,41.33,7.846,1.163,346.1,96,308.4,583.6,740.4,30.48,0.09214,230.1,0.3466,0.9661,0.8372,0.4136,0.9576,0.2375,0.2275,0.8461,0.1486,537.8,532.4,42.28,0.526,367.8,3.053,369.8,0.5203
4,child15,child,88.5911,16.000,0.000,16.000,162.000,10.000,36.017,1.630,3459.000,23.740,69.800,1739,2277,220,120,11.93,1.801,0.8109,0.9784,10,0.0314,13.12,10.75,39.15,4.518,20,0.3368,22.18,20.72,8.698,1.655,0.4486,1013,415.6,3.588,287.4,1.195,0.8476,31.79,68.74,14.46,2.402,97.91,739.8,46.31,7.902,1.105,359,100,295.4,577.6,843,28.56,0.1089,224.7,0.4361,0.7852,0.9578,0.4458,0.9727,0.2589,0.3017,0.9008,0.1258,511.6,775.4,29.99,0.4844,455.1,3.449,363.7,0.3938
5,parent,parent,162.0802,26.000,1.000,25.000,241.000,32.000,198.450,1.504,3449.000,30.740,69.767,1798,2796,209,120,9.982,1.864,0.7678,0.7336,10,0.02955,15.86,11.13,29.87,3.925,14.79,0.2635,25.03,23.81,6.824,1.967,0.4223,1412,396.5,4.611,263.9,1.205,0.9353,39.81,74.44,17.49,2.765,119.4,900,37.94,6.177,1.371,390.8,76.09,270.6,663.6,716.9,33.58,0.1107,221.2,0.322,1,0.9145,0.3665,1,0.2694,0.2239,0.8273,0.1739,571.9,723.2,46.97,0.5938,391.8,3.844,313.6,0.4734
5,child0,child,97.7894,21.000,0.000,21.000,157.000,14.000,17.050,2.283,3896.000,26.113,64.217,1622,2800,217.8,120,9.175,1.731,0.6991,0.7064,10.94,0.03408,14.06,11.89,29.5,3.543,16.12,0.2248,17.68,28.09,5.986,1.655,0.4579,1223,404.8,4.54,286.2,1.081,1.036,40.42,57.52,14.96,2.672,108.1,820.9,35.51,6.326,1.58,324.8,73.51,242.9,741.2,639.2,29.71,0.1002,210.7,0.3327,0.9624,0.7959,0.3526,1,0.2234,0.2037,0.7566,0.1707,496.1,853.6,52.98,0.4893,401.9,4,326.1,0.5311
5,child1,child,60.2276,15.000,0.000,15.000,117.000,30.000,104.017,1.291,4020.000,37.900,80.083,1873,2479,203.5,103.7,10.31,1.999,0.7823,0.7054,10.61,0.02698,13.59,10.31,30.09,4.421,13.27,0.2459,27.31,24.1,6.641,1.64,0.3961,1405,389.4,5.11,235.7,1.059,0.9992,39.21,80.71,16.9,2.809,143.2,900,30.09,5.91,1.199,350,74.96,253.1,791.4,741.3,29.33,0.1024,244.7,0.3121,0.9122,0.9556,0.3631,1,0.2694,0.248,0.8577,0.2122,571.1,813.3,43.3,0.607,368.3,4,281.7,0.6688
5,child2,child,144.9466,28.000,0.000,28.000,235.000,16.000,123.733,1.508,5352.000,35.320,59.300,2057,2800,175.5,120,9.84,1.777,0.7243,0.7725,10,0.03549,13.08,10.97,35.11,4.767,12.85,0.2144,20.09,22.74,6.548,1.683,0.4711,1406,430,4.024,245.9,1.254,0.8007,34.05,77.18,17.46,2.515,117.2,751.6,38.21,6.274,1.376,365.2,83.58,350.4,728,855.1,31.79,0.1126,209.7,0.2832,0.9129,0.853,0.3987,1,0.3132,0.2266,0.938,0.1459,464,731.7,45.88,0.5621,367.4,4,247.8,0.4872
5,child3,child,71.5706,15.000,0.000,15.000,168.000,12.000,90.050,0.780,5192.000,43.153,57.850,1612,2697,220,113.4,9.767,1.818,0.6532,0.8378,10.09,0.03183,13.2,11.86,32.38,3.618,12.66,0.2545,25.54,20.69,7.566,1.651,0.4196,1456,455.5,4.63,290.6,1.064,0.8587,42.31,98.45,15.83,3.435,110.7,819.9,39.15,6.141,1.28,338.7,79.44,285.2,788.6,801,31.8,0.09716,216.2,0.3361,0.9723,1,0.3287,0.9905,0.3431,0.2337,0.84,0.2192,583.7,606.2,45.85,0.5256,366,3.9,355.2,0.5139
5,child4,child,67.3961,12.000,2.000,10.000,140.000,27.000,229.650,0.439,3275.000,29.780,70.883,1843,2800,220,120,9.226,1.843,0.8267,0.788,10,0.02993,14.99,10.86,35.31,3.971,13.81,0.2807,24.08,24.84,7.447,2.28,0.4334,1480,383.8,5.269,251.9,1.138,0.9828,49.34,76.22,17.82,2.63,91.66,900,33.98,7.513,1.375,335.4,78.03,308.9,729.2,660,32.62,0.1241,226.4,0.3685,0.9984,0.9822,0.3969,0.8851,0.2648,0.2445,0.6824,0.1392,560.9,624.4,47.08,0.5935,336.4,3.823,309.6,0.5518
5,child5,child,62.2712,16.000,1.000,15.000,104.000,41.000,276.100,0.522,3880.000,30.667,68.450,1286,2800,182.1,120,9.216,1.832,0.808,0.6909,10.33,0.03295,14.85,14.62,36.61,3.781,14.27,0.272,28.54,21.92,6.261,2.196,0.4578,1266,408.9,4.373,246.2,1.241,0.8489,35.06,77.69,19.38,2.659,97.45,883.4,35.82,6.069,1.262,498.8,91.45,250.9,687.3,625.5,29.8,0.1273,212.1,0.3396,1,0.9231,0.3715,1,0.2168,0.2137,0.6579,0.1621,495.2,807.1,50.9,0.6082,343,3.808,295.4,0.5353
5,child6,child,109.6096,27.000,2.000,25.000,182.000,0.000,-66.183,1.342,4728.000,27.093,57.483,1617,2656,220,120,8.222,1.702,0.8234,0.7185,10,0.0223,17.49,10.68,29.16,4.055,14.37,0.2472,30.98,26.73,4.932,2.014,0.48,1417,294,4.882,244.4,1.014,0.888,40.78,68.01,17.79,3.091,118.2,828.5,40.56,6.2,1.698,397.7,82.73,302.7,637.8,780.6,31.93,0.08895,217.7,0.3414,0.9163,0.999,0.3253,1,0.3059,0.2049,0.98,0.1863,679.1,786.5,37.1,0.7513,360.6,3.551,339.1,0.4457
5,child7,child,51.4068,12.000,1.000,11.000,99.000,47.000,199.017,0.520,3571.000,30.933,59.300,1617,2781,220,108.8,11.08,1.819,0.7854,0.8779,10.97,0.02639,16.57,10.62,29.08,3.435,14.12,0.2788,26.67,23.31,7.919,2.136,0.4032,1305,354.1,5.089,225,1.238,0.8495,39.76,80.57,18.92,2.991,110.5,776.2,38.86,4.885,1.253,354,62.1,249.2,689.1,687.9,39.44,0.1031,271.4,0.3445,1,0.7715,0.337,1,0.24,0.1849,0.8315,0.1894,551.1,655.1,40.72,0.6028,378.3,4,399.5,0.3942
5,child8,child,30.7098,15.000,2.000,13.000,83.000,-37.000,-70.250,1.992,3409.000,22.380,56.533,1832,1922,220,120,8.388,1.692,0.7878,0.7078,10.24,0.02685,15.64,12.94,24.12,4.251,14.06,0.2507,21.6,24.02,6.336,1.96,0.4946,1411,389.3,4.286,293.2,1.277,0.8994,30.95,75.38,17.25,2.693,153.2,900,49.16,7.871,1.526,321.9,82.54,281.2,707.6,674.3,39.26,0.09929,217.8,0.292,0.8553,1,0.3731,1,0.2732,0.2038,0.8836,0.1848,548.6,778.5,51.42,0.6408,379.2,4,278.1,0.5104
5,child9,child,118.9146,22.000,2.000,20.000,212.000,17.000,160.133,1.370,4555.000,28.533,59.700,1591,2705,206.9,120,8.901,1.744,0.6334,0.7355,10.01,0.02718,14.37,10.49,29.23,3.85,15.07,0.2451,26.94,18.74,6.195,2.002,0.4884,1576,436.1,4.024,295.7,1.225,0.8371,36.52,68.4,19.41,2.424,132.8,715.1,39.91,6.592,1.324,388.7,87.77,266.4,578.2,765.3,33.42,0.09879,230.4,0.3292,1,0.9617,0.367,0.9528,0.318,0.2283,0.9875,0.1506,433.4,762.6,47.76,0.6642,392.8,4,342.6,0.4414
5,child10,child,122.0669,22.000,0.000,22.000,205.000,7.000,28.567,1.101,4042.000,28.033,57.317,1946,2800,215.4,119.3,9.492,1.808,0.6927,0.8216,10,0.03314,16.28,10.09,24.48,4.327,15.65,0.2665,24.23,23.97,6.183,1.887,0.4191,1459,423.9,4.589,374,1.26,0.9639,53.54,73.66,19.62,3.01,138.5,873.7,41.3,5.554,1.49,536.8,84.06,199.3,626,716.1,30.85,0.1146,196.4,0.2681,0.8808,0.8667,0.3385,0.9017,0.2189,0.2197,0.75,0.2192,600.7,570.5,48.74,0.6577,505.1,3.531,321,0.5755
5,child11,child,94.8443,17.000,1.000,16.000,167.000,36.000,261.700,0.628,3987.000,33.453,61.883,1913,2800,213.1,120,11.44,1.715,0.779,0.7702,10,0.02738,13.16,11.04,21.08,3.45,14.59,0.2509,29.55,23,7.145,1.471,0.4145,1585,431.2,4.74,259.1,1.201,0.8531,35.06,92.4,18.92,2.574,131.4,900,44.17,7.1,1.542,464.6,65.06,317.8,758.5,789.5,38.88,0.1141,203.1,0.3804,1,0.7529,0.3038,1,0.2662,0.2402,0.6975,0.1294,630,529.4,39.75,0.6618,338.6,3.527,290.2,0.5042
5,child12,child,62.9454,15.000,1.000,14.000,134.000,-3.000,-19.400,1.097,3691.000,24.733,62.317,1772,2786,202.4,107.7,11.11,2,0.7321,0.6779,10.63,0.02456,15.59,11.4,34.04,3.767,18.93,0.2707,24.38,24.12,8.663,2.005,0.4706,1399,421.5,4.334,321,1.195,1.03,50.25,66.96,13.73,3.158,109.5,856.7,36.02,8.403,1.455,399.9,87.45,320.6,703,771.6,34.38,0.1078,262.3,0.2555,1,0.8955,0.4297,1,0.229,0.2157,0.9056,0.1709,535.1,828.5,52.19,0.6349,438.7,4,400,0.4759
5,child13,child,112.6504,21.000,1.000,20.000,171.000,55.000,250.900,1.635,4056.000,31.267,59.983,2017,2800,213.4,111.5,11.29,1.86,0.6103,0.7997,10,0.02503,14.74,7.65,25.1,4.137,14.27,0.2579,26.26,18.16,6.487,1.915,0.3951,1302,385.7,4.248,252.8,1.292,0.8858,38.81,76.79,19.39,2.623,132.3,844.5,39.45,6.073,1.543,390.2,82.32,271.7,713,782.6,34.04,0.13,181.1,0.313,1,0.7898,0.3939,0.8065,0.261,0.1455,0.89,0.155,580.2,930.3,48.1,0.4986,379.7,3.616,232,0.5641
5,child14,child,42.6916,15.000,2.000,13.000,87.000,38.000,195.567,0.870,4051.000,35.133,77.317,1481,2553,162.8,117.1,9.259,2,0.7275,0.7019,10,0.03193,18.4,12.65,29.22,4.807,14.54,0.2877,26.87,24.78,6.224,2.18,0.4288,1373,405.4,4.815,275.2,1.018,0.8498,39.07,86.33,15.6,2.613,120.7,900,39.16,6.562,1.209,333.3,70.33,221.6,622.8,738.3,44.9,0.1024,177.4,0.36,0.8939,0.794,0.3989,1,0.2785,0.2204,0.739,0.1855,464.8,756.9,45.63,0.5731,373.5,4,255.5,0.3565
5,child15,child,141.0516,28.000,1.000,27.000,229.000,17.000,170.650,1.410,5356.000,31.413,52.650,2200,2800,201.1,117.1,11.63,1.915,0.7266,0.6241,10,0.02891,15.26,9.317,31.85,4,15.99,0.296,23.72,22.23,5.992,1.775,0.4303,1404,379.8,3.855,315.5,1.141,1.09,35.93,64.76,16.92,2.69,115.2,900,32.19,5.253,1.266,353.3,84.07,310.8,664.2,710.2,28.28,0.1153,217.6,0.3116,1,0.8593,0.3654,1,0.3263,0.2352,1,0.1657,615.6,776.1,44.3,0.6729,503.5,3.656,368,0.4937
6,parent,parent,149.3648,23.000,0.000,23.000,218.000,38.000,237.750,1.029,3224.000,31.013,61.633,1798,2796,209,120,9.982,1.864,0.7678,0.7336,10,0.02955,15.86,11.13,29.87,3.925,14.79,0.2635,25.03,23.81,6.824,1.967,0.4223,1412,396.5,4.611,263.9,1.205,0.9353,39.81,74.44,17.49,2.765,119.4,900,37.94,6.177,1.371,390.8,76.09,270.6,663.6,716.9,33.58,0.1107,221.2,0.322,1,0.9145,0.3665,1,0.2694,0.2239,0.8273,0.1739,571.9,723.2,46.97,0.5938,391.8,3.844,313.6,0.4734
6,child0,child,40.2726,13.000,1.000,12.000,100.000,-4.000,-43.517,1.992,3733.000,23.767,53.467,1426,2800,193.3,120,11.25,1.875,0.861,0.7226,10,0.02526,15.4,11.34,28.9,3.602,12.91,0.2674,22.03,25.14,6.026,1.607,0.3862,1301,392.3,5.103,319.7,1.101,0.7268,46.43,58.62,21.1,2.453,104.9,900,31.24,6.014,1.615,423.1,78.12,258.2,676.9,681.5,38.05,0.09451,221.9,0.2936,1,0.976,0.4029,1,0.31,0.1996,0.7857,0.2148,583.4,665.9,37.05,0.707,392.3,4,353.8,0.446
6,child1,child,135.4873,25.000,0.000,25.000,207.000,27.000,247.467,1.068,4487.000,29.993,60.267,1836,2719,204.4,120,11.05,1.913,0.7319,0.6801,10,0.03051,15.43,11.76,27.23,4.116,14.28,0.2653,24.53,21.19,7.5,2.105,0.4076,1935,376.7,3.88,302.9,1.563,0.8827,40.73,72.21,16.9,2.557,106.8,900,34.16,5.501,1.207,332.4,66.88,252.7,655,757.8,29.43,0.1226,204.6,0.3936,0.9559,0.8677,0.3797,1,0.2427,0.2049,0.5868,0.1755,705.9,569.1,49.29,0.5076,385.3,4,328.5,0.4109
6,child2,child,107.1059,19.000,0.000,19.000,174.000,39.000,278.650,1.660,4088.000,31.573,70.600,1795,2382,220,120,9.888,2,0.8679,0.6227,12.01,0.02962,17.25,12.62,29.12,4.353,17.57,0.2502,27.56,26.27,6.863,2.427,0.4791,1445,356.2,4.342,236.1,1.013,0.9849,31.85,72.33,23.53,2.915,128.1,819.1,31.17,6.183,0.9628,309.2,61.55,283.7,810.5,657.5,32.87,0.09963,181.1,0.3592,0.8681,0.7796,0.3405,1,0.3168,0.2304,0.8266,0.1508,659.3,751.9,56.7,0.5952,396.5,3.988,237.9,0.4169
6,child3,child,138.4496,25.000,1.000,24.000,215.000,48.000,266.650,2.176,4844.000,28.813,57.500,1365,2800,211.3,117.8,8.13,1.917,0.6287,0.7576,10,0.03236,14.11,12.52,27.26,4.36,14.19,0.2652,20.71,21.4,6.528,2.05,0.4539,1584,379.2,4.886,262.2,1.463,0.8861,36.24,60.41,16.09,3.242,136.2,788.1,43.38,6.076,1.395,466.3,79.47,237.1,776.9,679.5,28.88,0.1143,220.7,0.2991,1,1,0.3486,0.9992,0.2677,0.2542,0.7439,0.2286,589.6,832.2,44.22,0.6698,356.6,3.999,312.5,0.3527
6,child4,child,101.0139,20.000,0.000,20.000,164.000,36.000,206.200,0.308,4207.000,31.807,72.133,1626,2800,217.5,120,10.84,1.817,0.7803,0.8602,10.76,0.03016,13.1,11.84,26.65,3.875,13.82,0.2494,25.61,17.96,6.511,1.732,0.3762,1422,408.2,4.6,232.2,1.387,0.8152,38.97,72.3,14.91,1.882,118.6,763.6,30.73,5.953,1.262,388.5,85.35,297.8,740.9,836.8,32.2,0.09902,190.6,0.3765,1,0.9618,0.3375,1,0.2902,0.2188,0.8253,0.1548,483.4,649.4,49.97,0.65,404.2,3.786,255.4,0.4512
6,child5,child,81.4219,25.000,1.000,24.000,140.000,-25.000,-142.283,2.059,4532.000,28.653,55.767,1945,2800,220,120,10.44,1.69,0.7966,0.7399,10,0.03241,15.11,10.97,29.21,3.769,14.77,0.2535,23.75,22.7,5.954,2.169,0.3913,1119,492.1,4.801,299.7,1.204,0.8585,42.11,66.38,16.2,2.822,114.3,719.4,35.69,7.984,1.306,447.2,61.21,276.7,711.5,693.8,25.62,0.08913,231.1,0.2882,1,0.6481,0.4217,1,0.3137,0.2491,0.732,0.1707,630.2,636.2,33.57,0.5471,462.4,4,321.1,0.4643
6,child6,child,60.3148,16.000,2.000,14.000,119.000,18.000,161.083,1.431,3783.000,35.073,73.850,1553,2800,191.5,114.9,9.003,2,0.8108,0.599,10,0.0307,14.49,11.69,32.22,3.582,15.6,0.2541,26.78,29.58,7.171,1.655,0.445,1789,416.8,4.246,264.1,0.8534,0.9274,36.71,80.52,14.85,2.017,141.6,809.4,37.18,7.235,1.385,398.9,67.13,285.7,541,612.7,38.14,0.1012,233.7,0.3348,0.8867,1,0.3801,0.9349,0.2594,0.2131,1,0.1973,474.6,595.9,45.53,0.5407,398,3.735,359.7,0.5583
6,child7,child,110.9643,20.000,1.000,19.000,191.000,17.000,178.033,1.025,3911.000,30.953,68.033,1859,2800,194,120,11.37,2,0.7068,0.8913,10,0.03063,16.13,10.99,31.7,4.845,12.21,0.2811,19.71,23.94,6.635,1.762,0.4199,1497,371.6,4.552,292.5,1.174,1.184,45.54,75.39,20.51,2.78,135,900,38.27,5.579,1.332,337.9,79.38,282.6,552.5,783.4,32.99,0.1151,252.2,0.3868,0.8511,0.7932,0.3297,0.8704,0.2856,0.2306,0.8737,0.1674,579,654.8,46.08,0.597,502.7,3.959,350.7,0.5137
6,child8,child,179.1687,29.000,0.000,29.000,245.000,48.000,263.750,1.653,3586.000,33.427,68.300,1435,2800,143.3,113.4,8.879,2,0.813,0.6995,11.15,0.0279,15.01,13.1,32.59,2.915,15.94,0.3123,23.59,24.03,8.155,1.94,0.3715,1522,330.6,4.237,298.9,1.011,0.9603,37.22,84.82,14.73,2.719,115.5,795.8,44.06,6.141,1.229,395.3,75.75,254.3,667.4,687.5,36.43,0.09412,171.5,0.2842,1,1,0.4069,0.9706,0.2643,0.2041,0.9222,0.1811,585.5,738.7,40.15,0.4492,410.1,3.118,291.2,0.3479
6,child9,child,66.7083,14.000,2.000,12.000,153.000,19.000,153.117,1.255,4247.000,31.267,76.850,2177,2551,207,120,10.13,2,0.7761,0.7106,11.42,0.02797,17.15,9.992,28.14,3.783,12,0.272,24.22,23.38,7.073,1.881,0.4336,1762,343.9,4.48,285.8,1.146,0.9594,37.79,68.76,18.11,2.682,92.08,900,31.24,4.939,1.348,391,66.25,234.5,685.5,738,28.92,0.1146,203.2,0.2615,0.8605,0.9083,0.3077,1,0.2697,0.2063,0.8223,0.1946,625.3,732.6,48.22,0.6891,355.2,3.998,340.3,0.5319
6,child10,child,82.7809,15.000,1.000,14.000,176.000,15.000,42.467,1.076,4206.000,30.333,65.133,1657,2800,195.4,120,10.27,1.705,0.7977,0.6489,10,0.03162,14.33,10.13,27.76,3.754,11.89,0.2044,26.67,21.89,7.15,1.788,0.388,1238,439.2,4.117,207.7,1.219,0.9154,48.05,75.18,16.1,2.886,115,900,37.84,5.561,1.597,474.9,65.96,243.5,706.4,736.2,39.63,0.1182,246.6,0.3397,0.9153,0.8494,0.3927,1,0.3211,0.1959,0.6797,0.1841,547.5,733.5,44.77,0.6756,337.5,3.882,261.8,0.4794
6,child11,child,60.9881,15.000,1.000,14.000,155.000,-6.000,-122.700,0.855,4585.000,35.420,58.933,1512,2800,211.9,120,9.367,1.224,0.7552,0.9062,11.14,0.03026,18.69,10.23,30.72,3.564,14.63,0.2317,27.48,24.47,6.718,1.863,0.4987,1569,428.8,4.483,258,1.182,0.7913,43.44,79.87,15.87,3.396,115.4,900,31.7,6.285,1.32,381.6,69.69,282.7,645.7,724.8,30.74,0.09496,215.9,0.3938,0.9735,1,0.3865,0.94,0.2948,0.2369,1,0.1899,560.6,699.2,53.8,0.5686,381.5,3.921,341,0.4904
6,child12,child,31.0139,7.000,0.000,7.000,102.000,24.000,199.117,0.940,4076.000,43.933,50.850,1650,2354,210.6,108.3,9.582,1.718,0.6402,0.8606,10.88,0.0318,15.15,8.834,34.98,5.008,13.91,0.2471,24.35,24.74,6.166,2.253,0.4244,1306,418.8,4.007,222.6,1.205,0.7906,42.59,90.75,19.34,2.855,125.5,900,31.07,5.006,1.294,380.5,100,246.9,713,830.5,34.86,0.0892,194.7,0.3178,1,0.8436,0.3661,0.8318,0.2288,0.2403,0.7429,0.1408,546.1,570.4,42.3,0.5278,375.7,4,332.5,0.3394
6,child13,child,103.0132,18.000,0.000,18.000,167.000,44.000,316.750,1.016,4078.000,33.713,59.783,1822,2800,220,106,10.41,1.945,0.6784,0.7698,10.74,0.02476,14.2,11.86,27.89,3.99,11.65,0.2652,32.19,27.22,6.592,1.803,0.4287,1150,428.5,4.182,335.8,1.111,0.8453,32.23,83.35,20.22,2.867,123.8,900,39.73,6.292,1.423,388.5,78.66,219.8,640.4,822.7,32.91,0.1143,273.9,0.2766,0.868,1,0.3089,1,0.2623,0.2288,0.7135,0.163,513.4,642.9,49.8,0.6115,389,3.25,339.7,0.4773
6,child14,child,75.8099,16.000,1.000,15.000,153.000,31.000,139.767,0.672,4587.000,41.847,49.667,1766,2800,217.5,120,9.54,1.569,0.8679,0.6064,10,0.02681,18.46,11.63,26.51,4.324,12.1,0.2604,27.02,23.11,7.498,1.845,0.3181,1325,390.9,4.316,330.8,1.472,0.8302,41.98,96.03,19.66,2.764,111.3,900,34.26,8.268,1.515,309.9,91.11,278.6,655.4,758,39.12,0.09293,184.8,0.277,0.8606,0.8893,0.3904,1,0.2609,0.2151,0.6719,0.1722,636.4,867.2,49.14,0.6119,336.2,3.88,252,0.4971
6,child15,child,45.0714,18.000,4.000,14.000,114.000,-3.000,-69.083,0.574,4340.000,27.920,60.417,1787,2800,215.7,120,10.42,2,0.7515,0.6885,12.51,0.02686,15,15.19,32.22,3.75,12.64,0.2742,20.39,26.77,6.551,2.213,0.4621,1214,384.7,4.864,253.2,1.331,1.076,47.39,72.46,13.27,2.626,154.2,844.4,37.8,5.795,1.474,331.8,80.38,256.5,665.9,673.4,31.12,0.1015,229.6,0.2817,1,0.9125,0.4066,0.9571,0.2607,0.2233,0.8256,0.1857,628.2,691.2,63.13,0.5442,484,4,319,0.4615
7,parent,parent,140.0910,21.000,1.000,20.000,224.000,35.000,160.483,0.688,3435.000,32.993,48.133,1435,2800,143.3,113.4,8.879,2,0.813,0.6995,11.15,0.0279,15.01,13.1,32.59,2.915,15.94,0.3123,23.59,24.03,8.155,1.94,0.3715,1522,330.6,4.237,298.9,1.011,0.9603,37.22,84.82,14.73,2.719,115.5,795.8,44.06,6.141,1.229,395.3,75.75,254.3,667.4,687.5,36.43,0.09412,171.5,0.2842,1,1,0.4069,0.9706,0.2643,0.2041,0.9222,0.1811,585.5,738.7,40.15,0.4492,410.1,3.118,291.2,0.3479
7,child0,child,48.4103,12.000,1.000,11.000,125.000,17.000,86.550,0.587,4203.000,39.273,65.567,1297,2779,166.6,106,8.356,1.792,0.8523,0.7039,10.85,0.03378,15.85,14.85,29.88,3.301,15.54,0.2771,23.35,29.18,7.358,2.005,0.3597,1345,349.2,5.571,260.4,0.9919,0.93,39.44,101,17.48,2.809,115,697.6,49.42,5.296,1.184,446.3,67.52,292.8,580.6,679.1,31.78,0.08958,154.4,0.2815,0.9444,0.7825,0.3279,1,0.253,0.2071,0.9645,0.2004,649.2,840.7,35.19,0.4113,529.6,4,328.5,0.3871
7,child1,child,140.4636,23.000,1.000,22.000,183.000,54.000,379.533,2.843,2852.000,31.820,51.467,1288,2359,169.3,117.4,7.245,1.817,0.7634,0.7977,10.63,0.02575,15.35,12.84,31.82,2.777,17.65,0.2921,27.82,20.25,9.191,2.053,0.3811,1595,255.1,4.852,334.5,1.076,0.8569,26.95,81.12,12.19,2.473,117.3,659.3,41.18,6.179,1.307,388.8,68.03,269.4,615.9,576.8,31.75,0.08771,160.3,0.243,0.8242,1,0.486,1,0.2883,0.24,0.855,0.2074,560.3,709.3,40.25,0.5222,364.7,3.395,280.1,0.3232
7,child2,child,109.9243,21.000,0.000,21.000,160.000,25.000,175.700,1.363,3206.000,34.613,67.500,1729,2800,143.6,95.66,7.641,1.745,0.8125,0.6691,10,0.0253,16.75,12.84,30.04,3.366,15.35,0.3094,25.09,25.78,9.544,2.334,0.3214,1615,289.9,3.631,283,1.137,0.771,36.53,86.76,11.7,2.678,109.5,900,38.89,6.691,1.226,470,77.91,232.9,585.1,772.9,36.11,0.09753,184,0.2476,0.8448,1,0.4094,0.8269,0.2909,0.1726,0.8945,0.1866,523.5,782.4,41.3,0.4432,438.1,3.423,271.9,0.3147
7,child3,child,105.6879,22.000,0.000,22.000,166.000,19.000,82.167,2.392,4161.000,26.147,57.267,1568,2800,168.3,112,8.195,2,0.8194,0.7033,12.63,0.03111,14.93,11.09,31.1,3.592,19.77,0.2838,18.79,21.59,7.047,1.792,0.4646,1413,280.5,3.38,302.2,1.116,0.9257,34.05,66.68,14.64,2.86,134.2,677.1,43.37,6.526,1.297,354,80.84,296.3,579.4,709.2,42.03,0.1018,137.7,0.3245,0.8837,0.9525,0.3758,1,0.2648,0.1935,0.8435,0.1614,538.5,741.9,34.71,0.4583,466.4,2.852,288.5,0.3309
7,child4,child,107.2043,15.000,0.000,15.000,214.000,31.000,163.217,1.463,4432.000,32.500,74.217,1447,2800,162.3,120,7.758,2,0.6755,0.7695,14.48,0.02768,15.86,12.27,33.44,2.478,15.68,0.3051,22.86,22.48,9.371,2.026,0.4537,1339,362.9,3.321,322.9,0.9413,0.9148,41.51,84.3,13.55,2.201,121.6,828.8,40.76,6.472,1.102,387.3,67.73,316.8,708.7,808,36.86,0.08369,189.9,0.2507,1,1,0.4122,0.9786,0.2818,0.2379,1,0.2026,468,723.4,44.81,0.508,466.2,3.651,307.8,0.3696
7,child5,child,86.5253,18.000,1.000,17.000,184.000,-7.000,-37.400,0.903,4506.000,27.313,69.867,1687,2800,148.7,112,8.098,2,1.06,0.7284,11.85,0.02691,14.92,12.57,26.27,2.737,18.11,0.3191,25.66,23.25,8.786,2.253,0.4124,1562,288,4.532,317.1,1.118,1.148,34.28,81,16.69,2.745,116.7,841.1,50.49,4.51,1.382,376.4,87.51,269.3,636.5,710.8,35.67,0.1061,150.7,0.2784,0.8878,1,0.322,1,0.3223,0.2054,0.8908,0.1985,578.9,826.2,45.44,0.519,411.5,3.178,315.2,0.3675
7,child6,child,157.8283,24.000,0.000,24.000,252.000,54.000,184.833,1.866,4703.000,34.547,51.167,1541,2800,127.9,120,7.89,1.646,0.7517,0.812,10,0.02835,14.27,12.99,44.65,2.63,15.58,0.359,25.83,23.9,7.699,1.607,0.3537,1702,341.4,3.736,308.8,0.9597,1,44.25,92.1,14.8,2.6,106.1,837.2,48.44,6.46,1.324,346.7,93.47,248.8,623.2,652.8,32.68,0.111,156.9,0.2959,0.8274,0.9966,0.4436,0.7731,0.2902,0.1721,1,0.1752,610.2,676.2,32.37,0.4751,431.9,2.868,320.2,0.3104
7,child7,child,125.2340,17.000,2.000,15.000,217.000,31.000,308.150,0.661,3055.000,30.160,73.933,1486,2800,119.2,120,9.785,2,0.9056,0.5603,12.66,0.02514,16.15,13.18,32.23,2.337,15.25,0.3194,23.12,30.94,7.742,1.881,0.3402,1360,333.4,4.469,263,1.085,0.7374,49.03,83.52,13.04,3.012,124.6,709.7,43.76,6.73,0.9917,399.4,62.59,278.5,566.9,779.9,41.18,0.09087,217.7,0.2339,1,0.9576,0.4088,0.8073,0.2508,0.1693,1,0.2276,561.2,631.9,38.11,0.4253,404.5,3.002,277.4,0.2897
7,child8,child,108.3327,21.000,1.000,20.000,190.000,26.000,111.283,1.743,4591.000,31.613,58.933,1381,2691,158.9,116.6,7.757,2,0.7917,0.6518,11.95,0.0287,18.12,11.29,45.14,3.395,16.28,0.3017,26.62,28.17,7.854,1.71,0.2964,1326,302.3,3.43,242.7,1.039,0.9078,35.64,87.49,13.98,2.737,123.3,900,46.78,7.286,1.406,376.3,79.16,301.8,688.9,731.2,38.49,0.08068,156,0.3396,1,0.9827,0.3211,1,0.2791,0.2695,1,0.1945,526.8,710.4,39.97,0.4351,361.3,3.045,327,0.3914
7,child9,child,97.2690,18.000,0.000,18.000,179.000,7.000,16.850,2.179,4045.000,25.507,60.567,1585,2588,181.1,111.7,8.72,1.894,0.9029,0.7542,13.47,0.0253,13.25,13.67,32.16,3.45,13.9,0.3252,17.88,22.98,9.553,1.99,0.3238,1531,284,3.712,371.4,1.093,0.8808,38.8,81.3,15.18,2.589,111.6,849.2,58.03,6.573,1.234,379.2,76.22,254.4,720,713.8,30.1,0.08545,182.5,0.3448,1,1,0.407,0.9697,0.2899,0.2199,0.8517,0.1748,636.5,732.6,34.19,0.5113,398.7,3.24,248.1,0.3354
7,child10,child,60.8874,16.000,1.000,15.000,112.000,23.000,160.767,0.782,3867.000,33.973,62.517,1549,2633,158.2,120,8.613,1.907,1.084,0.7026,10.54,0.02874,13.96,9.171,33.28,3.298,18.66,0.3138,25.71,24.05,8.527,2.222,0.3835,1533,361,4.479,346.1,1.228,0.924,43.76,94.55,18.33,2.741,133.6,643.4,49.57,5.198,0.9134,326.9,69.84,261.4,656.5,683.3,38.9,0.0898,181.6,0.2925,1,0.9778,0.3355,1,0.2268,0.2386,1,0.222,507.7,625.9,38.49,0.3774,383.6,3.09,296.9,0.3924
7,child11,child,82.4721,17.000,2.000,15.000,170.000,1.000,-5.300,2.052,4045.000,26.347,55.633,1608,2561,204.4,97.35,9.924,2,0.8268,0.6022,13.88,0.02985,12.24,12.38,32.31,2.556,15.16,0.3217,18.22,23.92,8.564,2.161,0.3859,1506,384.3,4.042,329.4,0.9059,0.7581,34.92,79.01,13.44,2.534,144,725.8,43.79,6.679,1.406,376,65.38,267.5,600.6,531.2,41.49,0.09714,192.4,0.3042,0.8904,1,0.3786,0.898,0.2274,0.2088,0.8913,0.187,582.1,639.8,48.3,0.3884,409.2,3.02,312.7,0.356
7,child12,child,49.0290,14.000,0.000,14.000,93.000,32.000,174.700,1.442,3759.000,30.560,94.400,1143,2800,104.3,109.4,9.51,1.843,0.9776,0.5347,10,0.02762,15.5,14.81,28.64,2.668,15.9,0.392,21.1,19.08,7.345,2.065,0.399,1571,322.9,4.404,257.6,1.111,0.9589,34.41,79.19,17.12,2.86,116.5,829.5,36.31,6.106,1.218,394.3,70.45,233.5,583,728.5,36.41,0.1052,190.4,0.3127,0.9078,0.7843,0.4234,0.9571,0.2624,0.206,0.8357,0.1537,582.3,772.9,43.55,0.423,449.7,3.444,319.4,0.3631
7,child13,child,36.9374,14.000,1.000,13.000,114.000,11.000,41.550,0.772,5000.000,46.327,78.467,1129,2800,161.1,120,8.164,1.972,0.9099,0.6069,11.84,0.02434,13.06,12.47,28.27,2.973,15.15,0.3163,18.48,26.72,8.586,2.148,0.3197,1805,315.5,4.522,257.4,0.9254,0.8789,47.05,107.7,13.09,3.524,93.65,769,44.96,8.157,1.049,458,80.44,258,657.8,675.1,39.89,0.09311,189.1,0.2916,1,1,0.4147,1,0.2643,0.1941,0.9904,0.1654,506.9,591,37.11,0.4723,408.7,2.755,319.5,0.5182
7,child14,child,133.5782,30.000,0.000,30.000,192.000,28.000,173.933,1.456,5280.000,35.400,58.883,1247,2800,165,120,10.05,2,0.9158,0.7965,11.74,0.02964,17.02,14.26,32.97,3.361,16.09,0.3112,19.78,26.38,8.108,1.435,0.3098,1474,384.9,3.499,316.1,1.084,0.8452,30.42,80.77,16.5,2.747,142.8,898.7,33.85,6.232,1.328,393.4,54.65,232.4,579.2,585.1,41.88,0.08167,172.4,0.3115,0.8759,1,0.4155,1,0.2491,0.1865,0.9133,0.1783,574,828.8,43.94,0.3437,434.8,2.98,270.9,0.3288
7,child15,child,59.3354,13.000,0.000,13.000,94.000,4.000,-34.300,2.152,2005.000,26.293,51.750,1434,2279,160.6,100.3,7.514,2,0.8653,0.7017,10,0.02942,14.09,12.52,28.11,3.358,15.4,0.3924,20.49,24.24,7.619,1.932,0.4492,1745,323.2,5.372,300.3,0.9893,0.9009,32.99,77.38,15.68,2.399,135.4,653,38.13,5.956,0.9986,432.7,83.68,221.6,646,691.7,31.26,0.09729,138.1,0.2563,0.9618,1,0.3865,0.9654,0.3021,0.2509,0.8845,0.1568,618.9,658.1,41.91,0.4374,426.4,3.244,277.1,0.3917
8,parent,parent,130.5446,23.000,1.000,22.000,201.000,44.000,281.767,2.146,4215.000,34.353,58.783,1541,2800,127.9,120,7.89,1.646,0.7517,0.812,10,0.02835,14.27,12.99,44.65,2.63,15.58,0.359,25.83,23.9,7.699,1.607,0.3537,1702,341.4,3.736,308.8,0.9597,1,44.25,92.1,14.8,2.6,106.1,837.2,48.44,6.46,1.324,346.7,93.47,248.8,623.2,652.8,32.68,0.111,156.9,0.2959,0.8274,0.9966,0.4436,0.7731,0.2902,0.1721,1,0.1752,610.2,676.2,32.37,0.4751,431.9,2.868,320.2,0.3104
8,child0,child,112.9441,15.000,0.000,15.000,234.000,-3.000,-28.533,1.460,3864.000,26.353,73.400,1872,2800,128.3,120,8.503,1.467,0.8565,0.8355,10.08,0.02401,13.22,11.52,43.96,2.568,15.64,0.2848,18.45,28.72,7.09,1.723,0.3475,2000,290.7,4.148,218.8,0.9609,1.133,40.9,79.33,14.54,2.52,112,735.3,49.45,5.58,1.083,402.8,97.96,256.7,495.5,619.7,25.81,0.115,178,0.2892,0.8169,0.9676,0.5448,0.7043,0.2435,0.1616,0.9155,0.196,531.3,713.7,42.04,0.4493,469.7,3.027,326.8,0.2618
8,child1,child,125.7277,24.000,1.000,23.000,195.000,38.000,176.050,0.652,4364.000,27.293,58.500,1394,2800,151,120,6.237,1.771,0.6943,0.7716,11.09,0.02481,16.82,14.63,50,2.733,15.97,0.3021,26.39,23.12,6.96,1.218,0.3366,1702,306.7,3.849,344.2,0.9041,0.9874,55.55,73.59,12.25,2.709,106.7,833.4,46.8,7.243,1.292,357.3,73.05,335.2,659.8,672.6,34.69,0.1142,177,0.2591,0.8012,0.9693,0.4236,0.7969,0.3434,0.1466,0.8776,0.1815,560.9,636.9,36.66,0.4135,394.4,2.989,314.5,0.2621
8,child2,child,77.8641,17.000,3.000,14.000,144.000,42.000,259.033,1.304,4191.000,30.267,54.317,1740,2800,181.5,120,8.415,1.359,0.746,0.7865,10,0.03384,12.96,14.04,50,2.401,14.49,0.4149,25.17,19.73,6.476,1.457,0.323,1644,413.8,4.138,319.7,0.9173,0.9461,42.51,89.35,14.58,2.309,108.1,900,49.22,7.154,1.137,356.9,89.13,211.8,656.8,688.3,28.07,0.1279,174.6,0.2412,0.8603,1,0.4684,0.8449,0.2789,0.1597,1,0.1822,669.8,660,31.07,0.534,425.9,3.148,267.1,0.342
8,child3,child,84.4356,19.000,2.000,17.000,134.000,50.000,262.283,1.438,3912.000,33.660,70.433,1877,2514,120.3,120,7.941,1.403,0.6456,0.7558,10,0.02713,14.41,14.44,50,2.379,16.81,0.3415,22.65,24.8,6.176,1.608,0.3493,2000,378.8,4.114,351.5,1.203,0.9691,36.5,93.43,15.72,2.56,127.3,783.3,48.93,5.281,1.358,341.3,97.1,250.8,685,700.2,32.55,0.118,158.6,0.2626,0.8084,1,0.521,0.7,0.2598,0.1783,0.9279,0.1566,699.1,614.1,32.1,0.4799,399.5,3.053,319.6,0.2581
8,child4,child,166.3371,26.000,0.000,26.000,266.000,47.000,227.250,1.330,4917.000,27.080,73.950,1321,2800,143.2,120,9.358,1.747,0.7675,0.7036,10.51,0.02429,13.83,11.73,43.83,2.359,15.51,0.3238,24.97,23.1,8.208,1.836,0.3725,1754,278.6,3.806,344.3,1.078,0.9305,42.02,79.92,12.92,3.081,122.5,885.1,53.86,7.183,1.609,323.8,100,209.2,623.5,591.9,28.16,0.1033,156.7,0.3046,0.7776,1,0.5416,0.8642,0.2847,0.1877,1,0.1761,596.2,793.1,33.54,0.3693,395.3,2.741,311.8,0.2828
8,child5,child,50.2758,19.000,2.000,17.000,108.000,22.000,121.050,0.739,4798.000,43.247,96.100,1595,2800,128.2,111.8,10.08,1.519,0.8525,0.8413,10,0.02138,16.98,13.66,39.1,2.3,13.31,0.361,25.31,22.31,7.794,1.712,0.3591,1894,313.3,4.117,249.6,0.9889,0.9393,42.91,101.4,12.16,2.457,103,709.1,45.34,7.156,1.101,329.9,94.32,288.7,566.6,707.8,26.32,0.1051,171.2,0.2945,0.8165,1,0.3993,0.7364,0.3476,0.1914,1,0.2175,709.5,655.2,32.08,0.4912,513.7,3.424,315,0.2725
8,child6,child,160.9324,24.000,1.000,23.000,236.000,41.000,250.817,1.290,3169.000,35.173,47.217,1837,2659,111.2,120,9.943,1.7,0.7591,0.9849,10.69,0.03098,12.79,13.1,39.67,3.058,16.09,0.3632,23.56,24.72,8.22,1.834,0.3916,1480,301.6,4.783,289.8,0.9628,0.9018,48.25,87.87,15.89,2.835,103.8,900,48.78,6.936,1.156,273.1,96.71,176.5,569.9,608.6,30.81,0.0975,216.7,0.3636,0.8588,0.833,0.4439,0.7821,0.2947,0.1783,0.9461,0.1932,567.3,640.8,37.75,0.575,377.7,3.98,289.8,0.36
8,child7,child,97.8869,22.000,0.000,22.000,140.000,16.000,127.933,1.026,3658.000,21.013,57.033,1554,2538,126.2,120,8.172,1.804,0.6494,0.8208,10.12,0.02348,14.93,12.39,38.52,2.27,16.71,0.3813,23.48,28.52,9.249,1.851,0.3305,1644,289,3,365.6,0.8394,1.007,39.69,82.91,16.25,2.798,99.37,849.3,68.74,6.488,1.55,343,77.92,264.8,584.9,586.7,33.51,0.1031,131.5,0.2275,0.7015,1,0.4575,0.7424,0.2957,0.1497,0.9494,0.1903,587.6,752.1,35.28,0.4038,486.8,2.886,296.2,0.2987
8,child8,child,59.5366,9.000,1.000,8.000,130.000,35.000,201.467,0.969,3218.000,30.373,57.600,1455,2800,116.5,120,7.517,1.708,0.8084,0.7721,10,0.02675,15.76,14.91,45.45,2.414,15,0.3987,25.56,30.13,9.366,1.717,0.4215,1844,389.9,4.015,362,1.174,0.8868,36.5,90.6,18.81,2.27,92.43,844.2,45.4,6.556,1.312,312.2,92.45,255.8,616,563.4,35.62,0.1159,141.1,0.3346,0.889,1,0.4038,0.8415,0.2768,0.1529,0.9421,0.1694,451.2,688.5,31.3,0.4566,485.9,2.709,400,0.3238
8,child9,child,67.3130,16.000,2.000,14.000,137.000,11.000,72.617,1.011,3807.000,29.613,63.133,1812,2800,140.4,120,7.385,1.775,0.7934,1.02,10,0.03161,15.08,12.15,47.59,2.398,14.62,0.4476,29.88,22.32,7.99,1.842,0.3969,1560,351.8,4.525,354.9,0.9394,0.8501,43.64,79.88,14.13,2.564,111,712.7,42.91,9.147,1.217,316.7,93.25,240.8,654.5,621.2,37.82,0.1284,188.8,0.347,0.7381,0.926,0.4605,0.8834,0.3118,0.1545,0.9294,0.2039,745.4,702.2,38.38,0.5306,390.6,2.993,330.4,0.3839
8,child10,child,143.0163,24.000,0.000,24.000,243.000,28.000,241.100,1.689,5142.000,35.253,68.050,1756,2732,134.1,120,7.458,1.793,0.6952,1.005,10,0.02394,14.73,11.74,32.63,2.605,15.47,0.2874,23.26,22.41,8.651,1.66,0.4059,1731,373.4,3.757,343.3,0.8893,0.8168,38.15,83.39,15.91,3.071,106.9,900,39.94,6.604,1.476,421.8,80.09,222.4,619.9,693.5,31.85,0.115,228.7,0.2651,0.7882,0.8825,0.4126,0.7428,0.2287,0.1814,1,0.1606,568.1,782.4,30.51,0.4566,387.1,3.044,379.5,0.3246
8,child11,child,120.7904,26.000,1.000,25.000,187.000,30.000,157.400,2.364,4785.000,33.960,67.933,1353,2765,117.9,94.87,7.671,1.348,0.8486,0.8802,11.31,0.03224,13.5,12.53,50,2.923,17.78,0.3655,29.41,20.34,7.189,1.324,0.3453,1889,329.5,3.618,321,1.005,0.961,55.8,93.55,14.23,2.696,126,847.8,48.64,5.748,1.582,322.7,90.34,227.6,682.8,707,24.92,0.1141,181.4,0.2902,0.6632,0.9491,0.5062,0.7227,0.2735,0.1796,1,0.1598,691.3,629.6,42.83,0.4714,355.9,2.695,293.6,0.3109
8,child12,child,147.7012,30.000,0.000,30.000,226.000,7.000,76.600,1.056,5071.000,29.773,50.717,1513,2800,131.5,120,8.259,1.528,0.6821,0.7828,10,0.02472,14.5,11.89,46.55,2.374,16.13,0.284,22.19,24.93,8.352,1.938,0.3399,1854,372.6,3.684,300.6,0.8403,0.9011,40.86,87.91,15.01,2.668,86.53,784.1,61.11,4.99,1.13,342,88.26,257.7,594.3,675.5,35.82,0.1289,164.7,0.3238,0.9299,0.705,0.422,0.7202,0.2875,0.1717,1,0.2259,546.4,602.3,39.07,0.5493,441.5,2.849,294.2,0.3652
8,child13,child,60.7478,13.000,2.000,11.000,140.000,19.000,76.300,2.188,3885.000,28.687,69.533,1624,2800,147.3,86.98,6.476,1.838,0.6259,0.9221,10,0.02692,12.25,10.3,50,2.261,16.29,0.4479,23.93,24.47,7.044,1.705,0.404,1526,388,4.4,360.3,0.888,0.9294,57.44,94.49,13.45,3.442,106.8,760.3,54.35,7.23,1.246,418.7,83.57,239,692.3,701.1,30.35,0.1302,177.2,0.2908,0.6424,1,0.3885,0.9063,0.2963,0.1658,1,0.2452,729.8,590.7,30.44,0.4326,369.4,3.016,287.7,0.3044
8,child14,child,107.9709,19.000,0.000,19.000,173.000,47.000,303.600,0.969,4003.000,34.073,80.483,1464,2728,116.2,114.5,8.29,1.412,0.9114,0.6991,10,0.02406,19.03,13.8,45.57,2.573,16.58,0.3422,17.05,19.16,7.886,1.373,0.3614,1540,299.1,4.173,341.7,0.8704,1.167,42.39,98.87,15.62,2.625,92.8,838.7,51.66,6.569,1.252,318.9,100,293.5,546.8,667.3,39.74,0.1337,144,0.3636,0.9013,0.8536,0.468,0.7,0.3011,0.1745,0.8697,0.1465,684.3,612,32.95,0.5211,435,2.962,298.6,0.2522
8,child15,child,111.8648,24.000,0.000,24.000,173.000,48.000,256.833,2.056,5162.000,42.333,65.467,1518,2800,130.4,107.8,7.981,1.555,0.7362,0.7372,12.78,0.02667,13.66,10.58,42.14,2.247,12.91,0.3301,21.33,28.9,8.213,1.57,0.3619,1798,417.2,3.095,243,0.9563,1.126,42.63,107.4,16.33,2.275,113.9,798,48.37,6.032,1.176,301.5,86.82,225.4,537.6,764.9,30.17,0.1195,183.6,0.3625,0.7743,0.9213,0.3933,0.7251,0.3341,0.1983,0.8906,0.1699,834.8,637.1,28.95,0.4254,519.9,3.168,274.5,0.3141
9,parent,parent,153.4042,28.000,0.000,28.000,235.000,21.000,209.817,1.096,4925.000,28.533,49.367,1321,2800,143.2,120,9.358,1.747,0.7675,0.7036,10.51,0.02429,13.83,11.73,43.83,2.359,15.51,0.3238,24.97,23.1,8.208,1.836,0.3725,1754,278.6,3.806,344.3,1.078,0.9305,42.02,79.92,12.92,3.081,122.5,885.1,53.86,7.183,1.609,323.8,100,209.2,623.5,591.9,28.16,0.1033,156.7,0.3046,0.7776,1,0.5416,0.8642,0.2847,0.1877,1,0.1761,596.2,793.1,33.54,0.3693,395.3,2.741,311.8,0.2828
9,child0,child,12.6163,6.000,2.000,4.000,48.000,17.000,119.900,-0.724,2261.000,13.647,48.450,1176,2787,130.9,105.4,9.015,2,0.8317,0.8061,10.16,0.02013,14.68,11.13,49.11,3.164,13.98,0.3878,27.33,25.74,9.282,1.796,0.3501,1749,251.6,3.579,349.6,0.9585,0.9477,46.25,70.27,11.39,3.476,120.8,786.7,69.29,9.298,1.48,316,86.68,230.4,710.6,693.3,26.1,0.1253,167.9,0.2896,0.7268,0.8742,0.4933,0.9165,0.3166,0.2162,1,0.1877,662.3,627.1,35.32,0.4088,351.7,2.606,281.1,0.3006
9,child1,child,125.9707,24.000,0.000,24.000,186.000,35.000,218.167,2.375,4350.000,26.720,54.083,1168,2800,163.1,108.3,9.387,1.791,0.9908,0.8237,11.61,0.02746,14.77,11.91,40.57,2.405,18.83,0.3069,29.77,25.08,8.088,1.645,0.382,1900,266.6,3.858,309.1,1.093,1.195,45.14,92.95,12.55,3.063,113.7,900,57.85,7.052,1.203,287.2,100,261.4,608.2,557.6,33.58,0.09291,163,0.278,0.7707,0.8643,0.5244,0.7156,0.3096,0.1809,1,0.2422,627.4,688.9,34.94,0.2936,347.4,2.699,400,0.2328
9,child2,child,85.7722,22.000,0.000,22.000,136.000,0.000,-10.950,1.216,3923.000,26.800,67.067,1297,2558,143.5,120,9.374,1.743,0.7678,0.8037,10.24,0.02958,14.97,10.19,50,2.18,17.68,0.3326,24.24,22.16,9.031,1.821,0.3752,1899,265.5,3.809,344.7,1.28,1.038,44.95,79.45,13.97,2.795,150.8,888.3,47.21,7.939,1.913,348.1,100,219,565.5,515.3,24.07,0.1105,150.4,0.2703,0.9543,0.9753,0.6177,0.8785,0.2744,0.2159,1,0.1659,766.9,715.2,27.97,0.3646,419.1,3.591,312.1,0.3507
9,child3,child,1.8017,6.000,2.000,4.000,63.000,6.000,-23.483,-1.670,3311.000,27.653,57.183,1215,2442,143.3,99.02,10.83,1.526,0.7993,0.7688,10,0.0268,13.17,12.48,48.81,2.992,14.19,0.2865,25,21.06,10.39,2.106,0.4024,1580,268.3,3.873,298.4,1.044,1.052,31.58,68.02,10.88,4.631,122.1,685,69.6,7.656,1.359,409.9,86.88,216.9,646,601.3,26,0.1333,168.9,0.3896,0.7247,0.8275,0.5393,0.7,0.3155,0.2149,1,0.1464,552.7,853.8,29.99,0.3839,457.4,2.148,317.2,0.2848
9,child4,child,81.8848,13.000,1.000,12.000,173.000,10.000,-18.033,-0.450,3510.000,20.680,48.617,1305,2800,155.3,107.5,8.692,1.52,0.7217,0.6919,11.22,0.02212,13.11,13.46,45.54,1.953,14.03,0.3142,22.07,25,12.17,1.963,0.3207,1443,269.9,3.793,409.1,0.9661,0.9175,37.62,67.75,11.82,3.207,149.5,800.3,53.38,10.08,1.445,302.5,100,183.5,581.6,546.5,27.62,0.1114,146.4,0.3054,0.7925,0.7614,0.5659,0.9241,0.1999,0.1961,1,0.2034,489.8,744.7,37.7,0.4835,342.4,2.966,337.4,0.3148
9,child5,child,131.7498,27.000,1.000,26.000,213.000,30.000,139.750,0.778,5272.000,25.607,66.533,1342,2800,122.3,120,9.758,1.881,0.7908,0.631,11.96,0.0231,10.59,12.15,39.76,2.428,14.42,0.3646,27.64,21.68,8.315,1.914,0.4553,1813,318.9,3.657,338,1.113,0.8849,45.69,80.26,13.36,3.098,121,802.2,62.24,7.145,1.835,307.2,100,173,549.7,530.2,25.77,0.1065,149.5,0.3082,0.7257,1,0.5065,1,0.3448,0.1885,1,0.1571,609.3,722.4,30.78,0.3377,347.1,2.512,245.5,0.3031
9,child6,child,104.0071,19.000,0.000,19.000,181.000,-4.000,32.483,2.935,3715.000,22.900,53.700,1203,2800,144.9,101,11.7,1.702,0.8127,0.7124,10.15,0.02691,14.9,12.69,37.7,3.131,16.65,0.3319,28.78,26.4,7.887,1.82,0.3918,1744,288,3.001,418,1.023,0.9196,46.7,68.67,14.48,2.874,105.1,900,54.5,5.737,2.021,334.3,100,206,659.1,467,26.92,0.1119,204.1,0.3367,0.8139,1,0.4726,0.9214,0.2622,0.1745,1,0.1912,595.2,806,31.48,0.3654,360.1,2.986,368.5,0.3308
9,child7,child,138.0760,29.000,0.000,29.000,206.000,15.000,77.883,1.613,4741.000,28.780,70.000,1530,2431,140.4,120,11.05,1.676,0.8276,0.7748,11.67,0.02324,15.01,11.05,44.08,2.086,13.65,0.3431,27.75,25.2,9.85,2.299,0.344,1734,253.3,3.079,371.8,1.165,1.07,46.38,76.47,12.19,3.085,114.8,900,45.26,7.365,1.596,308.6,100,211.6,709.7,553.6,32.1,0.1023,211.2,0.3453,0.6393,1,0.5157,0.9301,0.3546,0.1929,0.9787,0.1624,592.6,807.8,28.19,0.3697,462.7,3.352,366.1,0.2905
9,child8,child,89.9286,21.000,0.000,21.000,133.000,17.000,119.533,2.622,3761.000,26.900,63.733,1272,2383,161,102.4,9.144,2,0.6744,0.6976,13.73,0.02404,15.28,12.24,49.18,2.525,12.9,0.2876,24.2,25.33,8.691,2.05,0.3378,1972,304.6,3.552,294.6,1.223,1.141,36.9,79.98,12.56,2.638,126.8,900,43.85,8.344,1.64,319.8,100,203.3,737.6,691.5,30.3,0.1263,170.1,0.3214,0.7263,1,0.5224,0.8446,0.253,0.2003,1,0.1804,533.5,781.1,41.87,0.3812,394.2,2.558,277.6,0.2658
9,child9,child,154.2436,27.000,0.000,27.000,192.000,41.000,321.117,1.898,2866.000,30.127,66.550,1472,2366,148.8,120,9.917,2,0.7701,0.7423,10.51,0.02015,12.65,12.12,42.61,2.298,15.79,0.3078,24.94,23.97,9.507,1.92,0.41,1798,304.1,4.351,328.3,0.9799,1.03,34.36,86.5,10.1,2.901,116.1,900,49.66,6.234,1.563,330.2,97.04,205,450.2,612.6,25.54,0.1097,139.5,0.3729,0.796,1,0.4932,0.8362,0.3142,0.1899,0.8176,0.2042,587.6,877,33.21,0.3736,404.2,2.894,348.3,0.2525
9,child10,child,119.1758,26.000,1.000,25.000,177.000,23.000,112.067,1.772,4163.000,30.280,73.933,1191,2800,161.9,120,8.544,1.501,0.7804,0.7967,11.6,0.02653,13.79,11.53,36.89,2.459,15.96,0.4017,25.74,28.36,6.747,1.928,0.3006,1554,313.1,4.435,280.5,0.9644,1.063,40.73,103.5,13.77,3.116,101.8,854.9,63.38,6.442,1.378,337.2,100,182.1,611.9,590.6,25.75,0.1027,218.3,0.2746,0.7065,0.9931,0.4659,0.9016,0.2826,0.1574,1,0.1864,603.3,808.8,33.88,0.334,348.9,2.92,346.2,0.3568
9,child11,child,117.1210,20.000,0.000,20.000,200.000,15.000,8.417,1.729,3659.000,33.287,69.933,1298,2609,116.4,119,9.696,1.817,0.6586,0.5745,10,0.02466,11.79,11.56,50,1.971,13.75,0.3189,26.03,28.9,10.38,1.736,0.4048,1717,292.7,3.381,379.8,1.065,0.9176,51.58,87.87,16.04,2.606,142.3,900,42.93,6.75,1.578,334.1,89.26,161,748.9,543,25.54,0.123,179.5,0.2522,0.7335,1,0.4654,0.9596,0.2724,0.171,0.9343,0.1687,445.5,724.5,32.95,0.3828,389.6,2.749,297.4,0.2612
9,child12,child,63.9421,22.000,2.000,20.000,127.000,-22.000,-146.500,1.470,4426.000,26.080,60.950,1225,2432,145.4,120,9.375,1.545,0.7784,0.5915,11.48,0.02775,11.84,12.5,41.88,2.019,14.19,0.4025,19.43,26.05,8.938,2.363,0.3712,1909,278,3.622,390.5,1.249,1.071,39.9,84.56,12.65,3.255,100.4,900,53.92,7.836,1.617,328.9,89.44,198.5,674.7,570.6,25.46,0.1193,151.9,0.3041,0.7998,1,0.4783,0.8826,0.3539,0.1962,1,0.1922,600.9,793.4,36.79,0.3644,424.2,2.794,289.5,0.261
9,child13,child,107.8646,23.000,1.000,22.000,178.000,-24.000,-48.750,2.360,3302.000,30.620,64.583,1326,2800,153.6,112.5,8.324,2,0.7522,0.7493,12.72,0.02455,11.99,9.668,42.28,1.96,14.4,0.2907,25.22,28.59,7.731,1.68,0.3768,1846,288.5,3.705,423.1,1.016,0.938,41.87,82.61,14.41,2.774,120,900,46.95,6.588,1.399,305.6,100,205.4,602.6,622.3,29.5,0.09754,124.5,0.3068,0.6448,1,0.5009,0.9071,0.3071,0.1331,1,0.1753,495.6,841.8,33.84,0.3914,397.4,3.21,318.9,0.2739
9,child14,child,107.8634,21.000,1.000,20.000,207.000,5.000,-36.733,0.640,4611.000,27.900,73.217,1311,2800,169.4,103.8,10,1.574,0.5839,0.8542,11.18,0.0218,14.25,11.88,50,1.97,15.75,0.359,21.8,21.05,7.816,1.79,0.3777,1732,309.8,3.563,374.9,1.066,1.106,42.82,92.17,12.39,2.627,99.52,851.5,60.54,6.249,1.977,414.7,100,190.7,524.4,673.6,30.89,0.1009,133,0.2691,0.8758,0.81,0.414,0.8797,0.2706,0.2114,0.9368,0.2006,562,743.4,37.13,0.3449,377.6,2.891,312.7,0.304
9,child15,child,47.5341,9.000,0.000,9.000,91.000,34.000,125.900,-1.246,2765.000,14.660,45.450,1111,2800,153.9,114.6,8.683,1.418,0.671,0.9078,12.56,0.02286,10.79,10.07,45.79,2.331,14.84,0.3535,22.95,26.36,7.789,1.791,0.3299,1559,255.7,3.79,324.9,1.014,0.9851,48.97,72.77,12.87,2.587,101.9,807.8,58.66,7.267,1.841,299.9,100,270.8,592,561.1,23.66,0.1157,156.8,0.3042,0.7575,0.9632,0.5197,0.8359,0.3198,0.2145,0.9582,0.195,560.9,808.8,24.06,0.4206,369.4,2.813,345.2,0.2652
10,parent,parent,120.8770,20.000,0.000,20.000,165.000,29.000,281.000,2.352,2586.000,27.407,56.183,1472,2366,148.8,120,9.917,2,0.7701,0.7423,10.51,0.02015,12.65,12.12,42.61,2.298,15.79,0.3078,24.94,23.97,9.507,1.92,0.41,1798,304.1,4.351,328.3,0.9799,1.03,34.36,86.5,10.1,2.901,116.1,900,49.66,6.234,1.563,330.2,97.04,205,450.2,612.6,25.54,0.1097,139.5,0.3729,0.796,1,0.4932,0.8362,0.3142,0.1899,0.8176,0.2042,587.6,877,33.21,0.3736,404.2,2.894,348.3,0.2525
10,child0,child,60.3949,11.000,1.000,10.000,121.000,37.000,323.400,0.330,3432.000,32.613,65.567,1361,2146,152.5,118.7,10,1.901,0.8349,0.7825,10.66,0.02288,11.23,10.66,44.92,2.228,15.02,0.2957,24.41,28.41,10.01,1.488,0.3492,2000,330.1,4.83,282.4,1.408,0.928,35.04,89.96,9.699,2.837,107,900,42.12,5.822,1.819,336.8,90.92,164.3,474.5,799.9,35.4,0.1325,150.1,0.4107,0.7026,0.8304,0.4679,0.8288,0.3135,0.2063,0.7419,0.2475,692.6,910.9,32.74,0.3866,425.5,3.171,333.3,0.32
10,child1,child,76.3193,22.000,0.000,22.000,89.000,13.000,68.400,1.802,3167.000,23.680,50.117,1406,2235,146.8,120,7.816,2,0.7619,0.7086,11.32,0.01802,12.21,12.59,40.76,2.035,19.9,0.294,25.12,21.58,10.53,1.843,0.3835,1869,308.5,3.85,361.6,0.9987,1.282,32.18,80.26,12.82,2.471,128.6,900,54.66,5.91,1.692,331.4,100,175.9,460.2,618.5,21.52,0.1113,122.6,0.358,0.8295,1,0.5567,1,0.2993,0.2094,0.7075,0.1848,646.1,929,37.04,0.4171,401.3,2.512,320.5,0.271
10,child2,child,127.6420,25.000,0.000,25.000,187.000,32.000,191.600,1.493,4327.000,33.480,52.183,1664,2531,169.3,120,8.676,2,0.757,0.6675,10.22,0.01881,11.58,12.52,44.2,2.147,16.32,0.3169,30.8,21.82,10.65,2.159,0.3836,1951,349.1,4.704,335,0.8788,1.091,36.39,96.09,9.14,2.652,125.6,891.5,55.96,5.533,1.478,336.5,100,220.3,428.3,655.5,25.61,0.09603,135.9,0.3938,0.8105,0.9138,0.4704,0.8305,0.3378,0.1676,0.6637,0.2172,563.8,878.3,42.34,0.406,360.2,3.175,283.8,0.2825
10,child3,child,150.2213,26.000,0.000,26.000,213.000,15.000,116.250,1.985,3232.000,30.647,52.117,1577,2411,125.5,120,8.955,2,0.6601,0.8292,11.16,0.01835,13.89,11.68,37.13,2.464,15.87,0.3512,22.16,23.74,9.114,1.612,0.4382,1625,254.1,3.493,238.6,1.112,1.212,30.01,88.21,10.32,2.666,119.9,900,50.96,6.71,1.286,356.6,100,240.2,419,651,22.74,0.1157,159.9,0.3924,0.8371,0.9334,0.4713,0.7702,0.3438,0.1747,0.9207,0.1927,722,811.1,27.15,0.3741,407.2,2.805,349.2,0.3121
10,child4,child,121.7111,26.000,0.000,26.000,173.000,14.000,112.783,1.126,4034.000,24.907,55.767,1418,2512,135.9,120,10.82,1.827,0.8194,0.8309,10.44,0.01922,15.4,9.352,50,2.704,14.22,0.2955,27.84,27.72,12.78,1.702,0.4621,1648,293.7,4.302,427.1,1.016,0.954,37.42,85.26,9.34,2.416,106,818.7,59.4,6.871,1.759,367.9,100,174.8,614.6,650.4,32.2,0.1085,146.5,0.3894,0.9061,1,0.5157,0.8498,0.2886,0.2152,0.9684,0.1927,604.1,944.2,39.43,0.4235,412.4,2.482,379.9,0.2722
10,child5,child,43.9856,14.000,0.000,14.000,88.000,16.000,186.550,1.455,3745.000,34.447,87.783,1742,2456,144,91.26,9.34,1.938,0.7842,0.6921,10.81,0.02339,13.28,13.91,42.19,2.186,12.22,0.2507,25.11,24.35,10.88,2.073,0.3726,1737,352.1,4.633,300.9,1.064,1.097,26.94,91.1,9.46,3.427,111.8,750.1,41.89,5.535,1.316,334,100,204.9,456.9,590.2,26.79,0.1246,150.2,0.3048,0.7589,1,0.536,0.9406,0.2945,0.2068,0.8877,0.1643,569,863.5,33.95,0.468,395.9,3.339,384.9,0.2246
10,child6,child,140.9834,22.000,1.000,21.000,214.000,38.000,293.300,1.216,3396.000,30.953,60.350,1183,2800,159.4,106,11.57,1.758,0.799,0.8619,11.46,0.02159,13.94,12.34,38.03,2.381,15.95,0.3407,22.76,22.01,9.202,2.198,0.4906,1701,311.1,4.022,380.7,0.9211,1.158,27.35,86.46,9.506,2.195,97.95,768.4,50.23,5.526,1.484,274.8,100,197,546.4,609.4,20.55,0.1028,125.3,0.3625,0.6511,0.9115,0.5426,0.7249,0.3502,0.1922,0.9274,0.1955,535.4,824.8,31.98,0.413,442.4,2.899,342.4,0.2288
10,child7,child,26.7744,8.000,2.000,6.000,81.000,15.000,63.067,-2.121,2859.000,18.180,45.183,1424,2800,155.7,119,10.93,2,0.6729,0.6242,10.67,0.01951,12.39,12.11,39.59,2.268,18.61,0.2854,24.29,23.11,8.66,2.055,0.4326,1884,276.1,3.953,355.5,0.9823,0.9504,35.08,71.49,9.656,2.591,118.6,887.2,59.07,7.427,1.726,358.5,96.69,237,463.7,589.8,19.32,0.1076,160.6,0.369,0.7965,0.8267,0.4866,0.9743,0.3161,0.1596,0.858,0.1961,644.9,726.8,35.66,0.3493,451.9,2.597,341.9,0.2549
10,child8,child,55.3631,13.000,1.000,12.000,97.000,8.000,50.567,2.892,2339.000,28.007,70.033,1508,1994,136.9,87.76,8.351,2,0.6241,0.6726,10,0.02348,14.87,12.14,38.3,2.279,16.86,0.2871,28.78,26.53,7.143,1.805,0.3762,2000,303.3,4.104,341.9,0.8575,1.001,30.77,87.88,10.15,2.994,110.7,853.8,48.97,6.838,1.552,430.3,90.18,182.3,570.3,672.1,29.46,0.1296,166.9,0.4324,0.6274,1,0.4242,0.8138,0.3075,0.2137,0.8167,0.2314,567.8,1200,33.16,0.3396,405.9,2.755,363.8,0.2867
10,child9,child,52.4586,13.000,2.000,11.000,136.000,-6.000,-64.100,0.656,3680.000,24.973,70.900,1564,2614,160.5,120,10.61,2,0.7886,0.8847,10.06,0.01935,13.33,10.98,41.48,2.396,15.36,0.2945,29.58,23.07,10.11,1.942,0.3781,1901,361,4.302,338,1.039,1.08,33.56,75.34,9.562,2.414,105.8,836.2,56.17,4.535,1.832,335.2,87.4,227,480.5,466.1,24.67,0.1086,136.5,0.3389,0.8019,1,0.5387,0.8399,0.328,0.1783,0.8603,0.2137,490.9,700.7,32.15,0.442,395.8,3.283,400,0.2537
10,child10,child,31.9808,12.000,1.000,11.000,89.000,-16.000,-175.450,1.855,3086.000,21.160,67.617,1608,2140,142.5,120,11.7,1.526,0.6823,0.856,11.12,0.02016,11.87,12.86,46.24,2.278,16.5,0.35,26.78,24.31,7.636,1.902,0.4923,1950,319.1,4.952,307.5,0.9364,0.9149,33.71,81.37,8.707,2.465,107.1,900,52.89,6.189,1.605,317.2,100,206,386.8,560.4,26.31,0.1246,149.9,0.3378,0.8733,0.9881,0.5028,0.9647,0.3416,0.1939,0.7945,0.1959,523.6,898.3,28.97,0.3887,423.8,2.761,295.4,0.2846
10,child11,child,28.3457,14.000,0.000,14.000,67.000,-5.000,0.317,0.235,3672.000,33.780,61.800,1205,2503,152.1,120,11.49,2,0.7744,0.8175,10,0.01841,14.16,14.09,50,2.303,15.83,0.2883,29.39,24.98,10.98,1.758,0.3727,2000,312.2,4.767,381.7,1.032,1.236,36.72,99.35,10.27,3.163,116.5,900,51.68,6.597,1.695,328.9,100,199.8,481,701.9,22.39,0.09855,134.6,0.4846,0.7884,0.9659,0.6288,0.9641,0.3203,0.2297,0.7529,0.2024,597.3,839.6,28.7,0.3493,375.6,2.415,382.2,0.2685
10,child12,child,78.3212,19.000,1.000,18.000,132.000,5.000,123.350,2.445,3813.000,20.567,61.817,1352,2224,139.8,120,9.401,1.79,0.9114,0.7742,11.93,0.01725,12.29,12.82,44.84,1.894,18.89,0.2988,23.74,21.81,9.15,2.452,0.377,1809,277.1,4.371,319.2,0.9566,1.137,38.05,74.4,9.905,2.666,156.5,895.9,56.27,5.939,1.479,344.8,91.3,226.7,426.8,540.7,21.17,0.1077,131.7,0.3705,0.8423,0.9189,0.5209,0.9072,0.3326,0.1951,1,0.2027,604.5,810.2,32.17,0.3461,501,2.35,399.3,0.251
10,child13,child,134.4699,25.000,0.000,25.000,203.000,27.000,165.383,2.762,4170.000,24.887,79.300,1543,2399,155,113.9,9.453,1.83,0.7325,0.8354,10.33,0.02011,10.4,14.14,44.69,2.014,14.13,0.3415,19.94,23.75,9.659,1.771,0.4747,1364,317.5,3.946,312.4,0.9569,1.108,38.58,78.38,9.353,3.147,109.1,900,54.53,6.541,1.409,283.2,100,208.1,385.7,659.1,22.65,0.1249,135.8,0.3684,0.8398,0.769,0.5141,0.9096,0.3109,0.1714,1,0.1686,550.8,846,34.95,0.3998,473.1,3.012,339.1,0.2525
10,child14,child,139.4941,27.000,0.000,27.000,198.000,40.000,210.383,0.123,4444.000,27.000,56.350,1807,2800,158.7,120,9.176,1.775,0.8279,0.7022,12.03,0.0236,11.52,13.1,42.44,1.989,12.73,0.3038,25.68,28.96,8.54,1.914,0.3465,1721,333.3,4.313,315.7,0.9484,0.8913,33.84,80.77,12.11,3.55,140.9,779.5,50.29,5.453,1.493,263.8,100,182.1,488.4,662.6,23.33,0.09757,122.9,0.3249,0.7742,1,0.471,1,0.3035,0.2055,0.6555,0.171,629.1,670.9,32.52,0.3247,383.9,3.639,349.3,0.2485
10,child15,child,93.6689,18.000,1.000,17.000,155.000,25.000,80.467,2.145,3160.000,27.113,82.017,1393,2298,148.5,109.2,10.5,1.847,0.7019,0.7511,12.55,0.02049,14.34,11.76,44.83,2.299,16.36,0.3644,19.96,24.88,7.952,1.699,0.4061,2000,306.1,4.933,370,0.9475,0.9125,34.17,90.67,10.34,3.027,114.7,900,53.18,7.064,1.567,304.2,96.36,196.8,429.3,708.2,29.3,0.09184,145.7,0.4295,0.9028,1,0.4813,0.7384,0.3455,0.2045,0.9217,0.2334,558.2,992.7,39.78,0.4126,317.2,2.562,379.8,0.2701
11,parent,parent,139.5387,26.000,0.000,26.000,187.000,14.000,100.400,2.257,2756.000,29.093,74.283,1577,2411,125.5,120,8.955,2,0.6601,0.8292,11.16,0.01835,13.89,11.68,37.13,2.464,15.87,0.3512,22.16,23.74,9.114,1.612,0.4382,1625,254.1,3.493,238.6,1.112,1.212,30.01,88.21,10.32,2.666,119.9,900,50.96,6.71,1.286,356.6,100,240.2,419,651,22.74,0.1157,159.9,0.3924,0.8371,0.9334,0.4713,0.7702,0.3438,0.1747,0.9207,0.1927,722,811.1,27.15,0.3741,407.2,2.805,349.2,0.3121
11,child0,child,100.2011,19.000,0.000,19.000,166.000,20.000,105.367,1.474,3815.000,25.500,59.433,1619,2303,97.75,111.2,6.268,2,0.7755,0.915,14.03,0.01911,18,11.49,37.52,2.316,17.98,0.3844,21.39,23.45,6.932,1.587,0.3802,1756,258.9,3.235,269.6,0.9726,1.205,30.86,95.65,11.77,2.384,124.4,900,60.94,6.545,1.132,321.2,100,226.6,508.7,521.6,22.99,0.1091,155.2,0.3465,0.7298,1,0.4834,0.8596,0.3921,0.1998,0.7993,0.188,750.2,926.6,29.21,0.3726,425.5,2.956,368.3,0.3022
11,child1,child,112.0980,20.000,0.000,20.000,170.000,37.000,193.883,3.333,3792.000,23.560,55.700,1414,1921,128.1,109.9,10.72,1.729,0.733,0.7958,10,0.01686,11.68,11.74,35.77,2.482,17.52,0.33,18.01,27.52,9.593,1.709,0.3823,1677,283,3.17,235.6,1.333,1.004,29.63,74.62,11.1,2.511,108,774.9,56.48,5.406,1.369,323.6,95,224.8,437.8,693.7,24.7,0.1421,155.3,0.4137,0.7937,1,0.4208,0.8237,0.3047,0.1828,1,0.1981,761.7,625.3,25.85,0.3992,453.7,3.141,390,0.3273
11,child2,child,48.8589,17.000,1.000,16.000,100.000,4.000,41.300,0.758,4121.000,37.827,61.533,1562,2252,130.2,114.9,9.048,2,0.7371,0.7576,11.23,0.01978,15.82,13.05,44.54,2.085,16.53,0.4088,23.4,25.73,8.794,1.774,0.3799,1486,239.7,3.388,260.1,1.265,1.328,26.55,103.8,9.542,2.594,111.4,769.1,46.89,6.592,1.493,272,100,229.3,397.8,783.1,25.86,0.119,151.8,0.2899,1,1,0.403,0.7399,0.3096,0.1795,0.78,0.1616,659.2,809.2,29.97,0.3207,347.9,2.992,350,0.2901
11,child3,child,53.1607,15.000,2.000,13.000,105.000,12.000,62.283,1.488,3463.000,22.807,58.183,1285,2281,127.1,94.38,8.255,1.855,0.6675,0.9666,10,0.01666,13.11,11.31,38.68,2.748,15.37,0.3257,22.87,24.02,9.464,1.456,0.4129,1490,234.8,4.465,242.3,1.123,1.102,29.11,83.58,9.227,2.674,120.6,733.9,50.1,7.184,1.187,309.9,92.55,232.2,510.8,824.3,26.03,0.1211,152.2,0.3489,0.7677,0.8778,0.6186,0.9646,0.3884,0.1922,0.7472,0.1998,758.1,888.9,29.95,0.4124,416.9,2.5,293.7,0.2739
11,child4,child,116.6620,24.000,0.000,24.000,172.000,18.000,151.867,1.715,4150.000,22.880,50.450,1532,2331,145.3,120,7.974,1.878,0.7186,0.7264,11.31,0.01601,13.3,12.56,38.24,2.199,15.06,0.304,24.75,18.35,7.495,1.417,0.4188,2000,262.7,4.685,244.9,1.112,1.01,29.64,87.6,9.338,2.358,133.8,858.9,64.25,5.969,1.258,388.2,100,240.9,433.4,711.9,21.46,0.1036,153.7,0.4073,0.7431,0.8927,0.4061,0.7381,0.3987,0.1619,0.7749,0.1898,693.8,969.4,31.09,0.3124,384,2.462,281,0.3179
11,child5,child,54.0244,10.000,3.000,7.000,106.000,37.000,306.683,0.858,2593.000,28.467,51.617,1591,2371,132.5,106.2,9.377,1.999,0.6811,1.088,13.34,0.01687,12.44,9.944,38.61,2.642,15.4,0.4214,20.32,27.85,9.957,1.614,0.5035,1430,225,4.161,212.2,1.42,1.6,37.1,94.74,11.33,2.304,132.4,823.8,52.91,5.845,1.306,421.9,100,189.6,371,659.7,26.94,0.1103,122.2,0.3826,0.8766,0.9896,0.4226,0.7,0.4006,0.1756,0.8932,0.1995,766.9,890.1,26.86,0.2268,416.2,3.666,365.4,0.367
11,child6,child,46.4831,12.000,2.000,10.000,84.000,17.000,154.050,1.546,2469.000,29.893,50.917,1303,2165,121.4,110,9.286,1.894,0.739,0.7207,13.96,0.01743,15.11,12.29,32.88,2.422,18.9,0.3607,20.84,26.58,8.765,1.603,0.4874,1393,215.6,4.063,228.7,1.323,1.112,30.15,97.52,10.74,2.443,147.9,689.8,51.51,6.343,1.22,312.1,100,206.6,393.6,621,24.89,0.1187,136.4,0.3659,0.7857,1,0.4252,0.7,0.3205,0.1698,0.9974,0.1743,827.5,824,27.07,0.4387,373.6,2.583,344.8,0.25
11,child7,child,134.6739,22.000,1.000,21.000,209.000,28.000,174.017,2.491,3400.000,28.587,62.933,1953,2202,109.6,120,8.503,2,0.7432,0.7183,11.84,0.02092,14.27,11.27,36.91,2.737,16.27,0.3753,24.04,20.53,7.47,1.823,0.4574,1665,278.8,3,201.3,0.9156,1.136,26.7,88.75,9.532,2.588,127.5,900,51.36,6.72,1.249,364.7,92.98,266,346.6,765,20.6,0.1126,110.5,0.372,0.7446,0.8722,0.4813,0.8999,0.3287,0.1757,0.8809,0.1881,721.3,739.6,27.77,0.3058,375.1,2.515,400,0.2848
11,child8,child,29.5114,14.000,2.000,12.000,82.000,-4.000,-3.067,1.152,3746.000,36.033,61.400,2076,2073,116.3,113.4,8.64,1.764,0.6829,0.8341,10.87,0.01901,13.39,10.16,38.17,2.272,14.22,0.3399,21.9,20.06,6.709,1.418,0.4482,1714,243.7,3.929,238.3,1.033,1.405,33.08,85.17,10.17,2.462,111.1,869.6,33.09,8.141,1.169,430.9,100,233.8,484.7,664.9,19.26,0.1114,157,0.4604,1,0.9278,0.4138,0.7,0.3057,0.1585,0.8947,0.2058,792.9,738.5,26.59,0.3965,325,2.87,359.7,0.3071
11,child9,child,115.3513,26.000,0.000,26.000,176.000,-8.000,-53.700,1.993,4201.000,24.013,45.600,1778,2610,169.2,105.6,9.857,2,0.7224,0.7968,12.44,0.02125,13.99,11.67,41.36,2.323,13.83,0.4232,23.08,26.06,10.52,1.704,0.5043,1684,240.4,3.054,232.3,1.179,1.273,25.14,74.81,10.58,2.893,118.7,900,60.23,6.643,1.267,405.4,100,245.4,467.2,545,24.33,0.09531,124,0.4079,0.7458,1,0.554,0.7722,0.3404,0.1501,0.9582,0.1958,874.1,749.2,22.66,0.3243,367.3,2.707,384.3,0.3294
11,child10,child,101.4827,20.000,2.000,18.000,149.000,35.000,165.117,1.945,2842.000,29.687,69.033,1400,2179,141.3,120,7.51,2,0.689,0.9015,14.72,0.01878,17.46,10.39,38.13,2.714,14.43,0.3388,21.28,20.89,9.172,1.938,0.5161,1508,241.5,3.433,293.4,0.9745,1.154,29.5,95.48,11.74,2.465,94.59,900,55.86,6.194,1.325,332.1,100,203.7,455.7,572.7,20.93,0.1199,151.2,0.4697,0.8422,1,0.4681,0.7,0.3643,0.1351,0.9163,0.2048,866.5,821.2,24.96,0.3589,370.1,2.756,293.4,0.3477
11,child11,child,120.1954,25.000,0.000,25.000,162.000,43.000,224.800,2.606,4132.000,27.620,61.217,1509,2448,121.5,92.14,8.809,2,0.6677,0.9028,10.44,0.01866,10.44,11.8,42.46,2.287,17.69,0.3181,26.65,22.28,8.856,1.676,0.4688,1847,221.9,3.344,255.3,1.124,1.244,31.12,77.11,12.99,2.336,92.03,821.7,44.05,5.412,1.547,322.7,98.26,272.4,420.4,587.1,21.42,0.1064,131.3,0.4533,0.9917,0.9122,0.4846,0.7,0.3572,0.1841,1,0.2151,583.6,745.7,25.35,0.4291,413.8,3.264,400,0.3149
11,child12,child,140.5982,27.000,0.000,27.000,217.000,10.000,75.933,0.832,4339.000,26.133,68.333,1580,2597,130.6,112.4,10.65,2,0.6927,0.8386,12.82,0.01689,16.18,12.39,34.76,2.03,17.85,0.4505,25.5,24.75,7.84,2.05,0.3725,1699,266.7,3.75,251.9,1.286,1.518,27.47,82.74,12.48,2.643,117,900,54.41,7.177,1.235,361,100,270.6,456.9,620.9,21.44,0.1236,137.1,0.3824,0.8581,1,0.5182,0.7,0.3699,0.1313,0.975,0.1972,726.5,765.4,27.97,0.4812,475.4,3.171,398.6,0.3392
11,child13,child,47.5999,13.000,1.000,12.000,88.000,29.000,217.917,0.637,3189.000,32.453,77.417,1805,2252,102.6,120,9.262,1.905,0.588,0.7516,10.93,0.01538,13.58,13.73,40.84,2.527,14.67,0.358,30.89,21.99,7.526,1.607,0.3997,2000,214.1,3.763,207.7,0.9984,1.142,28.52,99.18,9.573,2.23,117.8,881.1,48.9,8.581,1.255,358.1,100,207.1,408.1,708.5,22.74,0.1162,143.3,0.476,0.9495,1,0.4765,0.7975,0.3498,0.1859,0.8299,0.1926,729,724.6,30.68,0.2962,380.6,3.305,332,0.3288
11,child14,child,125.9897,22.000,0.000,22.000,184.000,3.000,169.383,1.641,2793.000,28.787,60.100,1575,2357,107.2,120,9.03,1.655,0.7644,0.8812,10.79,0.01713,15.9,11.14,43.53,2.335,13.66,0.3076,23.77,20.1,9.624,1.292,0.5081,1298,286.2,3.271,213.7,1.162,1.197,33.08,82.35,12.4,2.272,124.4,791.3,43.43,6.569,1.53,363.9,100,196.1,373.1,776.7,23.62,0.1139,174,0.3905,0.9181,0.9303,0.4012,0.7,0.315,0.191,1,0.2003,629.5,754,22.42,0.3692,383.6,2.702,330.8,0.2495
11,child15,child,100.4517,17.000,0.000,17.000,133.000,27.000,262.100,1.895,2129.000,25.613,47.867,1338,2080,123.6,119.2,9.181,1.906,0.7048,0.9546,10.82,0.0173,15.96,14.72,40.05,2.463,13.18,0.3413,22.56,25.38,9.489,1.785,0.4809,1804,252.3,3.211,216.7,1.175,1.519,34.55,92.09,9.057,2.643,123.5,900,52.19,5.874,1.508,347.4,92.79,243.1,517.8,553.6,21.03,0.09288,184.1,0.3769,0.8215,1,0.5309,0.706,0.2573,0.1609,0.6859,0.1537,697.2,765.9,29.34,0.4126,424.7,2.514,359.9,0.3363
12,parent,parent,108.5411,23.000,0.000,23.000,176.000,12.000,8.817,1.393,4027.000,25.333,89.283,1580,2597,130.6,112.4,10.65,2,0.6927,0.8386,12.82,0.01689,16.18,12.39,34.76,2.03,17.85,0.4505,25.5,24.75,7.84,2.05,0.3725,1699,266.7,3.75,251.9,1.286,1.518,27.47,82.74,12.48,2.643,117,900,54.41,7.177,1.235,361,100,270.6,456.9,620.9,21.44,0.1236,137.1,0.3824,0.8581,1,0.5182,0.7,0.3699,0.1313,0.975,0.1972,726.5,765.4,27.97,0.4812,475.4,3.171,398.6,0.3392
12,child0,child,91.0346,22.000,1.000,21.000,122.000,28.000,276.083,1.816,3702.000,27.787,51.967,1732,2430,159.1,95.29,11.47,2,0.6534,0.99,14.45,0.01804,18.29,11.51,29.97,2.017,16.74,0.5,26.67,26.77,7.708,2.44,0.4355,1652,371.6,3.703,284.5,1.412,1.296,25.96,87.5,13.2,2.101,110.8,892.2,50.62,7.29,1.192,291.2,94.71,231,530.1,714.3,20.67,0.1322,118.7,0.3111,0.8476,1,0.4768,0.7,0.3679,0.1316,0.9408,0.1861,733.9,915.3,26.98,0.5084,432.5,2.888,353.1,0.3823
12,child1,child,139.5822,29.000,2.000,27.000,165.000,36.000,202.283,1.510,2818.000,30.033,47.350,1500,2676,137,110.4,10.02,2,0.8308,0.8854,12,0.01578,13.89,10.98,44.58,1.797,18.5,0.5,29.15,29.76,8.082,1.905,0.3436,1544,247.9,3.748,214.9,1.447,1.865,25.78,79.41,12.98,2.835,104.4,900,41.88,6.537,1.344,353,99.65,296.8,496.6,648.6,24.26,0.1068,153.1,0.3967,0.7255,0.8053,0.5283,0.7,0.3694,0.1349,0.9442,0.2147,639.6,761,25.33,0.5246,407.8,2.912,388.8,0.3523
12,child2,child,50.4408,20.000,4.000,16.000,94.000,25.000,96.333,1.635,4304.000,25.200,67.433,1282,2287,140.2,114.4,11.01,2,0.7388,0.8679,11.17,0.01788,18.09,13.18,40.72,2.688,16.09,0.4658,29.94,21.77,7.905,1.832,0.3873,1999,301.1,3.526,201.3,1.214,1.457,23.32,86.28,11.45,3.14,96.98,900,54.97,7.519,1.388,356.9,99.23,240.8,368.5,665.4,22.86,0.1043,111.1,0.3959,0.6972,0.9119,0.6678,0.7,0.3085,0.1259,0.9097,0.1834,692.3,833.1,22.79,0.4753,559.7,2.201,400,0.2706
12,child3,child,64.6270,15.000,0.000,15.000,125.000,-1.000,-25.917,-0.899,3438.000,20.233,53.017,1512,2800,143.6,113.5,9.91,2,0.6967,0.8093,13.15,0.01615,14.36,10.82,37.68,1.859,17.34,0.4473,28.48,26.13,8.591,1.921,0.3171,1719,336.7,3.454,277,1.311,1.436,24.03,84.38,9.429,2.41,131.7,900,65.06,7.601,1.224,339.3,100,239.6,456,570.1,20.99,0.1387,125.6,0.3605,1,1,0.492,0.7,0.3621,0.1323,0.9607,0.1855,869.4,571.7,31.28,0.4407,475.9,3.15,400,0.3758
12,child4,child,119.8512,23.000,0.000,23.000,178.000,-2.000,69.083,1.142,3089.000,28.980,59.133,1537,2773,138,120,11.54,1.912,0.6052,0.7522,11.96,0.01481,18.74,11.17,40.05,2.058,20,0.4308,24.69,28,7.26,1.861,0.3846,1588,298.3,4.061,214.7,1.092,1.775,30.01,91.14,10.78,3.198,110.2,900,51.23,9.027,1.134,400.8,100,251.7,472.5,565.9,21.06,0.1271,157.5,0.3915,0.7853,0.9056,0.5678,0.7,0.387,0.1018,1,0.2377,709.9,607.5,33.15,0.5284,481.3,2.866,357,0.3525
12,child5,child,85.8329,18.000,1.000,17.000,162.000,13.000,-38.967,0.199,3764.000,21.173,83.300,1631,2800,116.8,120,10.81,1.989,0.6268,0.8387,10.8,0.01901,16.12,13.89,44.41,1.866,16.04,0.4541,25.5,22.8,7.866,1.889,0.3983,1558,236.6,4.435,246.5,1.093,1.597,29.49,75.23,13.52,1.973,116.9,836.2,56.84,7.696,1.136,463.3,100,327.1,530.9,717.8,23.06,0.1202,145.7,0.3778,0.7649,0.9416,0.4666,0.7092,0.454,0.119,0.8944,0.1399,805.2,698.6,30.57,0.5004,504.7,3.294,400,0.3812
12,child6,child,92.5729,19.000,1.000,18.000,167.000,16.000,33.667,1.882,4163.000,22.800,58.317,1327,2800,122.2,96.76,9.53,1.446,0.6438,0.8808,12.54,0.01675,20.29,11.16,32.98,1.86,17.13,0.5,27.34,27.57,7.579,2.542,0.3766,1599,258.9,4.249,192.9,1.135,1.631,29.22,63.7,11.89,3.35,139.1,900,51.97,6.63,1.035,370.2,93.79,299.1,505,693.8,17.54,0.1248,108.8,0.3935,0.8393,0.9086,0.6406,0.7453,0.4338,0.1242,1,0.2132,623.3,765.7,26.25,0.4347,442,3.135,400,0.3483
12,child7,child,51.5791,20.000,1.000,19.000,90.000,-12.000,-189.733,0.588,3638.000,19.987,61.417,1783,2766,139.5,120,11.37,2,0.6009,1.064,14.18,0.01886,16.45,12.63,39.26,1.838,19.93,0.4859,29.01,26,8.432,2.021,0.3357,1609,211.4,3.559,258.9,1.152,1.542,28.57,74.56,13.47,2.419,107,854.9,56.68,7.719,1.26,387.9,100,302.8,455.6,621.7,23.21,0.1034,127.5,0.3327,0.7822,1,0.6038,0.7,0.3749,0.1693,1,0.2071,788.1,635.9,26.31,0.5665,438,2.673,400,0.346
12,child8,child,103.3161,26.000,1.000,25.000,167.000,3.000,17.850,0.509,4785.000,28.320,57.133,1749,2800,106.7,110.9,9.779,1.515,0.6389,0.8182,13.03,0.01788,12.96,15.14,33.03,1.842,18.55,0.5,33.11,23.94,8.377,1.97,0.3124,1592,261.5,3.45,238.1,1.239,1.531,27.64,81.92,12.55,3.34,129.7,843,50.09,8.248,1.151,337,98.38,256.6,398.4,451.4,20.18,0.09986,150.4,0.3948,1,0.9787,0.4711,0.8861,0.3184,0.1172,0.9173,0.1996,714.2,717.6,35.23,0.4661,539.4,2.733,400,0.2861
12,child9,child,87.4079,22.000,0.000,22.000,134.000,7.000,32.967,0.179,3989.000,24.793,53.717,1336,2800,152.3,120,9.503,2,0.6735,0.906,12.55,0.01766,19.28,12.47,37.81,2.271,17.09,0.448,28.1,25.26,9.223,2.968,0.3264,1573,248.3,3.843,272,1.365,1.856,28.79,79.79,13.14,2.462,118.5,900,47.7,6.199,1.219,330.1,88.6,291.4,443.6,496.1,19.38,0.1063,139.3,0.3381,0.835,1,0.4392,0.8032,0.3575,0.1502,0.8345,0.2148,755.6,884.9,29.55,0.4762,456,2.475,400,0.3288
12,child10,child,70.0281,19.000,0.000,19.000,130.000,-7.000,-108.417,-0.043,4023.000,24.520,57.000,1234,2706,116.4,120,12.53,2,0.6922,0.7257,15.27,0.01941,20.68,11.17,32.46,2.242,17.27,0.4632,25.97,27.19,7.878,2.14,0.3847,1868,258.2,3.56,253.4,1.238,1.307,21.68,69.55,10.6,2.416,141.3,900,44.97,8.619,1.298,436,100,283.2,435.5,659,24.84,0.1336,141.1,0.3988,1,1,0.5496,0.7656,0.4335,0.1276,0.7908,0.2095,750,888.5,20.08,0.4655,510.7,3.248,317.6,0.3652
12,child11,child,57.5884,13.000,1.000,12.000,109.000,11.000,153.533,1.540,3158.000,19.573,54.150,1810,2792,101.5,99.66,11.63,2,0.641,0.9799,11.5,0.01746,17.79,10.68,30.31,2.22,19.79,0.4426,26.04,26.06,7.189,1.708,0.3862,1737,180.4,3.635,237,1.429,1.4,23.68,74.6,12.46,2.921,128.1,900,55.73,6.222,1.129,332.3,100,255.5,576.8,625.4,18.28,0.1356,132.4,0.4085,0.8182,0.9782,0.5759,0.7,0.3082,0.1255,0.9033,0.186,748,888.3,32.38,0.5583,390.2,3.301,391.2,0.355
12,child12,child,80.5494,14.000,2.000,12.000,156.000,28.000,199.933,-0.314,3510.000,21.353,56.567,1606,2648,119.8,114.7,10.87,2,0.5385,0.8542,13.73,0.01777,17.5,10.97,31.86,1.574,14.73,0.4958,24.2,26.58,9.058,1.96,0.3597,1958,260.2,3.935,233.8,1.36,1.201,32.37,71.9,9.514,2.131,136.6,770.8,54.22,6.79,1.238,402.2,92.64,284,459.9,810.1,19.49,0.1541,136.3,0.3323,0.9989,0.8848,0.5123,0.7,0.3213,0.1591,0.8447,0.187,526.4,844.7,24.71,0.4947,470,3.047,354.3,0.3243
12,child13,child,82.6462,21.000,1.000,20.000,136.000,-1.000,13.050,0.490,3784.000,23.300,54.900,1708,2695,124,120,9.406,1.757,0.7112,0.8502,12.3,0.01868,17.25,12.8,38.97,2.176,19.56,0.4817,23.96,31.57,6.964,2.124,0.3997,1390,221.3,3.841,240.7,1.114,1.492,29.78,84.72,15.12,3.236,115.9,900,59.44,6.726,1.45,321,100,201.6,385.1,605,24.76,0.1239,130,0.3929,0.9437,0.897,0.4687,0.7408,0.3899,0.1313,0.9372,0.2043,775.7,621.8,29.47,0.5494,547,3.205,400,0.3874
12,child14,child,46.1489,16.000,1.000,15.000,73.000,10.000,25.233,-0.552,3126.000,18.413,44.783,1608,2800,142.4,105.6,10.75,2,0.6915,0.776,10.95,0.0197,16.46,11.74,34.53,2.093,18.13,0.475,22.53,22.29,8.237,1.859,0.4322,1791,287.9,3.338,284.8,1.265,1.553,25.44,71.76,13.55,2.329,110,900,58.88,7.463,1.23,367.1,100,310.1,565.2,542.1,22.42,0.125,147.9,0.4059,0.7996,1,0.5155,0.8139,0.2996,0.1372,1,0.2107,836.3,824,27.49,0.4411,417.6,2.335,371.7,0.4025
12,child15,child,49.2687,14.000,0.000,14.000,89.000,4.000,32.550,0.824,3025.000,20.460,67.983,1795,2670,127.1,99.81,10.11,1.813,0.895,0.8169,11.91,0.01681,12.76,14.65,33.19,1.668,17.51,0.4492,26.16,22.85,8.538,2.588,0.4068,1682,287.2,3.618,258.5,1.383,1.527,23.04,84.57,12.29,2.586,105.3,900,62.3,8.017,1.638,348.4,100,319.2,510,636.7,28.57,0.1263,137.4,0.3975,1,0.9419,0.5575,0.7,0.3401,0.1262,0.979,0.1632,806.7,804.6,29.81,0.3782,433.1,3.477,348.7,0.3321
13,parent,parent,140.9118,23.000,0.000,23.000,171.000,47.000,422.933,1.606,2412.000,26.733,54.567,1500,2676,137,110.4,10.02,2,0.8308,0.8854,12,0.01578,13.89,10.98,44.58,1.797,18.5,0.5,29.15,29.76,8.082,1.905,0.3436,1544,247.9,3.748,214.9,1.447,1.865,25.78,79.41,12.98,2.835,104.4,900,41.88,6.537,1.344,353,99.65,296.8,496.6,648.6,24.26,0.1068,153.1,0.3967,0.7255,0.8053,0.5283,0.7,0.3694,0.1349,0.9442,0.2147,639.6,761,25.33,0.5246,407.8,2.912,388.8,0.3523
13,child0,child,98.5760,22.000,1.000,21.000,127.000,42.000,326.800,1.415,3534.000,23.340,58.933,1555,2582,125.8,120,11.21,1.739,0.7423,0.9293,10.87,0.0204,15.08,9.367,37.27,1.418,18.95,0.5,30.61,30.09,6.978,2.126,0.3467,1251,241.4,3.252,182.5,1.698,2.043,21.91,77.98,13.43,3.282,95.63,860.3,49.26,7.029,1.448,409.7,100,330.3,501.3,507.5,20.38,0.09506,187.4,0.4369,0.6789,0.8231,0.5129,0.7845,0.3245,0.1362,1,0.2268,524.3,794.5,26.07,0.5391,406.1,2.81,381.5,0.3176
13,child1,child,43.2677,13.000,0.000,13.000,57.000,18.000,-9.300,1.644,1991.000,30.333,55.250,1741,2264,128.7,115,10.55,2,0.8349,1.018,12.72,0.01546,14.88,10.38,49.09,1.854,20,0.5,24.51,28.58,7.625,1.766,0.3504,1393,257.9,4.16,177.1,1.298,1.823,24.94,75.95,13.42,3.067,106.4,864.7,37.78,5.3,1.338,346.2,100,287.3,496,611.7,23.1,0.1082,200.7,0.3859,0.5962,0.7217,0.5017,0.7227,0.3824,0.127,0.7495,0.2231,741.3,799.8,31.13,0.6692,301.4,2.828,359.9,0.4479
13,child2,child,118.4642,22.000,2.000,20.000,157.000,45.000,275.250,1.352,2591.000,27.833,65.233,1889,2800,123.6,120,10.63,1.723,0.7586,0.7689,13.58,0.0194,16.88,11.79,37.95,1.863,19.38,0.4206,23.72,40.9,8.756,1.984,0.4617,1404,183.3,3.848,261.1,1.517,2.085,20.78,73.19,16.13,2.88,121.6,900,36.92,7.533,1.384,363.8,94.9,294.9,486.6,493.3,21.01,0.09605,195.3,0.3588,0.7438,0.7271,0.4599,0.7383,0.4352,0.1208,0.818,0.1932,677.2,643.6,24.24,0.5737,387.5,3.766,319,0.341
13,child3,child,22.6008,10.000,1.000,9.000,56.000,38.000,259.150,1.621,3692.000,28.660,62.067,1459,2699,142.1,105.4,10.31,2,0.8729,1.083,13.97,0.0138,15.06,9.56,44.8,1.484,20,0.4925,28.25,27.64,9.207,1.784,0.3132,1560,244.4,3.73,201.1,1.567,1.641,21.22,81.81,12.1,2.951,110.5,834.3,34.38,5.665,1.154,306.7,95.95,354,498,568.8,21.33,0.1001,156,0.3922,0.7786,0.8332,0.4256,0.7821,0.3407,0.1353,1,0.1743,531.2,707.7,22.86,0.4535,427.3,3.518,377,0.3086
13,child4,child,89.7036,15.000,1.000,14.000,138.000,54.000,444.750,0.750,3436.000,26.847,43.217,1467,2156,151,117.7,8.55,2,0.8045,0.8635,10,0.01705,15.79,10.12,42.87,2.073,18.01,0.5,32.02,38.26,8.348,1.813,0.2975,1360,229,3.815,253.1,1.416,1.494,26.2,70.59,12.17,2.852,131.1,900,36.62,6.261,1.203,337.9,100,317.5,522.9,786.6,21.35,0.1037,163.5,0.4138,0.668,0.918,0.6549,0.8383,0.3431,0.143,1,0.2218,676.2,722,29.35,0.4676,450.9,3.275,400,0.2997
13,child5,child,106.4798,22.000,0.000,22.000,125.000,55.000,442.000,0.799,3452.000,25.313,52.083,1453,2682,131.8,120,11.36,2,0.8619,0.879,11.83,0.01681,17.78,13.72,49.9,1.746,16.36,0.473,28.23,30.28,8.958,2.005,0.3491,1478,233.2,3.114,175.2,1.589,1.786,32.19,91.95,13.75,2.515,115.5,900,56.82,6.427,1.218,340.1,97.09,262.9,479.3,875.6,23.81,0.1082,154.5,0.3958,0.6913,0.7251,0.4754,0.7,0.3954,0.1668,0.8794,0.2471,588.7,908.2,26.2,0.542,484.8,2.613,400,0.3584
13,child6,child,10.2612,14.000,4.000,10.000,45.000,2.000,12.483,1.032,3500.000,33.780,50.267,1491,2800,120,89.57,8.407,1.694,0.8446,0.8595,11.43,0.01705,13.15,9.536,43.31,1.771,20,0.4704,31.41,31.76,8.12,2.079,0.2994,1590,245.9,3.822,217.4,1.247,2.009,25.07,89.16,13.08,2.59,96.46,746,40.3,5.787,1.236,383.7,100,288.7,634.3,512.7,25.46,0.1082,156.3,0.4872,0.8232,0.8158,0.4922,0.7,0.4293,0.1339,0.8818,0.1974,637.5,757.1,28.58,0.5317,405.6,2.691,400,0.3151
13,child7,child,157.2521,33.000,1.000,32.000,182.000,30.000,244.033,1.102,3305.000,33.247,48.050,1350,2800,132,113.9,9.242,2,0.8811,0.7586,12.36,0.01718,12.75,11.72,42.74,2.084,18.11,0.4827,26.3,28.57,8.982,2.027,0.3882,1703,260,3.87,250.6,1.315,1.899,30.58,80.94,12.73,3.227,95.8,877.4,38.41,6.366,1.38,379.6,91.12,260.4,517.1,746.6,23.27,0.09904,142.9,0.3938,0.7248,0.89,0.6001,0.7,0.4605,0.1383,0.9375,0.235,773,892.6,26.37,0.5785,524.9,2.547,358.4,0.3952
13,child8,child,132.6460,25.000,1.000,24.000,163.000,39.000,216.183,1.789,2701.000,30.307,38.317,1439,2329,136.8,110.6,10.7,2,1.018,0.8328,10.98,0.01491,13.62,9.526,39.79,1.678,18.11,0.5,33.59,29.74,11.26,2.228,0.3187,1588,234.5,3.44,250.1,1.603,2.174,26.77,72.19,11.58,2.972,95.39,797.5,31.5,5.749,1.352,337.8,100,352.1,601,697.1,25.17,0.1034,152.8,0.397,0.7381,0.8728,0.5607,0.7,0.4628,0.1288,0.8479,0.1619,559.7,785.7,25.89,0.5303,414.9,3.194,373.5,0.4296
13,child9,child,83.5574,21.000,0.000,21.000,102.000,15.000,59.383,1.670,2603.000,28.867,65.483,1505,2692,116.7,120,9.15,2,0.8574,0.8776,10.58,0.01667,14.28,10.88,45.49,1.448,20,0.3583,32.93,29.56,7.333,1.991,0.3692,1677,211.3,3.541,221.7,1.36,1.941,28.57,92.5,14.43,2.886,101.5,694.3,48.32,7.709,1.239,304.6,96.94,330.6,531.7,752.5,24.77,0.09046,139.4,0.3402,0.7727,0.9246,0.6004,0.7632,0.2961,0.12,0.9827,0.2269,676.8,665.1,26.25,0.5053,455.5,2.577,368.7,0.3546
13,child10,child,148.5950,27.000,1.000,26.000,181.000,40.000,234.183,1.419,2650.000,27.900,40.083,1610,2800,111.8,114.4,9.727,2,0.8057,0.8511,13.32,0.01819,13.47,9.479,45.68,2.176,19.59,0.5,34.25,36.6,8.509,2.102,0.3682,1524,264.2,3.237,180.9,1.437,1.594,22.79,88.93,12.09,3.224,109,823,50.26,6.284,1.193,356.4,97.59,294.1,531.9,556,23,0.09758,130.6,0.3852,0.751,1,0.5941,0.7957,0.3444,0.1044,0.9013,0.2387,662.1,1022,20.95,0.5615,400.3,2.443,358.3,0.3313
13,child11,child,112.0169,25.000,0.000,25.000,133.000,40.000,446.183,1.711,3936.000,26.007,53.017,1370,2739,158.5,89.51,9.868,1.984,0.8429,1.02,10.17,0.01447,13.1,11.18,44.98,1.768,18.66,0.5,32.08,30.49,8.084,2.472,0.3733,1550,225.4,3.664,231,1.507,1.659,24.17,73.57,11.9,2.608,123.3,900,40.12,7.925,1.399,350.9,100,322.6,575.2,596.8,22.39,0.1147,140.9,0.3987,0.6576,0.6708,0.5305,0.701,0.326,0.1326,1,0.1986,657.6,743.5,24.68,0.5773,506.4,3.347,400,0.3809
13,child12,child,63.5197,16.000,1.000,15.000,131.000,21.000,89.550,1.258,4398.000,39.653,56.550,1602,2327,135.2,119.1,9.498,2,0.8851,0.7387,13.2,0.01671,12.66,10.18,47.47,1.85,19.98,0.4425,24.3,28.5,7.789,1.73,0.3044,1578,241.2,3.415,202.2,1.322,1.698,23.95,95.56,15.93,2.733,97.97,867.8,33.78,6.774,1.562,347.2,81.26,281.4,568.9,669.8,21.43,0.127,155.3,0.4221,0.5577,0.7328,0.5252,0.8248,0.3247,0.145,0.9304,0.215,613.4,785.9,25.07,0.6583,340.2,3.003,343.5,0.3544
13,child13,child,158.6753,30.000,0.000,30.000,218.000,42.000,285.450,0.147,4634.000,29.007,52.667,1541,2655,166.9,120,9.254,2,0.9598,1.075,12.48,0.0138,14.08,10.83,41.8,1.844,20,0.4868,30.92,32.38,8.197,2.259,0.3453,1684,240.6,3.312,199.2,1.413,1.622,27.68,71.95,10.99,3.189,109.5,900,36.8,5.495,1.597,394.6,100,255.6,484.2,654.4,28.09,0.09311,144.1,0.3967,0.7379,0.7262,0.4988,0.7957,0.3829,0.1258,0.9441,0.1871,583,853.9,22.53,0.597,389.9,3.002,400,0.3691
13,child14,child,118.5409,22.000,0.000,22.000,170.000,13.000,48.667,1.488,2924.000,29.813,45.550,1406,2423,140.5,105.5,11.68,2,1.012,0.806,12.3,0.01506,13.54,9.755,49.55,1.617,19.25,0.4904,26.96,30.41,8.536,1.847,0.4232,1930,267.8,3.109,195.2,1.709,1.846,21.98,83.14,12.74,2.588,90.5,848.2,37.07,7.416,1.331,326,89.38,322.6,513.7,759.4,22.75,0.1234,160,0.3389,0.8741,0.6137,0.544,0.7,0.4693,0.1739,0.9397,0.2103,691.2,654.9,30.87,0.504,331,3.774,382,0.3552
13,child15,child,134.2861,26.000,1.000,25.000,176.000,25.000,173.300,1.890,2889.000,27.980,64.367,1454,2800,117.4,120,11.57,2,0.7771,0.9806,11.33,0.01373,12.76,9.669,45.19,2.124,17.18,0.4328,26.79,35.29,8.154,1.706,0.2829,1821,285.7,3.757,252.9,1.583,1.941,25.39,75.04,12.52,2.57,138.3,829.9,36.29,6.97,1.244,417.9,100,290.9,462.6,719,27.92,0.09672,185.2,0.3836,0.7864,0.8062,0.4623,0.7,0.4065,0.1471,0.8922,0.2209,684.5,815.4,28.18,0.4365,415.4,2.888,400,0.4121
14,parent,parent,158.0158,27.000,0.000,27.000,241.000,36.000,286.983,-0.039,4843.000,28.893,50.850,1541,2655,166.9,120,9.254,2,0.9598,1.075,12.48,0.0138,14.08,10.83,41.8,1.844,20,0.4868,30.92,32.38,8.197,2.259,0.3453,1684,240.6,3.312,199.2,1.413,1.622,27.68,71.95,10.99,3.189,109.5,900,36.8,5.495,1.597,394.6,100,255.6,484.2,654.4,28.09,0.09311,144.1,0.3967,0.7379,0.7262,0.4988,0.7957,0.3829,0.1258,0.9441,0.1871,583,853.9,22.53,0.597,389.9,3.002,400,0.3691
14,child0,child,119.4741,26.000,2.000,24.000,161.000,49.000,431.883,1.128,4363.000,26.893,57.083,1488,2572,192,120,8.53,2,0.8575,1.091,11.85,0.01248,12.96,9.486,41.06,1.853,17.91,0.4108,28.54,35.06,8.772,2.136,0.3969,1894,259.4,3.052,234.9,1.502,1.641,25.64,62.84,10.45,3.368,104.5,892.3,37.07,6.175,1.955,430,100,369,515.5,711.7,26.76,0.0918,154.9,0.3053,0.8463,0.706,0.4423,0.7529,0.3948,0.1234,0.967,0.2279,690,948.1,21.3,0.6643,397.2,3.662,304.2,0.3192
14,child1,child,126.7147,24.000,0.000,24.000,169.000,52.000,365.267,1.242,3782.000,24.667,78.250,1345,2326,165.5,115.4,10.83,1.59,1.2,1.034,10.98,0.01369,15.13,10.94,39.85,1.939,20,0.5,25.65,40.89,8.111,2.304,0.3518,1908,230.3,3,198.3,1.413,1.703,28.65,67.62,11.17,2.64,103.9,900,40.1,5.546,1.842,359.2,96.21,332.5,377.5,570.1,27.85,0.08932,168.1,0.3782,0.7839,0.7236,0.4863,0.7333,0.335,0.1033,0.9436,0.19,519.2,928.4,24.67,0.6194,350.6,3.358,395.6,0.3666
14,child2,child,161.7723,26.000,0.000,26.000,234.000,68.000,451.983,1.027,4738.000,25.907,64.100,1266,2482,174.6,119.7,8.625,2,0.8916,1.099,13.78,0.01445,11.83,10.7,43.08,1.661,20,0.424,37.09,29.67,7.713,2.753,0.3505,1447,275.5,3.585,193.1,1.269,1.425,26.03,62.68,12.53,2.817,142.6,900,41.88,5.309,1.75,380.2,100,251.1,511.3,726.7,28.15,0.09151,134.3,0.3713,0.7784,0.6324,0.4742,0.7,0.3413,0.117,1,0.1702,683.9,871.9,25.56,0.5214,459.6,2.856,400,0.3235
14,child3,child,129.8334,22.000,1.000,21.000,166.000,58.000,378.783,1.326,2784.000,32.220,49.433,1420,2800,139.3,112.9,9.881,1.876,1.092,1.098,11.88,0.01416,11.85,10.38,47.79,2.326,19.02,0.4635,35.81,31.75,6.974,2.322,0.3955,1645,205.6,4.112,164,1.417,1.537,27.03,73.63,10.26,3.53,118.7,900,35.89,4.658,1.579,402.9,83.07,232.9,567.6,606.9,22.12,0.09043,165.3,0.3548,0.739,0.6713,0.5398,0.7079,0.4458,0.1401,1,0.1749,586.4,956.8,22.97,0.6486,367.1,2.562,400,0.3937
14,child4,child,107.3060,27.000,0.000,27.000,134.000,25.000,115.483,0.370,3989.000,26.220,56.767,1502,2244,198.7,120,9.113,1.886,1.19,1.357,10.56,0.01766,12.14,10.69,43.55,1.484,18.14,0.5,36.52,28.89,7.793,1.911,0.3169,1626,213.5,3.28,227.3,1.331,1.415,29.72,60.47,10.91,3.267,111.3,687.1,45.83,5.107,1.521,425.2,99.23,293.4,448.6,836.1,29.04,0.08507,174,0.3849,0.6589,0.7179,0.6174,0.7,0.3737,0.1375,0.9873,0.2306,588,793.2,21.83,0.6912,421.2,2.483,400,0.3612
14,child5,child,121.4683,29.000,2.000,27.000,160.000,33.000,180.133,0.302,4223.000,25.453,51.100,1478,2515,184.1,120,9.261,1.92,0.9822,1.388,13.42,0.01457,15.35,13.56,38.12,1.573,20,0.5,29.75,34.22,8.331,2.569,0.3618,1495,291.2,3.579,190.8,1.383,1.862,29.47,72.03,10.07,2.657,124,900,50.35,4.48,2.046,457,87.22,220.3,578.3,787.7,29.5,0.09778,131.3,0.3309,0.7937,0.646,0.4959,0.7812,0.3236,0.1299,0.9813,0.1638,603.6,1028,20.3,0.5689,402.4,2.406,348.2,0.287
14,child6,child,106.0246,27.000,0.000,27.000,123.000,2.000,-8.950,2.434,2786.000,27.987,72.550,1570,2619,168.1,109.5,8.146,2,0.8945,1.24,12.21,0.01474,11.38,10.98,47.31,2.112,15.09,0.4542,40.61,32.63,6.436,2.17,0.3281,1726,212.6,3.197,229.3,1.576,1.848,30.32,78.9,12.87,4.704,120,897.6,35.75,6.132,1.789,339.2,88.76,376.6,489,636.8,26.08,0.0899,185.9,0.4259,0.7999,0.6942,0.5894,0.8557,0.4052,0.1094,1,0.1688,543,718.5,27.66,0.6272,489.4,2.528,320.1,0.3057
14,child7,child,135.8788,24.000,0.000,24.000,207.000,43.000,203.650,0.414,4326.000,27.913,64.500,1367,2344,152.9,120,10.45,1.874,0.9986,0.9687,12.18,0.01132,16.84,11.25,39.39,1.913,20,0.489,34.6,28.26,8.159,2.25,0.3764,1451,177.3,3.21,210.3,1.32,1.639,32.05,66.21,10.65,2.654,87.95,900,34.1,6.449,1.707,374.5,97.7,251.3,389.1,736.3,35.1,0.0902,171.1,0.3687,0.8931,0.7153,0.446,0.8259,0.3752,0.1275,1,0.1953,479.7,930.3,20.56,0.6136,420.7,3.003,391.3,0.2918
14,child8,child,164.6531,36.000,0.000,36.000,204.000,40.000,301.050,1.334,5192.000,28.313,52.833,1636,2701,170.4,112.1,9.589,2,1.2,0.9128,12.98,0.01104,15.71,9.627,34.55,1.708,20,0.4706,33.66,30.7,7.451,1.92,0.3561,1442,236.8,3.83,185.7,1.282,1.735,33.29,62.08,13.83,3.786,113,900,34.84,5.595,1.574,338.3,100,221,594.9,584.2,29.85,0.1195,162,0.3862,0.7649,0.6599,0.4506,0.8612,0.3702,0.1334,0.7403,0.1757,623.8,952.2,21.93,0.6004,460.6,3.302,400,0.4269
14,child9,child,80.9430,21.000,0.000,21.000,115.000,35.000,279.450,0.679,4375.000,27.707,59.650,1493,2800,153.2,113.8,8.106,1.978,0.9698,1.076,13.3,0.01625,14.66,13.94,36.04,2.5,19.15,0.4888,31.62,35.59,8.849,2.301,0.2942,1619,224.3,3.445,198.9,1.07,1.661,26.8,70.32,10.02,3.172,119.6,900,37.68,5.285,1.585,420.2,100,253.1,482.9,637,29.95,0.1133,153.3,0.3833,0.8728,0.6421,0.6038,0.8672,0.3643,0.111,0.9106,0.2255,565.7,828.4,20,0.6627,427.8,3.074,400,0.4127
14,child10,child,144.9278,26.000,0.000,26.000,192.000,32.000,365.700,0.770,3340.000,30.713,67.000,1661,2506,158.5,120,10.87,2,0.9453,1.227,10.84,0.01642,15.44,9.461,45.01,1.775,20,0.5,26.86,45.26,7.995,2.577,0.4133,1888,237.4,3.252,211.9,1.277,1.812,27.25,79.63,11.15,3.317,89.89,900,39.41,5.464,1.524,424.4,82.08,292.6,523.9,721.2,31.58,0.09437,131.8,0.4478,0.7166,0.8919,0.4911,0.7788,0.3784,0.1108,0.8702,0.1987,644,780.7,20,0.6237,348,3.191,400,0.3754
14,child11,child,113.9616,21.000,0.000,21.000,147.000,36.000,272.867,1.526,2669.000,27.473,65.217,1416,2800,132.8,118.8,9.903,1.997,0.9566,0.8008,13.5,0.01464,15.73,11.44,48.61,1.93,15.11,0.4336,25.45,30.9,8.983,2.655,0.468,1727,242.3,3.034,207,1.559,1.745,35.92,76.06,10.13,2.791,119.6,900,36.54,6.02,1.771,378.3,100,253.3,382,671.9,31.51,0.08828,158.1,0.3952,0.783,0.8084,0.4146,0.7063,0.3755,0.1248,0.7066,0.1724,511.5,927,20.02,0.5608,363.6,3.734,400,0.4578
14,child12,child,41.5539,24.000,1.000,23.000,45.000,-3.000,-113.417,1.481,4020.000,20.767,55.417,1367,2521,179.9,96.13,10.85,2,0.9621,0.9185,10.06,0.01484,16.99,12.27,38.52,1.771,20,0.5,36.82,32.86,8.457,2.118,0.2978,1603,252.7,3,228.9,1.423,1.352,26.53,66.22,8.28,2.766,113,708.8,49.62,5.801,1.603,392.6,100,300.2,554.4,578.3,28.86,0.09815,115.5,0.3902,0.5477,0.6732,0.5094,0.7,0.403,0.1206,1,0.212,554,847.1,23.02,0.6747,389.8,2.536,400,0.4541
14,child13,child,151.8444,27.000,0.000,27.000,232.000,31.000,263.467,0.539,4748.000,28.827,65.317,1359,2800,171.7,113.3,8.157,2,1.098,1.157,12.03,0.01387,13.05,10.87,49.36,2.056,17.56,0.4857,32.29,36.95,8.546,2.345,0.3302,1975,242,3.986,210.4,1.674,1.659,32.08,74.64,11.41,2.843,88.79,636.7,39.31,5.855,1.524,441.4,100,231.6,485,628.3,24.06,0.12,164.3,0.4418,0.692,0.5683,0.4775,0.9444,0.3309,0.1268,0.8991,0.1951,608.2,961.2,22.09,0.4849,438.9,3.18,400,0.3509
14,child14,child,66.7323,21.000,3.000,18.000,105.000,-3.000,-21.567,1.648,3084.000,29.820,57.383,1727,2421,209,108.7,8.953,1.767,0.971,0.9064,13.11,0.0108,14.38,10.79,43.37,1.902,18.5,0.4901,31.68,30.11,8.939,2.133,0.3541,1745,283.8,3.256,177,1.837,1.344,26.24,76.51,8.657,3.253,103.7,900,31.9,6.094,2.148,390.4,100,282.4,389.9,745,27.2,0.09987,145.8,0.3849,0.8579,0.8739,0.484,0.8357,0.287,0.1359,1,0.1677,599.6,1134,22.16,0.5955,432,2.964,400,0.386
14,child15,child,145.5830,27.000,0.000,27.000,206.000,39.000,404.100,0.253,4718.000,26.307,46.150,1659,2800,132.8,120,10.16,2,0.7849,0.8272,14.56,0.0132,16.74,8.829,39.31,1.521,19.96,0.5,30.7,28.82,11.17,2.205,0.3468,1841,258.1,3.304,201.8,1.631,1.765,27.43,69.83,10,3.968,127.2,900,39.13,5.099,1.45,373,100,257.6,385.5,600.1,30.8,0.07648,130.3,0.3519,0.724,0.6911,0.4474,0.7927,0.3897,0.1275,0.9963,0.1975,505,658.5,21.4,0.632,364.1,3.027,374.9,0.3476
15,parent,parent,111.8389,24.000,0.000,24.000,156.000,17.000,87.967,1.029,3681.000,24.600,45.650,1636,2701,170.4,112.1,9.589,2,1.2,0.9128,12.98,0.01104,15.71,9.627,34.55,1.708,20,0.4706,33.66,30.7,7.451,1.92,0.3561,1442,236.8,3.83,185.7,1.282,1.735,33.29,62.08,13.83,3.786,113,900,34.84,5.595,1.574,338.3,100,221,594.9,584.2,29.85,0.1195,162,0.3862,0.7649,0.6599,0.4506,0.8612,0.3702,0.1334,0.7403,0.1757,623.8,952.2,21.93,0.6004,460.6,3.302,400,0.4269
15,child0,child,103.9148,23.000,1.000,22.000,146.000,24.000,147.717,1.448,3563.000,23.920,55.417,1525,2800,192.8,112.2,11.83,2,1.2,0.7268,13.91,0.01165,17.96,7.438,34.38,1.683,18.51,0.5,28.97,28.25,7.509,1.818,0.3521,1322,225.7,3.357,212.1,1.406,1.943,31,64.56,14.3,3.989,122.6,900,34.75,6.743,1.305,312.8,100,233.1,703.1,565.8,32.69,0.1107,162.9,0.4511,0.6934,0.6844,0.4613,0.7737,0.3859,0.1236,0.6703,0.1559,785.5,877,24.92,0.6657,363.2,3.684,400,0.5153
15,child1,child,89.4117,19.000,0.000,19.000,119.000,22.000,211.633,0.634,2910.000,22.447,46.933,1799,2800,163.8,90.96,9.718,1.954,1.186,0.8848,15.45,0.01109,14.87,10.84,33.13,1.817,20,0.4786,32.64,31.7,6.712,1.748,0.3234,1511,248.4,3,208.6,1.519,1.735,34.52,59.59,15.56,3.653,116.3,725.1,38.93,5.997,1.505,322.8,100,232,557.8,582.5,28.5,0.1088,161.8,0.3875,0.686,0.6525,0.4093,0.7078,0.3333,0.1474,0.7444,0.1509,563.1,1081,25.62,0.6502,440.5,3.712,313.4,0.4007
15,child2,child,99.4131,20.000,3.000,17.000,168.000,37.000,178.183,0.126,3869.000,30.420,48.817,1352,2729,134,108.2,10.44,1.699,1.176,1.017,14.43,0.01021,15.6,11.94,40.56,2.046,18.4,0.5,35.42,25.41,7.954,1.807,0.3829,1340,254.2,4.388,195.6,1.716,1.859,35.87,74.69,15.92,3.427,93.31,900,39.2,5.109,1.528,436.6,89.78,167.6,492.3,610.4,31.7,0.133,175.4,0.3426,0.7024,0.7324,0.4473,0.7888,0.2796,0.145,0.8665,0.1897,663.5,994.9,22.81,0.6229,495.9,3.473,400,0.4182
15,child3,child,125.4526,24.000,1.000,23.000,202.000,0.000,138.317,-1.007,3746.000,25.487,68.017,1360,2528,150.8,118.1,7.383,2,1.171,0.9676,10.48,0.01139,15.12,8.865,35,1.524,18.43,0.5,31.78,26.71,6.392,1.97,0.4277,1364,270.9,3.771,156.2,1.394,1.67,33.51,63.97,11.08,4.248,126.6,900,34.66,5.954,1.692,371.7,86.76,202.2,506.1,494.9,33.19,0.1205,200.4,0.4015,0.7472,0.6608,0.4709,0.8012,0.2962,0.1278,0.8222,0.1972,615.9,937,20.23,0.5973,432.4,2.985,382.6,0.4392
15,child4,child,32.4873,10.000,1.000,9.000,83.000,-11.000,-112.950,-1.853,2458.000,16.707,43.767,1593,2074,157.8,120,9.82,2,1.2,0.8119,11.8,0.01127,16.03,11.23,30.42,1.731,19.88,0.5,30.58,30.17,6.79,2.137,0.3391,1178,218.1,3.322,189.7,1.308,1.682,30.42,54.96,15.1,4.19,126.5,881,41.75,5.441,1.709,398.9,97.46,195.6,558.2,490.6,28.24,0.1339,173.9,0.3519,0.6125,0.7379,0.4882,0.8879,0.3619,0.146,0.6713,0.184,721.2,951.2,23.81,0.6506,527.2,3.742,400,0.4338
15,child5,child,96.3439,18.000,0.000,18.000,145.000,26.000,173.767,1.618,3049.000,31.873,59.633,1756,2585,155.7,120,9.871,2,1.2,0.8459,14.08,0.01012,16.12,9.467,37.16,1.491,19.3,0.4945,42.11,35.43,7.241,2.302,0.4721,1982,193.1,4.395,148.3,1.123,1.558,32.45,65.92,12.7,3.3,123.3,764.3,36.31,5.865,1.657,393.4,93.96,204.8,519.9,588.1,25.67,0.1174,124.3,0.4087,0.6872,0.63,0.4521,0.7161,0.3769,0.1547,0.7695,0.1876,579.3,1057,20,0.6609,376.3,2.828,400,0.3849
15,child6,child,101.0598,21.000,1.000,20.000,155.000,22.000,207.783,1.063,3665.000,24.307,64.467,1213,2800,182.4,84.49,8.792,2,1.017,1.174,11.56,0.009444,18.71,13.46,33.51,2.002,20,0.5,28.64,27.11,7.373,1.915,0.377,1320,247.4,3.29,170.4,1.252,1.984,41.99,55.27,13.72,3.488,90.24,843.5,31.54,4.835,1.565,309.2,100,260.1,523.4,639.2,35.26,0.1231,222.4,0.4271,0.6664,0.6015,0.5275,0.8313,0.296,0.1316,0.7151,0.1531,663.3,927.3,20.93,0.45,510.7,3.616,400,0.465
15,child7,child,80.5176,22.000,1.000,21.000,129.000,-11.000,-73.667,0.458,3280.000,22.033,85.350,1977,2520,134.2,111.4,8.922,2,1.2,0.8365,14.11,0.013,12.78,8.065,32.62,1.865,19.09,0.4916,37.05,28.63,7.574,1.83,0.3868,1595,266.2,3.076,161.5,1.419,1.57,40.08,56.01,13.88,3.991,88.38,840.4,35.18,4.549,1.63,307,100,170.3,558.2,583.3,35.68,0.1268,153.4,0.403,0.714,0.6616,0.4317,1,0.3591,0.131,0.7136,0.1691,465.1,767.9,20,0.5181,478.4,3.39,329.7,0.4502
15,child8,child,62.1470,17.000,1.000,16.000,105.000,-3.000,0.867,-0.655,2933.000,20.947,60.183,1885,2593,186.5,98.02,9.165,1.959,1.177,0.904,13.44,0.01027,15.68,8.181,34,1.525,18.74,0.3789,36.79,26.54,7.703,1.657,0.3347,1302,262.7,3.789,201.6,1.18,2.3,34.02,61.91,12.58,4.175,105.6,900,41.62,5.599,1.858,334.4,96.29,193,594.9,625.1,29.08,0.11,147.1,0.3882,0.5669,0.7398,0.5605,0.7857,0.3378,0.1272,0.7455,0.1712,711.8,978.1,23.44,0.5624,564.2,3.472,367.1,0.4
15,child9,child,77.2344,16.000,1.000,15.000,138.000,15.000,53.017,1.401,3108.000,28.780,75.683,1674,2800,178,120,9.442,1.872,1.074,0.8478,12,0.01066,13,9.016,29.78,1.86,19.18,0.5,39.47,23.87,9.206,2.042,0.3269,1242,211.4,4.036,182.5,1.321,1.997,28.91,69.88,12.63,4.416,122.7,819.7,31.29,6.255,1.525,276.4,87.11,219.1,593.8,565.9,26.55,0.1305,192.1,0.3826,0.5429,0.611,0.5498,0.7338,0.3812,0.1461,0.8208,0.1851,487.9,1139,23.09,0.4848,511.3,4,400,0.5098
15,child10,child,141.6501,28.000,0.000,28.000,181.000,30.000,242.750,0.462,3713.000,26.760,41.300,1396,2563,151,109.3,8.878,2,1.2,1.125,14.44,0.01083,17.39,9.92,32.62,1.686,18.12,0.5,34.58,28.83,6.887,1.906,0.4061,1133,251.8,3.882,192.1,1.309,1.821,39.28,65.81,15.39,4.028,102.4,900,34.79,4.986,1.44,378.6,100,195.9,640.2,580.5,30.09,0.1275,153.6,0.4186,0.8879,0.7338,0.4624,0.8295,0.4977,0.13,0.8326,0.1586,626.4,927.2,20.3,0.6527,517,3.091,321.2,0.4771
15,child11,child,117.3740,15.000,0.000,15.000,190.000,53.000,392.150,0.131,3444.000,23.160,43.783,1587,2686,195.8,101.5,9.633,2,1.085,0.9307,12.57,0.009736,20.04,12.52,36.47,1.629,19.7,0.3862,27.49,30.23,6.619,1.376,0.2937,1239,204.8,3.822,204.5,1.249,1.912,41.98,54.41,13.92,4.238,110.7,900,33.35,5.253,1.489,342.5,92.05,235.7,454.9,555.8,25.8,0.1257,127.8,0.331,0.8192,0.6222,0.4344,0.8898,0.3215,0.1158,0.8812,0.1973,616.4,845.9,20,0.6348,546,3.026,400,0.4365
15,child12,child,45.3890,11.000,1.000,10.000,101.000,6.000,22.650,-1.404,2907.000,19.020,50.900,1356,2421,184,120,7.885,2,1.1,1.009,13.36,0.01272,15.72,9.892,38.51,1.705,17.45,0.3669,40.16,26.86,6.505,1.824,0.3529,1629,168.2,3.719,172.7,1.034,1.823,34.61,56.71,14.7,3.587,84.25,736.5,39.97,5.796,1.377,264.1,100,249.4,648.7,537.2,30.94,0.118,176.6,0.3737,0.8463,0.7779,0.5141,0.9004,0.3202,0.1249,0.7898,0.2005,659.8,963.8,23.75,0.6762,464.5,3.586,400,0.3894
15,child13,child,105.5724,21.000,0.000,21.000,135.000,36.000,352.833,-0.095,3244.000,24.600,42.367,1497,2328,156.2,120,10.06,2,1.099,1.058,10.65,0.01,16.39,8.405,36.16,1.612,19.71,0.3798,29.42,37.4,6.551,1.907,0.3533,1213,201.1,3.85,152.2,1.347,1.906,32.85,62.78,13.82,3.16,117.3,900,31.24,5.035,1.654,390.4,97.23,176.8,535.8,577.6,26.3,0.1228,153.8,0.3878,0.9561,0.6783,0.3905,0.9831,0.3651,0.1274,0.6069,0.1981,634.4,1000,20,0.5649,425,3.04,398.6,0.467
15,child14,child,118.9396,21.000,1.000,20.000,198.000,23.000,134.750,1.393,3845.000,28.987,67.033,1990,2800,173.2,120,10.67,2,1.077,0.9243,12.71,0.01101,17.13,10.41,28.54,1.809,20,0.4714,43.66,33.91,7.688,1.914,0.4275,1248,224.3,4.537,211.2,1.513,1.901,29.52,61.45,13.67,3.694,100.2,900,36.77,5.167,1.73,389,100,222.3,636.6,636,27.55,0.117,118.7,0.4958,0.7102,0.671,0.4321,0.918,0.4225,0.1235,0.8379,0.1488,561.1,1200,20,0.6508,480.1,3.715,386.4,0.4399
15,child15,child,77.1447,21.000,2.000,19.000,128.000,19.000,102.900,0.622,3771.000,28.893,94.250,1745,2800,205.1,120,11.49,1.822,1.2,0.886,13.95,0.008508,17.94,9.115,36.25,1.481,20,0.3884,31.51,31.27,8.943,2.264,0.3426,1589,216.5,4.188,209.4,1.296,1.722,31.57,75.15,14.81,4.328,96.56,900,40.12,6.037,1.58,320,100,295.8,568.4,571.9,32.27,0.1069,163.3,0.434,0.7338,0.6254,0.387,0.9114,0.3669,0.1646,0.7507,0.1511,537.2,969.2,20,0.5591,453.5,3.792,351.4,0.4065
16,parent,parent,134.9253,28.000,0.000,28.000,177.000,31.000,237.317,0.488,4074.000,26.500,53.750,1396,2563,151,109.3,8.878,2,1.2,1.125,14.44,0.01083,17.39,9.92,32.62,1.686,18.12,0.5,34.58,28.83,6.887,1.906,0.4061,1133,251.8,3.882,192.1,1.309,1.821,39.28,65.81,15.39,4.028,102.4,900,34.79,4.986,1.44,378.6,100,195.9,640.2,580.5,30.09,0.1275,153.6,0.4186,0.8879,0.7338,0.4624,0.8295,0.4977,0.13,0.8326,0.1586,626.4,927.2,20.3,0.6527,517,3.091,321.2,0.4771
16,child0,child,109.4529,20.000,0.000,20.000,160.000,34.000,194.733,1.558,3406.000,29.873,49.733,1321,2133,135.6,120,9.062,1.934,1.2,1.101,13.46,0.01072,18.13,8.663,34.65,1.53,20,0.5,33.27,31.17,7.26,2.105,0.4467,1161,241.5,4.405,225,1.327,2.158,35.23,60.82,11.4,3.301,86.63,761.5,36.07,4.054,1.373,390.4,100,183.4,584.3,607.2,27.62,0.1436,153.3,0.4103,0.8299,0.5986,0.3594,0.7,0.3938,0.1337,0.8482,0.1351,637.4,1089,20,0.6825,508,3.234,340.9,0.5241
16,child1,child,152.3924,30.000,0.000,30.000,168.000,38.000,232.133,2.578,2811.000,29.993,40.300,1606,2594,134.6,105.5,7.668,2,1.2,1.05,13.37,0.01129,20.75,9.734,36.37,2.096,13.72,0.4739,42.12,29.07,6.85,2.084,0.3171,1109,214.3,3.883,191.4,1.456,1.537,52.34,72.73,12.71,4.395,104.1,900,30.28,6.184,1.541,376.9,100,169.2,625,529.5,31.57,0.1148,142.1,0.4449,0.9582,0.739,0.4688,0.7821,0.6,0.1136,0.9538,0.137,634.8,926.3,25.14,0.8,488.2,3.418,244.6,0.4716
16,child2,child,137.6852,33.000,1.000,32.000,131.000,28.000,225.867,2.257,2600.000,30.307,60.300,1481,2129,145.9,113.4,7.89,2,1.018,0.8854,14.04,0.00901,16.69,9.421,43.74,1.347,18.58,0.5,32.78,27.28,7.081,1.952,0.4012,1171,237.6,3.712,170.2,1.299,1.78,43.76,82.21,14.37,3.482,92.76,814.7,43.32,4.311,1.406,408.8,93.96,185.7,617.3,529.5,25.05,0.1389,160,0.4111,1,0.8531,0.4468,0.7499,0.5393,0.1326,0.882,0.154,871.7,927.8,20,0.8,582.4,2.95,323,0.4012
16,child3,child,84.9416,22.000,0.000,22.000,102.000,28.000,257.433,2.306,3536.000,29.133,56.867,1350,2800,161.2,106.1,9.892,2,1.131,1.234,13.49,0.01039,17.48,9.677,30.3,1.38,15.8,0.4275,35.6,32.77,7.308,1.626,0.4313,1080,203.3,4.194,211,1.368,1.676,39.82,56.4,16.7,2.928,91.97,678.6,36.31,4.318,1.169,410.4,94.07,218,764.8,613.5,31.46,0.1592,164.5,0.3823,0.821,0.7588,0.4755,0.974,0.546,0.1335,1,0.1546,671.8,1013,21.16,0.7703,507.6,2.63,312.6,0.4566
16,child4,child,153.8709,33.000,0.000,33.000,199.000,26.000,228.133,1.744,4677.000,28.620,56.317,1452,2339,134.4,106.3,9.047,1.981,1.121,1.028,11.88,0.01319,15.18,9.569,36.38,1.589,20,0.4454,34.76,27.79,6.957,1.701,0.4313,1181,291.8,3.509,168.5,1.098,1.896,42.84,69.11,13.61,3.417,105,782,41.16,4.355,1.218,382.1,100,148.7,625.6,484.6,33.37,0.1256,157.6,0.4349,0.7415,0.8063,0.4352,1,0.48,0.1253,0.9112,0.1417,509.5,1039,20.19,0.6721,575.5,2.775,355.9,0.4471
16,child5,child,83.2429,19.000,1.000,18.000,108.000,24.000,219.683,3.745,2759.000,29.833,52.500,1408,2758,215.6,111.5,7.535,1.822,1.2,1.091,13.2,0.008956,17.23,10.5,30.23,1.264,17.52,0.4862,37.23,32.64,5.745,1.856,0.4392,1199,279.5,4.02,206,0.9282,1.865,35.13,69.94,14.31,3.994,104.1,670.7,32.12,5.13,1.416,517.1,78.74,190.6,480.7,548.3,35.09,0.1147,199.1,0.4778,0.6014,0.676,0.4928,0.8846,0.5302,0.1249,0.8149,0.1575,606.7,839.2,21.03,0.5064,549.3,3.066,292.6,0.5794
16,child6,child,149.1333,31.000,2.000,29.000,190.000,52.000,385.100,1.713,4435.000,28.953,45.800,1201,2800,152.9,111.8,7.516,2,1.2,1.218,14.38,0.01115,17.44,10.38,33.06,1.681,17.85,0.4076,32.2,32.57,6.891,1.936,0.4005,1246,279.4,3.627,212,1.272,1.792,43.84,74.68,15.51,4.472,108.9,813.4,41.48,4.935,1.757,347.3,100,208,716.8,444.3,27.95,0.1501,153.6,0.3753,0.8982,0.6514,0.4156,1,0.4846,0.1051,0.8599,0.159,784.9,1122,20,0.6358,460,2.508,357.9,0.4693
16,child7,child,66.0793,15.000,1.000,14.000,115.000,31.000,140.450,2.236,3474.000,34.227,53.850,1498,2745,137.3,105.3,11.69,2,1.2,1.031,13.49,0.01172,21.38,10.87,32.83,1.84,20,0.5,40.33,31.27,7.507,1.943,0.4352,1268,309.5,4.481,199,1.236,1.643,46.16,81.26,16.49,5.378,107.5,820.9,32.22,5.417,1.17,381.2,100,223,716.7,513,29.62,0.1092,171.3,0.4292,0.9037,0.7659,0.5315,0.9536,0.5098,0.1369,0.7627,0.1652,714.4,1189,25.57,0.7049,435.2,2.417,349.5,0.5657
16,child8,child,128.4478,35.000,0.000,35.000,124.000,39.000,337.067,2.508,4560.000,26.827,60.650,1293,2513,127.9,96.78,14.14,1.537,1.088,1.138,15.56,0.01121,19.41,7.822,29.93,1.789,16.18,0.5,39.97,30.35,7.98,2.697,0.3946,1115,255.1,3.445,173.1,1.162,1.801,40.62,64.25,15.5,3.493,87.81,803.9,34.53,4.266,1.587,338.1,100,237.9,659.5,644.4,27.04,0.1415,163.3,0.4064,0.7773,0.8075,0.5215,0.9533,0.4928,0.1566,0.869,0.1639,623.1,899.1,20,0.7603,646.5,2.791,284.7,0.5704
16,child9,child,95.9507,18.000,0.000,18.000,131.000,43.000,468.417,-0.286,3175.000,24.113,72.133,1501,2763,147.3,120,7.172,2,1.2,0.9073,16.16,0.008898,18.55,9.352,27.46,1.519,20,0.4606,38.69,31.26,6.184,2.462,0.338,1031,229.2,3.726,195.4,1.423,1.655,35.6,64.98,16.74,3.671,90.47,900,34.09,4.28,1.099,423.8,87.14,219.9,669.4,561,30.5,0.1215,150.3,0.3539,0.8675,0.6465,0.5788,0.7,0.4424,0.1179,0.6356,0.1779,583.9,836.9,21.66,0.7892,444.2,3.154,260.7,0.4669
16,child10,child,78.2431,21.000,2.000,19.000,132.000,3.000,-71.083,0.648,3679.000,26.840,47.850,1080,2760,185.9,112.5,9.629,2,1.191,1.038,13.65,0.01369,18.85,10.25,37.2,1.323,16.88,0.4984,28.68,27.96,8.048,1.745,0.334,1132,256,4.558,198.8,1.303,1.879,39.41,59.1,14.65,3.268,96.87,778.6,36.6,5.942,1.397,355.2,98.33,200.6,578.8,592.3,29.26,0.1269,158.3,0.473,0.9906,0.9411,0.3964,0.7,0.4786,0.1085,0.9937,0.1974,479.9,845.8,21.1,0.8,399.3,3.583,263.4,0.5661
16,child11,child,113.5631,23.000,0.000,23.000,156.000,38.000,200.783,1.216,3814.000,23.587,51.617,1440,2150,142.7,110.4,8.436,2,1.164,1.073,13.89,0.009577,18.48,10.11,35.42,1.772,20,0.4839,28.67,33.11,6.519,1.765,0.4129,1164,252.8,3.664,170.6,1.505,1.923,37.65,55.9,15.09,4.206,89.7,900,38.6,5.107,1.436,361.2,97.95,143.8,549.5,671.5,27.96,0.1235,138.5,0.3571,0.9201,0.7961,0.4701,0.725,0.5633,0.1292,0.8687,0.17,568.4,1103,20.73,0.5982,536.1,3.265,270.6,0.4863
16,child12,child,99.5521,25.000,0.000,25.000,137.000,-1.000,94.083,0.189,3904.000,23.540,43.300,1136,2800,124.1,120,8.857,1.644,0.8594,1.088,16.75,0.008665,17.06,9.798,29.16,1.432,18.07,0.5,34.97,31.49,6.534,1.998,0.4305,1129,219.4,3.478,144.7,1.303,1.963,36.57,61.95,13.01,4.34,120.8,695.7,35.82,5.289,1.723,332.4,77.4,210.3,645.5,556.1,32.88,0.0984,134.4,0.4336,0.9273,0.7393,0.3474,1,0.6,0.1503,0.7707,0.1451,633,830.5,20,0.5358,552.4,2.791,321.3,0.4659
16,child13,child,91.7763,20.000,0.000,20.000,103.000,43.000,461.567,1.808,2923.000,24.473,67.817,1216,2262,138.8,89.25,9.703,1.964,1.2,1.366,12.69,0.01078,17.19,11.42,34.96,2.05,16,0.3898,38.97,27.55,6.641,1.999,0.4196,1018,267.6,3.294,183.6,1.211,1.671,45.75,61.91,15.07,4.494,80.81,900,26.95,5.241,1.432,358.3,100,195.7,501.9,650.1,28.66,0.1574,167.2,0.446,0.9433,0.6588,0.4677,0.772,0.4603,0.1353,0.8062,0.1282,575.7,739.1,20,0.5681,426.6,3.459,335.2,0.3961
16,child14,child,102.7853,19.000,1.000,18.000,170.000,8.000,10.417,-0.509,2930.000,30.967,53.717,1469,2690,136.4,119.2,7.956,1.954,1.2,1.463,20.45,0.0109,19.81,10.16,33.61,1.679,17.61,0.5,26.9,25.57,5.294,1.908,0.4172,1247,254.2,3.909,227.5,1.153,1.67,42.34,68.19,14.2,3.758,84.98,876.4,27.68,5.068,1.2,475.2,87.4,211.3,579.9,640.7,30.51,0.1262,155.5,0.4154,0.7816,0.6846,0.5131,0.9178,0.5051,0.1285,0.7884,0.1512,713.3,773.1,20,0.5678,575.3,3.733,344.4,0.503
16,child15,child,39.7221,16.000,3.000,13.000,73.000,23.000,218.600,0.899,3493.000,35.493,67.200,1319,2800,163.2,107.1,6.885,1.542,1.107,1.3,13.16,0.01226,22,10.49,34.25,1.541,16,0.5,34.44,29.2,5.62,1.638,0.3547,1049,348.9,4.046,216.4,1.196,1.623,38.59,79.73,14.78,3.972,86.95,771.6,32.51,4.345,1.422,371.9,98.88,180.9,604.9,624.2,24.96,0.1239,161.8,0.4266,0.9722,0.73,0.4376,0.7894,0.3517,0.1218,0.7878,0.1437,604.7,796.6,20,0.6434,686.6,2.376,324.5,0.4981
17,parent,parent,143.8193,34.000,1.000,33.000,175.000,40.000,164.567,1.958,4667.000,27.160,55.650,1452,2339,134.4,106.3,9.047,1.981,1.121,1.028,11.88,0.01319,15.18,9.569,36.38,1.589,20,0.4454,34.76,27.79,6.957,1.701,0.4313,1181,291.8,3.509,168.5,1.098,1.896,42.84,69.11,13.61,3.417,105,782,41.16,4.355,1.218,382.1,100,148.7,625.6,484.6,33.37,0.1256,157.6,0.4349,0.7415,0.8063,0.4352,1,0.48,0.1253,0.9112,0.1417,509.5,1039,20.19,0.6721,575.5,2.775,355.9,0.4471
17,child0,child,113.0520,28.000,1.000,27.000,121.000,28.000,270.500,2.818,3275.000,28.620,52.550,1627,2304,137.5,98.87,7.945,2,0.9446,1.164,13.06,0.01619,13.71,8.521,34.08,1.663,20,0.3912,35.28,29.11,6.87,1.37,0.5685,1172,354.5,3.604,170.2,1.203,1.682,40.52,75.57,12.83,3.203,108,900,37.56,3.368,1.457,364.4,100,135.7,518,466.5,38.48,0.1287,169.9,0.4719,0.7766,0.8312,0.3704,0.8922,0.5447,0.1133,0.7511,0.1432,552.4,1045,20,0.7725,627.7,2.972,353.3,0.5307
17,child1,child,87.2353,22.000,3.000,19.000,141.000,39.000,262.300,2.789,4551.000,33.653,58.300,1440,2446,173.8,115.6,9.345,2,0.9595,0.8355,11.73,0.01228,17.33,10.46,38.03,1.593,20,0.3839,31.35,31.23,8.081,1.87,0.3637,1047,319.2,3.756,216.5,0.9442,1.72,51.67,83.96,13.98,3.014,114.1,749.4,40.14,3.778,1.275,346.3,100,136.2,593.6,529.9,29.28,0.1334,138.7,0.4099,0.5663,0.7657,0.4549,1,0.5352,0.113,1,0.136,483.2,791.5,21.57,0.6043,711.8,2.639,284.2,0.3874
17,child2,child,112.7553,26.000,0.000,26.000,140.000,22.000,211.133,1.955,3817.000,25.433,41.317,1221,2197,141.7,93.96,7.979,1.916,1.2,1.062,12.18,0.01061,11.22,8.367,37.18,1.531,20,0.4342,37.46,27.53,6.881,1.657,0.4954,1352,364.3,3.513,165.5,0.9984,2.083,50.34,67.71,15.01,3.621,82.01,777.1,35.61,4.714,1.769,341.3,100,125,666.3,580.9,36.37,0.1359,168.8,0.4414,0.787,0.7972,0.4819,1,0.5167,0.1359,0.9372,0.1535,598.6,946.4,20.49,0.5389,443.8,2.832,289.2,0.5416
17,child3,child,96.8310,27.000,0.000,27.000,95.000,1.000,7.100,3.251,2442.000,30.213,61.950,1475,1878,126.4,115.4,9.133,2,1.1,1.091,11.45,0.01537,13.8,9.863,38.21,1.49,20,0.4215,38.14,25.95,6.311,1.732,0.3563,1123,263.8,3.266,196.5,1.313,1.798,37.19,81.11,12.64,3.261,97.7,900,35.81,4.546,1.182,415.5,92.73,171.9,619.6,525,29.62,0.1401,156.1,0.3818,0.6694,0.9886,0.3876,0.7636,0.6,0.1245,0.6958,0.1217,507.5,957.2,21,0.5806,583.8,2.617,400,0.4182
17,child4,child,97.2559,27.000,0.000,27.000,107.000,33.000,207.117,1.908,4032.000,26.353,59.850,1476,2723,147.3,114.2,8.797,1.959,1.2,1.156,12.95,0.01328,15.09,8.534,39.95,1.508,20,0.4518,32.77,28.43,5.896,1.802,0.4402,1035,353.4,3.268,164.2,0.8503,1.746,33.29,69.7,12.31,3.827,91.93,800.1,40.3,4.222,1.191,348.1,99.37,127.3,576.6,518,29.73,0.1167,151.6,0.4644,0.637,0.8117,0.4221,0.9144,0.4071,0.1395,0.9696,0.1469,404.3,1073,20,0.6346,594.3,3.146,388.3,0.5409
17,child5,child,134.0466,37.000,0.000,37.000,134.000,16.000,196.300,3.006,4566.000,28.407,40.817,1278,2586,135.2,93.02,9.233,2,1.068,0.9345,12.6,0.01007,15.98,11.41,28.19,1.742,18.09,0.5,37.06,28.13,6.882,1.929,0.3498,1089,266,3.299,181.5,1.138,1.483,36.24,67.93,13.25,4.06,117,776.2,36.37,4.81,1.247,435.9,100,161.7,581,463.3,30.44,0.1234,153.3,0.4821,0.906,0.8961,0.4151,1,0.5945,0.1402,0.9164,0.1618,532.5,1052,21.33,0.6356,689,2.84,315.7,0.3927
17,child6,child,110.6732,23.000,0.000,23.000,156.000,34.000,232.017,1.807,4018.000,25.340,59.567,1433,2299,115.5,105.1,7.555,2,1.03,1.126,11.25,0.0142,13.77,6.673,31.89,1.422,20,0.4815,34.56,28.21,6.973,1.974,0.4849,1007,280.2,3,169.2,0.9837,1.842,46.5,63.53,13.7,3.704,115.2,843.9,38.38,4.455,1.337,403.7,100,141.3,666.5,420.4,34.75,0.1266,161,0.4133,0.7811,0.8781,0.4299,0.8737,0.4304,0.1382,1,0.1197,557.9,1114,21.07,0.7549,621.7,3.537,323.3,0.4752
17,child7,child,139.4101,33.000,0.000,33.000,148.000,45.000,352.317,2.245,4339.000,26.853,46.833,1237,2396,144.2,111.3,9.346,2,1.087,0.8765,12.35,0.0139,13.45,10.75,33.71,1.231,20,0.5,40.25,29.75,7.166,1.747,0.4964,1430,281.6,3.707,182.8,1.29,2.249,38.28,71.65,12.99,3.268,126.2,697.6,45.23,3.764,1.225,383.7,100,153.3,629.3,473.7,34.05,0.131,163.8,0.4825,0.7188,0.6883,0.4037,0.9977,0.4618,0.1372,0.8388,0.1254,553.3,985.6,24.01,0.6885,536.5,2.835,334.8,0.393
17,child8,child,141.2583,30.000,1.000,29.000,169.000,56.000,324.783,1.879,4027.000,35.767,50.300,1556,2388,114.8,99.82,9.012,1.732,1.162,1.152,11.17,0.01056,14.26,10.97,31.89,1.679,20,0.4429,33.9,23.62,7.189,2.098,0.456,1423,286.1,4.013,142.6,1.144,1.815,46.41,59.77,13.93,3.221,90.84,737.7,34.63,3.749,1.117,422,100,141.7,691.2,510.4,28.49,0.1056,148.2,0.4598,0.8,0.8596,0.4233,1,0.48,0.1351,0.8944,0.1405,435.5,1200,22.19,0.8,534.7,2.731,399.9,0.5096
17,child9,child,97.7322,25.000,1.000,24.000,134.000,12.000,47.317,2.710,3877.000,24.107,47.883,1469,2285,117.8,98.79,7.064,1.841,1.013,0.9796,10.11,0.01106,18.48,8.9,32.99,1.595,18.7,0.4279,33.73,26.61,6.645,1.347,0.4915,1074,364.5,4.02,174.2,1.245,1.646,41.76,70.92,12.26,3.637,119.4,900,45.87,4.001,1.145,373.9,97.3,159.8,592.4,411.3,38.43,0.1441,177.4,0.4652,0.667,0.7712,0.3986,1,0.5065,0.1256,0.9945,0.1325,527.5,998.4,20,0.7136,593.1,2.613,398.7,0.4706
17,child10,child,53.2040,17.000,2.000,15.000,97.000,13.000,31.200,1.495,3614.000,30.360,50.917,1323,2119,126.2,120,9.983,2,0.9694,1.017,11.54,0.01603,20.28,8.522,38.04,1.726,17.05,0.4057,34.32,27.05,8.521,1.547,0.3903,966.4,307.3,3.708,179.6,1.058,1.842,45.97,89.56,12.68,3.593,124.6,849.1,43.73,4.277,1.506,459.4,100,146,585.6,571.7,36.81,0.1129,164.2,0.5072,0.6995,0.8488,0.3613,1,0.5018,0.1094,0.8691,0.165,569,1081,20.92,0.7322,497,2.532,367.5,0.4436
17,child11,child,146.8828,34.000,3.000,31.000,190.000,47.000,302.883,0.726,4779.000,30.560,60.917,1340,2309,136.9,113.8,9.472,2,1.199,1.045,11.73,0.01178,16.18,9.75,41.56,1.603,20,0.5,32.76,21.29,6.949,2.095,0.377,1292,312.2,4.06,157,0.9697,2.31,43.1,59.05,14.49,3.476,100.7,836.7,35.93,5.181,1.355,334.5,100,150.8,540.6,525.5,47.68,0.1183,127.6,0.4115,0.9391,0.7968,0.4131,1,0.432,0.1688,1,0.1498,505.5,1061,21.2,0.6447,561.4,3.169,377.1,0.4596
17,child12,child,67.7842,22.000,2.000,20.000,110.000,-10.000,-117.167,0.176,3555.000,20.940,53.167,1325,2394,122.8,103.8,8.985,2,1.167,0.9403,12.52,0.01196,15.18,9,40.1,1.71,20,0.3598,35.35,29.61,6.551,1.559,0.4886,1188,253.1,3.245,201.7,1.157,1.87,33.63,59.7,16.29,3.317,89.97,811.7,42.62,4.989,1.063,437.2,100,136.9,633.1,579,30.34,0.1115,178.2,0.492,0.8873,0.8078,0.4349,1,0.5209,0.1218,0.8792,0.143,417.4,1024,21.64,0.7211,557.6,2.837,348.1,0.5531
17,child13,child,162.3297,42.000,1.000,41.000,160.000,42.000,361.333,3.105,4963.000,26.060,56.133,1252,2380,127.2,120,6.637,1.731,1.074,0.9018,11.44,0.01315,14.93,8.738,34.59,1.414,20,0.3846,32.47,29.42,6.454,1.778,0.467,1224,357,3.639,149.6,1.378,2.049,41.9,73.08,12.91,4.017,90.05,658.4,46.23,5.052,1.203,387.8,100,144.8,494.5,441.8,35.74,0.1462,191.4,0.4882,0.738,0.8382,0.4043,1,0.4572,0.1242,1,0.134,472.6,847.3,20,0.6589,643.4,2.362,331.2,0.5222
17,child14,child,147.7994,29.000,0.000,29.000,170.000,39.000,314.167,1.452,3142.000,33.147,42.750,1883,2163,134.4,97.08,8.629,2,1.025,1.116,12.54,0.01274,14.94,9.498,36.2,1.698,18.17,0.4384,35.02,28.88,7.264,1.682,0.4517,1060,299.1,3.649,158.4,1.032,1.943,37.73,77.86,14.61,3.139,118.7,900,34.05,3.967,1.374,358,94.75,143.4,627.4,409.4,39.67,0.1503,129.3,0.4276,0.9319,0.8282,0.4608,0.905,0.4367,0.1305,1,0.1609,560.1,1023,20,0.6137,569.3,2.882,398.4,0.4955
17,child15,child,114.9591,20.000,0.000,20.000,184.000,39.000,257.067,1.666,4114.000,27.053,69.700,1205,2800,161.1,114.6,10.62,2,1.01,0.9448,14.07,0.01162,16.73,11.59,37.68,1.434,18.94,0.4686,39.74,28.6,6.644,1.776,0.4265,1000,290.3,3.217,155.6,1.135,1.912,36.28,69.78,12.89,3.126,116.9,845.3,40.4,3.868,1.356,403.2,100,165.1,605.7,437.4,39.5,0.1178,110.6,0.4975,0.5895,0.8185,0.3488,0.7829,0.6,0.1196,1,0.1428,612.9,1038,20,0.6546,660.5,3.38,383.4,0.4345
18,parent,parent,153.4182,33.000,1.000,32.000,191.000,37.000,275.883,2.081,4414.000,24.100,54.900,1252,2380,127.2,120,6.637,1.731,1.074,0.9018,11.44,0.01315,14.93,8.738,34.59,1.414,20,0.3846,32.47,29.42,6.454,1.778,0.467,1224,357,3.639,149.6,1.378,2.049,41.9,73.08,12.91,4.017,90.05,658.4,46.23,5.052,1.203,387.8,100,144.8,494.5,441.8,35.74,0.1462,191.4,0.4882,0.738,0.8382,0.4043,1,0.4572,0.1242,1,0.134,472.6,847.3,20,0.6589,643.4,2.362,331.2,0.5222
18,child0,child,146.3388,31.000,1.000,30.000,171.000,54.000,402.800,1.148,4025.000,25.560,57.850,1344,2549,100.5,120,6.774,1.554,1.178,0.8721,12.25,0.01308,15.7,9.492,38.69,1.656,18.15,0.4905,28.76,30.28,5.828,1.418,0.4089,1114,340,3.581,169.4,1.696,2.159,36.85,64.77,13.1,4.582,61,589.8,42.06,4.496,1.193,343.6,100,144.5,491.1,489.6,36.5,0.185,216.3,0.5784,0.6413,0.8295,0.4292,0.9622,0.4274,0.1336,1,0.1236,414.9,863.6,20,0.5468,758.5,1.995,302.7,0.5311
18,child1,child,110.3876,23.000,0.000,23.000,142.000,32.000,229.633,1.960,3411.000,28.067,46.683,1335,2090,133.2,104.1,7.196,1.696,1.184,1.051,10,0.01348,16.01,8.86,35.95,1.238,20,0.349,35.67,24.23,7.067,1.712,0.354,1250,340.4,3.82,173.4,1.618,2.072,41.85,92,16.03,4.126,88.29,590,43.64,5.892,1.225,379,100,129.3,559.6,453.1,31.89,0.1132,164.1,0.5242,0.8044,0.774,0.3678,1,0.4938,0.1372,0.8589,0.1329,530,916.3,20,0.6393,783.5,3.02,310.6,0.6468
18,child2,child,112.3602,26.000,0.000,26.000,143.000,22.000,108.183,1.386,3740.000,20.613,49.350,1515,2071,124.3,119.3,6.378,2,0.942,0.6668,11.73,0.01386,13.58,8.299,32.97,1.414,19.48,0.3853,32.95,31.74,6.213,2.027,0.4161,1437,407.9,3.158,161.7,1.461,2.102,37.85,70.09,13.27,3.982,85.09,660.2,49.05,7.425,1.19,366.8,97.43,171.9,504.5,449.6,43.45,0.1494,160.6,0.5076,0.6343,0.7351,0.4102,1,0.4305,0.116,0.865,0.1189,528.3,885.6,21.74,0.6728,786,2.551,332.7,0.547
18,child3,child,126.6393,24.000,0.000,24.000,181.000,32.000,184.100,1.403,3741.000,29.940,62.400,1250,2800,132.1,120,7.493,1.785,1.084,0.8965,10.48,0.01184,13.61,9.211,36.89,1.28,20,0.4244,38.77,26.93,6.638,1.802,0.3859,1135,335.6,4.373,181.9,1.545,1.915,35.62,77,12.83,3.941,71.75,604.4,52.09,4.303,1.065,411.4,95.95,159.2,532.1,439.6,37.14,0.1569,208.6,0.5507,0.8208,0.7471,0.4327,0.8799,0.4708,0.1199,1,0.1322,426.2,734.6,21.41,0.7426,555.3,2.556,382.6,0.6117
18,child4,child,74.2046,23.000,3.000,20.000,120.000,2.000,-39.200,1.128,3811.000,22.587,56.067,1351,2266,125.5,98.75,5.793,1.671,1.03,0.9162,15.19,0.01451,13.65,8.67,35.38,1.412,19.49,0.3657,36.66,27.46,6.59,1.786,0.453,1208,344,3.528,156.4,1.472,1.872,36.75,67.02,11.4,3.82,94.25,825.7,47.65,4.973,1.827,401.5,100,149.1,418.3,415.1,31.89,0.1657,171.5,0.5082,0.8201,0.6949,0.3479,1,0.4999,0.1203,0.9815,0.1243,471.4,922.6,21.93,0.5871,672.1,2.604,396.2,0.542
18,child5,child,131.9339,35.000,2.000,33.000,150.000,31.000,193.733,2.214,4548.000,27.527,50.150,1124,2276,117.6,105.3,7.1,1.944,0.9455,0.9524,12.42,0.01545,16.92,8.688,34.53,1.567,20,0.3741,32.67,27.7,6.437,2.315,0.4077,1187,420.7,4.452,136.6,1.373,2.29,43.97,77.54,13.41,4.674,105.1,662.9,52.64,4.175,1.214,320.5,83.2,110.3,587.9,421.1,34.68,0.1785,191.3,0.5012,0.7792,0.9795,0.4071,1,0.5133,0.1471,1,0.1137,506.9,1200,20,0.8,634.8,2.248,359.4,0.5594
18,child6,child,102.2042,25.000,1.000,24.000,135.000,17.000,156.233,1.498,3619.000,26.160,57.633,1137,1954,124.1,120,6.018,1.616,0.9499,0.8519,10.34,0.01195,13.7,9.512,30.38,1.603,18.15,0.3982,33.74,28.57,6.059,1.949,0.4388,1271,306.2,3.831,151.3,1.307,2.365,50.51,78.39,12.61,4.528,107.6,626.4,38.71,4.685,1.043,350.1,100,127.7,452.3,510.4,39.43,0.1279,224.4,0.492,0.6177,0.8578,0.3868,0.8241,0.4888,0.1166,1,0.1187,489.3,911,20.5,0.7777,630.1,2.572,309.8,0.5199
18,child7,child,86.8668,26.000,0.000,26.000,107.000,6.000,40.300,1.428,3946.000,21.967,56.967,1196,2400,112.1,112,7.417,1.866,0.9153,0.9038,11.22,0.01435,17.8,8.422,31.15,1.273,20,0.4466,35.62,31.61,8.833,1.458,0.5047,1046,333.9,3.405,160.7,1.177,2.178,46.1,69.54,14.28,4.201,105.9,640.5,54.04,5.425,1.098,403.4,90.46,150,404,421.2,35.8,0.1614,203.4,0.4643,0.726,0.7791,0.4757,1,0.4287,0.114,0.9087,0.1112,389.3,791.5,20,0.6365,568.3,2.47,354,0.5227
18,child8,child,101.7971,26.000,0.000,26.000,113.000,20.000,121.867,1.442,3243.000,25.860,48.450,1197,2754,131.5,120,7.151,1.939,1.134,1.128,14.61,0.01142,13.09,9.369,32,1.427,19.67,0.3689,30.62,29.94,6.013,1.737,0.4377,1144,330.8,3.529,150.9,1.55,2.154,38.86,86.04,11.8,4.293,74.54,567.9,45.73,4.609,1.113,384.9,100,166,451.1,408.2,41.47,0.1578,231.8,0.4846,0.7548,0.8544,0.4803,0.9373,0.485,0.116,0.8213,0.1404,630.7,868,20.77,0.7967,673.6,2.227,363.1,0.4489
18,child9,child,44.8416,14.000,1.000,13.000,73.000,15.000,179.217,-0.632,2925.000,17.487,59.283,1379,2063,139.9,120,6.724,2,1.142,0.9397,11.89,0.01163,14.74,9.018,31.55,1.384,17.04,0.4074,29.32,28.19,6.532,2.004,0.4854,1089,395.1,3.118,134.8,1.251,1.824,48.49,69.11,12.21,3.402,83.17,642.2,54.74,5.331,1.124,415.2,100,124.5,596.9,357.3,35.63,0.1337,168.8,0.533,0.7407,0.8453,0.4249,1,0.4973,0.1172,1,0.1337,495.3,777.4,20,0.6798,627.3,2.634,270.3,0.574
18,child10,child,88.8648,24.000,0.000,24.000,124.000,3.000,-32.300,1.393,3812.000,20.807,55.850,1344,2215,134.9,120,6.421,1.9,1.107,1.002,12.83,0.01354,13.6,7.844,32.31,1.356,20,0.4946,35.74,27.38,6.729,1.724,0.491,1017,398.7,3.345,151.6,1.474,2.062,50.1,62.78,12.26,3.513,87.73,561.4,49.13,4.993,1.111,416.6,100,152.2,520.4,477.8,37.15,0.1416,179.3,0.5738,0.7662,0.8208,0.3686,1,0.5558,0.1387,0.869,0.1227,466,822.4,22.28,0.645,741.1,2.24,305.1,0.4424
18,child11,child,156.0936,45.000,2.000,43.000,155.000,19.000,167.750,2.907,5102.000,29.667,50.283,1422,2389,118.9,115.1,8.908,1.63,1.2,0.8344,10,0.01321,16.32,8.38,33.42,1.755,20,0.3568,31.69,33,6.902,1.996,0.4396,1503,309.8,3.614,127.9,1.375,1.668,33.48,63.59,14.09,4.26,69.21,674.8,44.41,5.245,1.093,358.2,71.95,178,508.2,327.2,35.16,0.1671,192,0.4712,0.8295,0.8304,0.3257,1,0.4333,0.1303,0.9897,0.1617,514.8,812.7,20.16,0.6152,575.3,1.847,346.3,0.4779
18,child12,child,92.1811,21.000,1.000,20.000,136.000,28.000,199.900,1.296,3744.000,28.380,57.867,1198,2596,117.5,100.1,5.758,2,1.039,0.8327,11.84,0.01189,14.59,7.466,32.55,1.862,20,0.4243,31.04,31.44,8.56,1.653,0.4396,1521,376.9,3.864,136.8,1.492,1.815,54.29,82.93,13.11,3.216,87.47,735.2,36.27,5.13,1.227,333.9,98.86,143.1,372.8,403,32.97,0.1803,169.4,0.5239,0.8854,0.7888,0.4377,1,0.4686,0.1401,0.8462,0.1191,483.8,1086,20,0.6001,703.4,2.209,288.9,0.516
18,child13,child,125.0069,29.000,0.000,29.000,145.000,30.000,197.433,2.078,3645.000,32.660,57.650,1324,2406,123.7,109.5,6.913,1.597,1.2,0.729,10.93,0.01613,13.42,9.998,39.31,1.44,18.61,0.407,36.45,28.78,5.472,2.262,0.4746,1227,371.9,4.405,146.2,1.193,2.086,38.07,76.09,12.9,3.42,83.03,544.5,46.62,5.952,1.397,339.2,100,154.8,493.9,459.4,33.77,0.1333,214.6,0.4856,0.696,0.8917,0.3922,0.9973,0.4431,0.1314,0.9041,0.1401,474.7,746.3,20,0.6318,677.2,2.556,355.5,0.5944
18,child14,child,159.5207,28.000,0.000,28.000,237.000,26.000,341.217,-1.264,4570.000,25.567,61.150,1569,2696,126.8,120,7.053,1.577,1.002,1.009,11.56,0.01258,15.05,9.502,34.38,1.311,18.02,0.3319,27.86,25.25,7.488,2.067,0.4509,1203,329.2,3.703,148.3,1.166,2.487,43.37,71.64,11.49,4.011,103.8,587.3,38.7,5.739,1.335,390,100,149.5,446.3,503.9,52.5,0.1611,197.4,0.492,0.6834,0.795,0.4504,0.9241,0.4994,0.111,1,0.1123,548.8,960.8,20,0.695,694.2,2.36,389.7,0.4794
18,child15,child,99.9854,22.000,2.000,20.000,145.000,28.000,335.083,1.108,3660.000,24.153,63.550,1232,2605,127.6,113.2,7.3,1.85,1.082,0.8433,13.72,0.011,17.66,8.295,33.86,1.715,17.8,0.4005,26.26,29.37,6.807,1.716,0.4425,1136,369.1,3.335,133.7,1.462,2.02,42.7,68.12,14.9,4.055,96.81,583.8,31.63,5.393,1.155,384.5,95.89,154.1,533.4,535.9,47.58,0.1461,205,0.4877,0.7661,0.827,0.4544,1,0.3808,0.1554,1,0.119,515.4,882.1,20,0.509,609.3,2.672,300.1,0.4582
19,parent,parent,159.4242,31.000,0.000,31.000,208.000,51.000,371.350,-0.622,4740.000,27.100,47.817,1569,2696,126.8,120,7.053,1.577,1.002,1.009,11.56,0.01258,15.05,9.502,34.38,1.311,18.02,0.3319,27.86,25.25,7.488,2.067,0.4509,1203,329.2,3.703,148.3,1.166,2.487,43.37,71.64,11.49,4.011,103.8,587.3,38.7,5.739,1.335,390,100,149.5,446.3,503.9,52.5,0.1611,197.4,0.492,0.6834,0.795,0.4504,0.9241,0.4994,0.111,1,0.1123,548.8,960.8,20,0.695,694.2,2.36,389.7,0.4794
19,child0,child,155.3767,26.000,0.000,26.000,217.000,44.000,329.100,-0.771,3895.000,25.213,46.483,1662,2622,138.8,113.9,6.901,1.724,1.141,0.9192,13.9,0.01169,12.37,9.163,41.84,1.315,19.41,0.362,28.31,25.03,5.903,1.924,0.5469,1159,404.2,3.964,143,1.262,2.5,44.99,58.34,13,4.254,119,489.3,29.88,5.524,1.57,415.7,100,120.3,502.8,586.2,58.21,0.1388,236,0.5969,0.6645,0.7617,0.4671,1,0.3897,0.1123,1,0.1086,650,962.3,20,0.6074,768.4,1.933,384.7,0.5262
19,child1,child,81.2036,22.000,1.000,21.000,108.000,31.000,231.667,1.411,3908.000,28.220,54.333,1456,2435,121.4,120,7.151,1.542,0.9962,1.009,10,0.01196,14,10.84,40.11,1.468,19.93,0.3464,22.64,22.8,7.943,1.818,0.4558,1462,332.3,3.376,153,1.214,2.5,42.39,73.95,12.87,3.816,104.5,522.5,30.44,6.16,1.502,336.6,100,159.5,423.4,525.8,46.87,0.1616,169.3,0.421,0.7256,0.7924,0.4982,1,0.4613,0.1,1,0.1103,561.3,882.7,20,0.6639,754.3,2.386,392.6,0.5375
19,child2,child,61.7759,18.000,1.000,17.000,104.000,2.000,-78.583,-1.578,3261.000,17.387,49.150,1582,2716,131.8,120,5.56,1.609,0.8865,1.26,10,0.01207,16.89,7.689,33.19,1.421,18.01,0.291,27.58,26.89,7.723,2.092,0.5369,1392,338.9,3.894,122.7,1.105,2.332,39.64,62.15,11.97,3.96,103,593.7,42.5,6.915,1.133,344.2,86.63,140.3,418.9,431.3,47.11,0.1599,204.1,0.5152,0.7287,0.8317,0.3505,0.8819,0.4875,0.1091,1,0.1147,653.8,1059,24,0.7851,606.8,2.051,323.1,0.6484
19,child3,child,131.0630,27.000,1.000,26.000,167.000,36.000,217.550,-0.719,3200.000,26.967,69.317,1273,2800,118.4,120,7.875,1.452,1.027,1.215,10.89,0.01151,17.27,7.491,26.69,1.537,16.42,0.2818,29.79,19.62,7.499,2.325,0.2841,1290,282.8,3.084,173.4,1.267,2.198,45.26,72.54,10.41,3.636,100.8,656.7,36.05,5.822,1.356,379,86.34,133,373.7,459.5,47.13,0.1586,182.6,0.5663,0.6095,0.737,0.3725,0.8967,0.5202,0.1121,0.9494,0.1312,549.2,935.5,22.4,0.7728,615.2,2.227,344.5,0.4644
19,child4,child,101.0132,21.000,1.000,20.000,164.000,21.000,178.217,0.322,4087.000,29.887,50.533,1867,2800,130.5,120,6.795,1.332,1.045,0.9582,14.01,0.01348,19.75,11.31,39.45,1.282,20,0.3267,24.63,26.16,5.849,2.38,0.517,1165,323.1,3.495,143,1.249,1.99,44.29,79.57,8.487,3.363,104.7,618.1,37.07,4.688,1.135,431,100,128.5,426.6,483.5,69.19,0.1737,175.9,0.5247,0.7275,0.8034,0.3585,0.8181,0.6,0.1051,1,0.1288,527.8,932.8,20.99,0.6342,712.7,1.952,366.2,0.4898
19,child5,child,87.9583,20.000,0.000,20.000,112.000,24.000,194.150,1.370,3013.000,24.513,48.283,1594,2665,141,120,6.064,1.412,0.911,0.7623,12.71,0.01235,14.97,9.906,38.22,1.113,15.54,0.3543,42.38,28.09,7.851,2.22,0.4758,1123,359.2,3.735,156.6,1.052,2.5,40.01,82.28,12.36,4.487,109,584.8,42.73,6.382,1.569,358.2,100,178.3,510.3,540.9,53.71,0.2214,196.3,0.5108,0.5728,0.7176,0.5676,1,0.452,0.1109,0.8536,0.1257,585.4,965.9,20,0.6065,545.9,2.293,396.8,0.4929
19,child6,child,149.9119,32.000,1.000,31.000,208.000,33.000,198.467,-1.295,4850.000,25.100,60.000,1397,2800,144.5,120,7.212,1.671,0.9197,0.9688,10.36,0.01383,16.51,10.91,33.37,1.576,17.12,0.3138,32.39,24.2,8.957,2.038,0.4362,1006,333,3.368,163.7,1.161,2.367,47.77,77.51,13.22,3.78,101.1,633.1,50.58,7.583,1.729,339.1,100,129.6,487.7,570.8,50.12,0.1399,169.9,0.4018,0.7108,0.8549,0.4326,0.8592,0.4741,0.1,1,0.1131,551.7,1093,22,0.8,708.5,2.121,384.2,0.5011
19,child7,child,90.8722,22.000,0.000,22.000,116.000,19.000,133.067,1.790,3329.000,24.607,47.333,1682,2332,109.8,114.5,8.002,1.663,1.085,1.133,14.22,0.01086,12.34,9.137,34.89,1.142,19.12,0.3401,28.64,28.82,6.63,2.235,0.4087,1261,312.9,3.684,137.6,1.24,2.5,46.05,81.85,10.1,4.847,85.84,549.7,41.54,6.241,1.36,428.5,100,140.2,399.3,607,40.01,0.1283,199.9,0.5193,0.8031,0.8052,0.4082,0.8443,0.512,0.1164,0.9106,0.118,514.2,949.6,20,0.6305,799,2.226,330.9,0.3972
19,child8,child,44.8656,16.000,0.000,16.000,62.000,28.000,271.617,2.489,3614.000,33.647,69.067,1840,2024,136,119.8,6.791,1.513,1.01,1.298,11.19,0.01318,16.94,8.255,28.53,1.148,18.25,0.3027,19.16,25.41,8.262,1.661,0.4863,1282,287.4,4.074,167.7,1.145,2.388,41.51,87.13,13.35,4.348,132.5,502.8,34.11,5.61,1.605,351.5,90.78,145.6,536.3,523.2,47.2,0.1714,211.5,0.4946,0.6846,0.851,0.4556,1,0.5359,0.1031,1,0.1066,632.7,1092,20,0.6002,800,2.156,373.4,0.4096
19,child9,child,86.7266,21.000,1.000,20.000,129.000,44.000,278.017,-0.095,4290.000,33.447,58.417,1541,2572,138.1,111,6.817,1.307,0.9679,1.236,12.11,0.01318,15.93,8.622,37.35,1.216,18.23,0.3948,28.2,23.93,6.181,2.24,0.5243,1063,312.2,3.501,153.3,1.001,2.13,40.24,87.38,10.92,4.581,93.94,534.1,35.57,6.243,1.483,413.1,75.2,178.4,457.8,551.8,40.79,0.1202,191.1,0.5505,0.6501,0.8079,0.4108,1,0.5173,0.1177,0.8987,0.126,545.8,965.9,21.66,0.7461,712.7,2.145,383.7,0.4748
19,child10,child,162.1978,30.000,0.000,30.000,222.000,45.000,315.083,-1.593,4441.000,26.507,62.467,1754,2800,138.3,117.2,7.477,1.36,1.17,1.038,11.09,0.01122,18,8.529,36.41,1.048,14.92,0.356,32.97,24,8.82,2.4,0.4781,1220,346.2,3.205,152.6,1.247,2.349,42.88,77.11,13.54,3.377,92.26,539.8,43.81,4.26,1.553,408.3,80.41,152.4,475.3,497.4,54.2,0.143,193.8,0.658,0.5494,0.7645,0.3713,1,0.4367,0.1164,1,0.1097,605.2,1079,20.07,0.6495,600.1,2.498,400,0.4692
19,child11,child,127.6984,23.000,0.000,23.000,179.000,52.000,290.717,-1.095,3874.000,25.200,52.083,1867,2800,137.3,120,9.641,1.767,1.2,0.8956,14.51,0.01072,14.21,9.708,40.65,1.563,18.46,0.3387,26.84,23.37,6.465,1.996,0.3906,847.7,350.4,3.602,180.7,1.304,2.362,42.95,65.14,8.936,3.745,106.9,628.7,35.92,5.902,1.701,471.6,100,128.3,438.7,533.8,55,0.1778,194.1,0.429,0.8319,0.8546,0.4634,1,0.5127,0.1204,0.8592,0.1317,440,823.5,20.54,0.7147,725.4,2.197,389.8,0.4335
19,child12,child,28.7923,18.000,5.000,13.000,52.000,25.000,122.783,1.120,3526.000,32.300,57.333,1662,2800,122.8,120,6.847,1.626,0.8413,1.027,11.37,0.01199,13.49,8.121,39.81,1.127,18.46,0.3059,29.71,23.78,8.311,2.021,0.4686,1132,332.5,4.106,195.7,1.309,2.5,36.68,87.73,12.37,3.734,109.1,566.6,38.6,5.303,1.202,403.3,100,147.8,525.7,438.1,50.12,0.1577,200.3,0.5552,0.6594,0.932,0.4593,0.8213,0.5197,0.1,0.8603,0.101,572.2,980,20,0.8,760.6,1.835,400,0.4012
19,child13,child,117.5816,25.000,1.000,24.000,143.000,24.000,202.233,1.345,2603.000,26.907,67.150,1485,2800,128.8,107,7.656,1.326,1.132,1.013,12.3,0.01436,14.54,9.83,29.38,1.338,20,0.3319,26.17,25.78,7.927,1.898,0.4544,1305,260.9,3.455,120.3,1.157,2.5,41.09,73.67,12.05,3.266,99.67,595.3,35.33,5.887,1.152,371.9,100,130.5,484.5,450.7,55.34,0.1467,167.6,0.4613,0.592,0.7804,0.4809,1,0.4621,0.1231,1,0.1107,512.4,1111,20,0.7734,708.5,2.113,400,0.4606
19,child14,child,90.7423,21.000,2.000,19.000,166.000,10.000,-34.517,-1.215,4263.000,21.247,52.050,1450,2439,134.8,120,6.726,1.576,1.031,1.132,10.71,0.01227,14.03,10.77,34.83,1.375,17.83,0.3839,29.67,25.79,7.494,1.995,0.517,1157,333.4,3.422,163.5,1.224,2.272,48.6,65.29,10.36,4.018,91.06,529.9,41.74,7.041,1.48,377,100,158.8,427.6,621.8,52.26,0.156,181.8,0.5541,0.7242,0.7947,0.4967,0.9826,0.5785,0.1161,1,0.1169,584.2,978.9,22.94,0.7733,578.9,1.985,329.7,0.4394
19,child15,child,176.8010,38.000,0.000,38.000,217.000,37.000,258.733,-0.010,4939.000,27.453,61.333,1515,2464,156.9,120,6.426,1.479,0.7831,1.089,12.42,0.01225,12.23,10.58,39.16,1.39,17.86,0.2874,29.07,27.89,7.668,1.939,0.4426,1096,388.6,3.866,159.8,1.289,2.45,39.74,64.49,9.074,3.663,100.4,547.9,39.25,5.698,1.454,410.1,99.38,146,624.2,475.1,57.45,0.1595,188.5,0.4834,0.6234,0.7818,0.4877,0.8522,0.4768,0.1146,0.9613,0.1088,517.2,952.5,20,0.7167,758.2,2.363,346.1,0.5495
20,parent,parent,124.3674,25.000,0.000,25.000,160.000,44.000,318.367,-0.278,3799.000,22.627,54.083,1515,2464,156.9,120,6.426,1.479,0.7831,1.089,12.42,0.01225,12.23,10.58,39.16,1.39,17.86,0.2874,29.07,27.89,7.668,1.939,0.4426,1096,388.6,3.866,159.8,1.289,2.45,39.74,64.49,9.074,3.663,100.4,547.9,39.25,5.698,1.454,410.1,99.38,146,624.2,475.1,57.45,0.1595,188.5,0.4834,0.6234,0.7818,0.4877,0.8522,0.4768,0.1146,0.9613,0.1088,517.2,952.5,20,0.7167,758.2,2.363,346.1,0.5495
20,child0,child,59.7660,19.000,2.000,17.000,81.000,31.000,235.650,2.564,3455.000,31.440,62.350,1421,2254,155.5,98.21,7.975,1.543,0.9663,0.9467,11.87,0.0127,12.03,9.893,42.11,1.319,17.97,0.3014,27.78,25.86,8.149,2.303,0.4163,1008,382,4.194,194.8,1.337,2.434,33.39,92.31,9.18,3.512,85.7,536.5,44.63,5.99,1.458,396.9,100,175.8,559.2,599.9,57.55,0.1536,174.9,0.5194,0.7668,0.7043,0.4962,0.89,0.4236,0.1018,1,0.1051,652.6,995.3,20,0.7308,592.5,2.12,347,0.6086
20,child1,child,124.3654,28.000,0.000,28.000,173.000,13.000,98.750,-0.728,4199.000,31.753,51.800,1812,2800,160.2,117.1,6.614,1.091,0.9187,1.197,12.56,0.01259,11.85,9.264,44.11,1.37,16.12,0.282,25.9,26.72,6.322,2.017,0.4175,1395,376,4.067,141.9,1.177,2.115,53.56,68.08,9.865,3.459,108.5,596.3,33.42,4.797,1.694,447.8,100,137.4,614.9,476.3,63.63,0.1546,210.1,0.5349,0.5757,0.7851,0.5941,0.8858,0.521,0.1286,0.8283,0.1079,488.7,987.7,20,0.8,691.2,2.142,400,0.6099
20,child2,child,116.7677,25.000,2.000,23.000,176.000,22.000,252.067,0.074,4066.000,23.507,67.000,1368,2238,168.4,120,7.197,1.471,0.7707,1.017,12.96,0.01666,12.66,9.665,40.94,1.254,17.3,0.2617,22.57,27.11,8.697,2.303,0.4772,1204,446.6,3.435,167.5,1.384,2.148,40.21,58.98,9.162,2.961,75.64,506.9,32.1,6.741,1.206,384.6,100,139.6,594.6,389.3,71.01,0.1381,159.7,0.4863,0.7328,0.6948,0.4353,0.9325,0.4503,0.1151,0.904,0.08251,567.1,920.9,20,0.7078,699.3,2.3,350.7,0.4775
20,child3,child,118.0467,28.000,0.000,28.000,143.000,33.000,187.800,-0.726,3978.000,25.347,51.317,1539,2599,165.4,104.4,5.834,1.563,0.62,1.337,13.64,0.01288,14.15,10.68,35.9,1.413,17.61,0.2814,26.25,21.96,8.084,1.867,0.51,1105,329.9,3.31,144.2,1.277,2.5,36.03,68.28,10.21,3.451,96.59,605.3,36.79,5.84,1.357,488.5,87.6,122.3,615,415.5,59.86,0.1599,162.4,0.5605,0.6081,0.7336,0.4289,0.7265,0.4619,0.1226,0.8939,0.1345,449.7,856.6,24.98,0.629,800,2.509,350.1,0.4488
20,child4,child,92.2876,24.000,0.000,24.000,116.000,23.000,120.250,2.294,3808.000,23.627,54.217,1651,2036,137.4,120,7.166,1.024,0.753,0.9386,12.71,0.01213,13.9,14.03,38.81,1.387,17.28,0.2942,34.45,27.89,8.04,2.156,0.3894,996.7,381.9,4.682,151.7,1.322,1.891,55.53,61.16,8.472,2.893,94.32,513.8,38.51,6.359,1.334,395.3,95.63,143.5,558.1,424.1,66.2,0.1191,164.5,0.4696,0.5262,0.7208,0.5798,0.7075,0.5191,0.1093,1,0.141,469.7,786.5,20,0.7359,720.8,2.696,303.6,0.5466
20,child5,child,62.5761,25.000,1.000,24.000,77.000,-8.000,-55.683,1.852,3762.000,22.213,62.950,1372,2800,187,108.9,6.012,1.345,0.9081,1.22,12.62,0.01066,11.62,13.32,41.59,1.813,19.04,0.3776,32.94,31.8,7.967,2.029,0.4404,1197,359.1,3.835,184.5,1.361,2.454,39.66,62.54,8.781,3.367,108.2,617.5,41.85,4.883,1.695,381.6,95.83,128.6,697.7,485.6,52.39,0.1559,229.4,0.5327,0.6647,0.8417,0.5262,0.8731,0.5166,0.1144,0.9147,0.1018,375.6,1021,21.02,0.703,799.4,2.212,389.8,0.5757
20,child6,child,110.6392,20.000,0.000,20.000,154.000,32.000,284.567,0.135,2918.000,23.813,69.583,1439,2460,158.5,120,6.272,1.304,0.6425,1.147,10.79,0.01199,10.49,11.05,45.98,1.141,18.47,0.2463,33.85,25.63,6.643,1.754,0.4696,1039,368,3.46,152.5,1.377,2.5,33.33,74.51,9.472,3.196,96.18,534.1,38.52,7.204,1.388,374.9,94.61,124.6,655.6,528.6,69.6,0.1789,219.7,0.3976,0.7108,0.6786,0.4588,0.9174,0.4078,0.1028,0.974,0.1299,628.8,1008,20,0.6806,654.7,2.432,400,0.4684
20,child7,child,68.3086,15.000,0.000,15.000,109.000,25.000,127.967,-0.917,3062.000,17.773,58.950,1782,2400,153.5,114.1,6.423,1.155,0.8201,1.106,12.93,0.01143,14.12,11.39,38.39,1.269,19.33,0.3072,34.63,23.19,8.588,1.96,0.4031,1033,395.7,3.966,150,1.246,2.5,41.8,52.27,10.31,3.647,103.1,517.7,39.5,4.958,1.586,423.7,100,148.1,626.8,436.7,64.87,0.1377,185,0.5574,0.7221,0.7729,0.5673,0.8616,0.3751,0.1,1,0.1325,570,950,20,0.614,800,2.621,365.9,0.6058
20,child8,child,92.3152,29.000,2.000,27.000,108.000,13.000,108.433,3.152,4094.000,22.813,58.083,1647,2440,128.6,101.7,6.464,1.423,0.8744,0.9472,14.2,0.01051,14.13,12.6,39.13,1.418,19.55,0.2744,31.81,34.02,8,2.004,0.459,936.7,417,3.628,157,1.365,2.5,37.98,59.17,11.42,4.031,83.82,536.4,42.59,5.294,1.292,439.7,84.41,113.4,684.2,529.1,65.06,0.1575,170.1,0.5308,0.6632,0.6727,0.4682,0.7537,0.4989,0.1052,0.9296,0.1131,562.7,1151,23.54,0.789,796.4,2.225,291.6,0.488
20,child9,child,113.0730,29.000,1.000,28.000,136.000,21.000,109.800,1.865,3752.000,22.920,64.433,1714,2287,148,109.5,7.132,1.319,0.7602,0.9008,13.79,0.01235,13.39,11.68,35.15,1.505,14.49,0.2798,33.43,28.89,7.446,2.135,0.4339,1160,379.1,3.824,152,1.256,2.402,43.4,74.82,9.036,3.321,88.02,520.3,39.32,6.613,1.463,466.6,86.57,135.5,562.6,608.8,57.46,0.1504,181.5,0.4651,0.6977,0.8559,0.459,0.8709,0.4915,0.1186,1,0.1075,531.9,971.9,20,0.7079,762.9,1.748,358.9,0.5734
20,child10,child,66.8862,22.000,0.000,22.000,78.000,10.000,27.617,0.612,3358.000,18.840,55.083,1485,2064,128,120,6.744,1.431,0.7233,1.159,10.57,0.01112,13.31,14.05,47.43,1.409,17.62,0.2504,27.38,32.85,6.774,2.192,0.4693,921,453.7,3.682,125.5,1.512,2.5,36.33,51.81,9.31,3.778,99.95,554.6,40.9,6.796,1.353,557.4,100,166.3,683.3,437.8,59.99,0.1688,180.4,0.4781,0.674,0.719,0.4348,0.9563,0.442,0.1083,0.8363,0.1211,466.9,947.1,20,0.6889,644.8,2.541,307,0.4969
20,child11,child,119.3998,33.000,1.000,32.000,140.000,13.000,308.700,0.960,4675.000,25.807,65.233,1880,2580,178.2,113.9,5.967,1.217,0.7427,1.03,13.01,0.01504,12.83,10.29,48.09,1.43,18.76,0.2728,26.56,27.6,7.686,2.175,0.4681,1143,476.1,4.15,161.7,0.9935,2.48,37.32,65.71,10.28,3.753,93.89,492,38.62,4.82,1.206,400.8,100,138.4,618,589.1,56.46,0.1911,207.8,0.5002,0.5432,0.6242,0.4625,0.9874,0.5024,0.1081,0.7963,0.1028,421,845.5,23.57,0.6305,763.7,1.991,304.2,0.5953
20,child12,child,106.4404,26.000,2.000,24.000,138.000,47.000,336.017,1.828,4220.000,24.253,69.683,1793,2220,142.8,120,6.059,1.871,0.7852,0.987,12.92,0.01211,10.17,10.36,45.48,1.499,18.83,0.2869,25.35,31.67,6.501,1.701,0.3487,1259,347.2,3.11,149.9,1.249,1.982,36.95,66.92,9.932,3.76,119.1,549.7,36.12,4.994,1.353,404.2,96.3,155,617.5,487.6,67.37,0.1669,169.5,0.5298,0.6867,0.6243,0.4448,0.9688,0.6,0.1146,0.9968,0.08807,669.2,980.6,23.32,0.6242,800,2.644,322.1,0.451
20,child13,child,158.8299,45.000,1.000,44.000,150.000,21.000,158.633,2.650,4914.000,26.960,50.317,1657,2193,165.1,101.6,6.54,1.446,0.8845,1.211,11.77,0.0115,13.29,11.8,39.69,1.3,18.14,0.314,27.43,25.13,6.734,1.939,0.4884,1177,363.3,3.786,195.8,1.574,1.98,39.06,63.54,7.849,3.254,114.9,544.9,38.27,5.575,1.696,340.6,91.7,139.1,597.7,541,76.02,0.1679,237.8,0.4955,0.6065,0.6591,0.4842,1,0.3697,0.1148,1,0.1156,546,927.7,22.22,0.6878,800,2.052,396.8,0.5317
20,child14,child,90.5079,24.000,2.000,22.000,112.000,42.000,313.617,1.866,3878.000,25.807,57.367,1626,2343,144,117.8,5.4,1.516,0.5423,1.159,12.19,0.01085,10.93,11.09,37.52,1.123,13.75,0.3016,26.58,30.91,6.799,1.841,0.4734,945.8,433.4,4.678,168.6,1.186,2.355,48.47,69.54,7.082,4.772,88.21,443.1,39.91,5.722,1.32,477.4,100,114.7,540.2,513.8,49.69,0.1428,163.6,0.513,0.5867,0.7308,0.4952,0.7923,0.4625,0.1009,1,0.1152,625.3,807.7,20,0.6183,782.6,2.553,380.7,0.4789
20,child15,child,144.4240,37.000,0.000,37.000,164.000,16.000,12.817,2.494,4506.000,24.860,57.333,1937,2040,133.2,120,4.764,1.566,0.5785,1.14,14.71,0.01193,9.739,8.843,32.12,1.352,20,0.3191,27.38,26.72,8.002,1.808,0.448,1259,445.6,3.751,165.3,1.125,2.199,40.67,54.31,8.587,3.622,103.7,517,41.58,4.701,1.494,396.8,78.84,149.5,617.8,457.1,57.77,0.1392,203.2,0.4328,0.7458,0.7687,0.4701,0.7096,0.4568,0.1128,0.9323,0.1138,593.9,882.9,21.35,0.8,738.2,2.295,265.7,0.613
21,parent,parent,143.5700,30.000,1.000,29.000,186.000,42.000,185.417,1.389,4183.000,24.213,49.817,1657,2193,165.1,101.6,6.54,1.446,0.8845,1.211,11.77,0.0115,13.29,11.8,39.69,1.3,18.14,0.314,27.43,25.13,6.734,1.939,0.4884,1177,363.3,3.786,195.8,1.574,1.98,39.06,63.54,7.849,3.254,114.9,544.9,38.27,5.575,1.696,340.6,91.7,139.1,597.7,541,76.02,0.1679,237.8,0.4955,0.6065,0.6591,0.4842,1,0.3697,0.1148,1,0.1156,546,927.7,22.22,0.6878,800,2.052,396.8,0.5317
21,child0,child,65.3418,31.000,2.000,29.000,68.000,-27.000,-245.217,0.670,3827.000,21.420,52.767,1559,2356,191.7,120,6.819,1.469,0.9844,1.287,11.8,0.01375,14.42,13.05,39.99,1.338,20,0.2833,28.99,29.72,8.228,2.333,0.4945,1210,376.9,3.878,192.2,1.25,2.291,35.27,56.11,8.138,3.184,116.9,619.4,39.68,6.105,1.553,332.2,97.86,130.1,557.5,586.1,84.11,0.1562,254.8,0.5458,0.5,0.6737,0.4669,0.8616,0.3698,0.1437,0.8631,0.1206,554.7,867.7,20.83,0.8,739.3,1.938,345.9,0.5054
21,child1,child,139.4171,35.000,2.000,33.000,163.000,23.000,128.933,1.755,4205.000,26.273,44.617,1998,2143,164.5,95.2,6.652,1.243,0.6633,1.306,10,0.01044,11.94,12.36,42.74,1.172,20,0.3131,27.04,30.04,7.738,1.53,0.3694,1160,360.3,3.977,211.2,1.56,1.902,44.06,72.06,8.425,3.571,120.1,526.2,39.38,5.285,1.528,365.6,100,136.3,520.8,503.9,67.35,0.2248,224.1,0.5142,0.5603,0.7938,0.5356,1,0.3386,0.1314,0.928,0.1213,637,896.4,22.36,0.7438,800,2.095,400,0.5459
21,child2,child,78.3747,21.000,3.000,18.000,132.000,5.000,-20.500,-0.116,3486.000,21.640,51.333,2145,2179,184.4,107.6,7.639,1.62,0.9501,1.309,11.89,0.01397,16.91,14.33,37.96,1.412,16.66,0.306,26.32,34.38,6.976,2.055,0.5167,1056,405.7,3.156,179.9,1.716,1.989,41.32,62.3,7.569,3.697,113.5,403,43.86,5.677,1.87,377.4,87.77,154.8,581.8,584.2,67.52,0.2111,243.3,0.4657,0.552,0.9094,0.4361,1,0.3493,0.1028,1,0.1447,569.8,748.3,21.51,0.6706,694.9,1.801,354.7,0.618
21,child3,child,111.2859,34.000,1.000,33.000,115.000,16.000,149.017,2.425,4379.000,27.553,60.617,1396,2040,144.4,85.87,7.349,1.797,0.6207,1.362,11.68,0.01402,11.53,12.5,41.13,1.188,19.01,0.3197,30.58,20.74,5.964,1.691,0.4507,1151,414.6,4.04,199.7,1.938,1.824,35.17,62.88,7.682,3.09,140.6,673.4,29.13,5.326,1.537,336.9,100,146.3,655.4,560.7,81.94,0.1743,251.6,0.4807,0.5933,0.6388,0.5266,0.9696,0.4256,0.1216,0.9555,0.1139,434.4,982.9,22.86,0.7696,800,1.774,394.5,0.4817
21,child4,child,125.0973,34.000,2.000,32.000,138.000,32.000,261.017,1.633,4548.000,25.347,43.250,1788,2590,135.6,98.11,6.413,1.534,0.9757,1.166,13.38,0.01282,12.28,12.26,46.08,1.163,20,0.3351,31.61,23.8,5.812,1.911,0.6115,1134,335.8,3.92,210.2,1.638,2.082,42.24,58.32,10.38,3.086,128.2,545.4,35.81,5.018,1.399,326.8,88.36,196.2,536.8,636.1,72.01,0.1962,259.1,0.5241,0.9735,0.5797,0.5784,1,0.4468,0.1223,0.9657,0.1097,524.4,987.3,23.3,0.6109,688.3,2.259,392.7,0.4416
21,child5,child,145.1193,39.000,0.000,39.000,151.000,21.000,155.200,2.593,4845.000,27.947,47.367,1530,2067,174,111.9,5.95,1.703,0.6952,1.375,10.12,0.01191,11.64,10.24,34.99,1.336,20,0.302,32.84,27.35,6.871,2.333,0.4073,1241,292.5,3.712,217,1.525,2.5,34.79,58.32,9.108,4.493,98.43,493.5,35.78,5.402,1.476,300.1,92.98,142.9,680.6,531.4,70.74,0.1571,244.5,0.4479,0.5991,0.6682,0.4744,1,0.4614,0.1306,0.9386,0.1126,596.3,1066,24.92,0.6038,746.7,1.542,383,0.594
21,child6,child,118.4549,34.000,1.000,33.000,130.000,7.000,108.200,1.360,4205.000,25.227,52.167,1718,2021,131,101.8,5.103,1.38,1.08,1.105,11.75,0.01203,12.11,14.09,48.02,1.191,17.94,0.3246,28.26,23.9,7.058,1.992,0.5729,1212,354.6,3.517,169.8,1.238,1.796,37.05,68.75,6.954,3.555,109.4,477,39.89,5.25,1.757,301.2,100,127.7,535.2,505.2,67.72,0.1535,251.8,0.6156,0.5,0.8071,0.4946,0.8301,0.4347,0.14,1,0.1158,595.8,1067,20,0.8,626.2,2.141,399.8,0.5522
21,child7,child,66.4091,21.000,1.000,20.000,86.000,20.000,198.500,2.006,3825.000,27.420,45.717,1619,2143,143.7,82.76,7.445,1.853,0.9242,1.18,10.18,0.01247,13.98,12.81,47.98,0.9866,18.66,0.3075,25.69,24.54,7.599,2.047,0.3831,971.1,365.9,3.561,184.9,1.677,2.185,34.21,74.27,9.184,2.566,104.3,520.3,32.5,5.416,1.644,330.9,77.17,130.2,717.8,584.6,91.04,0.1975,266.5,0.5318,0.567,0.5302,0.5163,1,0.37,0.1116,1,0.1636,527.1,1175,24.18,0.5625,800,2.189,366.8,0.5443
21,child8,child,91.8986,28.000,1.000,27.000,107.000,11.000,133.717,1.310,4084.000,26.073,46.833,1459,1981,207.1,101.7,6.759,1.826,0.8189,1.138,12.15,0.01196,14.96,11.57,40.78,1.339,16.26,0.3413,29.82,23.98,8.515,1.668,0.4248,1003,362.5,3.65,220.3,1.74,1.933,31.25,62.58,7.5,3.249,119.6,479.1,37.99,5.384,1.453,368.8,100,149.4,457.6,900,68.19,0.171,230.9,0.4253,0.6606,0.689,0.5322,0.953,0.3751,0.127,0.9227,0.1203,453,986.1,24.1,0.7947,670.6,1.963,400,0.5968
21,child9,child,109.3063,31.000,0.000,31.000,118.000,27.000,136.800,1.513,4287.000,25.360,61.800,1512,2121,199,108.5,6.091,1.4,0.7777,1.061,12.41,0.01549,13.18,12.67,38.63,1.331,19.72,0.3142,27.77,24.8,5.911,1.922,0.4649,1169,337,4.355,194.1,1.481,1.753,44.84,61.1,7.761,3.53,115.7,646.3,42.67,5.113,1.722,330.2,100,141.2,558,546.1,65.12,0.1887,198.5,0.551,0.5,0.5601,0.5073,1,0.3621,0.108,0.9923,0.1301,539.3,945.6,24.07,0.6787,800,2.264,335.2,0.5286
21,child10,child,139.2482,31.000,0.000,31.000,170.000,34.000,279.900,1.562,4282.000,25.527,65.583,1572,2303,177.3,100,7.278,1.249,0.8489,1.175,11.12,0.01204,12.26,9.493,45,1.256,18.13,0.2386,25.46,25.76,6.39,1.791,0.598,1275,361,3.807,209.7,1.267,2.13,36.93,60.02,6.946,2.331,119.3,448.5,31.32,5.826,1.588,351.1,97.88,132.2,471.2,626.6,68.84,0.1542,219.4,0.4341,0.5653,0.5711,0.4251,1,0.3768,0.1238,1,0.1118,446.3,756.7,20,0.5696,800,2.391,400,0.5222
21,child11,child,144.8733,36.000,0.000,36.000,139.000,35.000,269.333,1.449,3833.000,24.213,49.867,1700,2429,181.3,91.48,6.545,1.462,0.9927,1.141,12.21,0.009623,13.62,12.84,40.34,1.235,20,0.3307,25.27,26.71,7.917,2.159,0.4385,1192,323.9,3,243.3,1.538,2.315,42.41,64.11,6.96,3.216,125.8,529.9,41.74,4.897,1.819,479.5,99.98,126.8,599.7,584.8,92.83,0.1676,239.5,0.4312,0.536,0.695,0.5632,0.9531,0.3502,0.1141,0.9586,0.1266,524.1,834.1,25.06,0.7096,768.1,2.35,400,0.6837
21,child12,child,92.4203,24.000,1.000,23.000,121.000,14.000,145.933,2.040,3563.000,27.167,54.717,1984,2136,145.2,95.22,6.267,1.722,0.7814,1.114,10.4,0.01461,14.91,12.08,42.07,1.215,18.19,0.2723,26.33,30.17,5.283,1.667,0.5484,909,347.8,4.964,221.2,1.644,1.769,48.32,69.67,9.427,3.875,106.3,472,35.03,6.77,2.08,330.3,99.98,122.2,708.5,526.6,71.49,0.1753,229.6,0.4765,0.588,0.623,0.4506,1,0.3395,0.1157,0.9815,0.1213,416,922.8,20,0.7154,800,2.131,390.7,0.4668
21,child13,child,96.5658,35.000,6.000,29.000,78.000,25.000,151.017,3.920,3087.000,31.460,53.983,1679,2068,173.3,82.8,5.122,1.312,0.7976,1.325,10.31,0.00972,13.27,11.74,42.44,1.512,20,0.3449,26.11,26.48,7.242,1.924,0.6007,1126,286.8,3.768,236.2,1.623,1.889,39.13,75.06,8.447,3.383,123.6,565.5,33.15,5.731,1.893,301,100,144.9,569.8,427.3,87.53,0.1451,246.3,0.3981,0.6299,0.6683,0.4565,1,0.5035,0.1173,1,0.111,447.1,1029,20,0.6323,646.6,1.731,372.7,0.6544
21,child14,child,116.5574,36.000,1.000,35.000,98.000,36.000,320.317,2.986,4468.000,32.833,45.783,1636,2059,150.8,100.9,5.597,1.735,0.8641,1.193,11.59,0.0135,16.45,11.24,38.8,1.195,18.08,0.3012,24.56,26.17,8.097,2.086,0.4812,1285,423.2,3.619,190.4,1.827,2.145,37.05,88.61,6.134,3.34,110.1,523,40.77,5.99,1.325,326.7,95.17,139.4,611.3,564.5,89.38,0.2231,246.9,0.4053,0.7073,0.7259,0.4456,0.9852,0.4351,0.1097,0.9417,0.09453,555.5,1022,27.38,0.6329,800,1.789,376.2,0.4571
21,child15,child,101.6116,30.000,1.000,29.000,98.000,30.000,261.250,1.934,3830.000,30.153,52.650,1574,2434,220,92.4,6.24,1.536,1.076,1.28,11.07,0.01227,13.69,10.35,35.28,1.669,20,0.2797,32.82,26.71,9.081,1.931,0.4766,1150,465.5,4.03,192.6,1.73,1.541,34.81,76.08,6.433,3.889,159,547.5,32.92,5.407,2.098,346.9,99.47,140.8,690.4,603.5,69.47,0.1404,260.5,0.4839,0.643,0.6829,0.4014,1,0.3566,0.123,0.7755,0.1097,600.1,842.9,21.52,0.5796,628.1,1.783,399.1,0.6197
22,parent,parent,156.5142,42.000,2.000,40.000,155.000,37.000,348.950,2.710,4885.000,27.500,51.200,1530,2067,174,111.9,5.95,1.703,0.6952,1.375,10.12,0.01191,11.64,10.24,34.99,1.336,20,0.302,32.84,27.35,6.871,2.333,0.4073,1241,292.5,3.712,217,1.525,2.5,34.79,58.32,9.108,4.493,98.43,493.5,35.78,5.402,1.476,300.1,92.98,142.9,680.6,531.4,70.74,0.1571,244.5,0.4479,0.5991,0.6682,0.4744,1,0.4614,0.1306,0.9386,0.1126,596.3,1066,24.92,0.6038,746.7,1.542,383,0.594
22,child0,child,106.7510,31.000,1.000,30.000,106.000,44.000,355.050,1.310,4608.000,24.500,42.750,1685,2120,136.5,108.8,4.745,1.977,0.6986,1.5,11.35,0.01024,13.7,11.01,39.81,1.243,16.09,0.2737,29.67,30.88,6.621,2.626,0.4639,1059,329.9,3.157,223.6,1.398,2.084,33.17,58.45,10.19,4.526,95.62,499.9,32.06,5.205,1.442,292.1,70.78,129.4,862,551,73.31,0.155,263.7,0.4654,0.6243,0.6636,0.5403,1,0.4725,0.1018,0.8753,0.08663,479.3,935.3,25.85,0.589,800,1.626,400,0.7019
22,child1,child,34.9797,26.000,5.000,21.000,41.000,1.000,36.617,2.720,4279.000,24.393,55.833,1397,2245,175.7,110.2,5.853,1.596,0.6272,1.29,10,0.01352,10.19,11.82,42.85,1.185,20,0.271,36.91,25.09,6.809,2.981,0.4564,1236,308.5,3.631,233.5,1.389,2.5,41.88,60.78,8.593,5.356,72.78,411,31.86,5.298,1.473,289.2,97.85,125.6,800.8,505.3,78.87,0.1493,221.7,0.4794,0.6372,0.6798,0.583,0.9829,0.4638,0.1349,0.9774,0.089,633.3,968.4,25.69,0.5737,670.9,1.902,400,0.5332
22,child2,child,84.1784,25.000,1.000,24.000,101.000,19.000,95.183,-1.028,3635.000,19.547,52.067,1362,2204,152.1,120,7.114,1.792,0.7426,1.328,10,0.0102,11.39,10.75,35.24,1.291,20,0.266,32.27,25.45,6.602,2.578,0.3739,1228,287,3.15,210.6,1.304,2.5,35.68,54.35,7.953,4.714,91.65,466.1,38.03,5.368,1.288,275.8,100,132.4,662.5,466.6,66.3,0.1689,206.8,0.4801,0.5531,0.6135,0.4388,1,0.4675,0.1067,0.9602,0.1107,686.5,901.1,24.82,0.5442,800,1.699,367.4,0.644
22,child3,child,67.4114,25.000,1.000,24.000,87.000,0.000,-68.983,1.846,4079.000,27.800,40.617,1442,2295,182.9,100.6,6.798,1.814,0.598,1.5,10.26,0.01282,12.53,10.86,44.23,1.418,20,0.3592,34.83,26.96,5.208,2.483,0.5043,1359,311.5,4.993,181.3,1.332,2.105,43.39,57.58,7.479,4.274,108.1,498,31.79,6.556,1.559,332.3,86.41,145,650.5,564,78.83,0.1732,236.3,0.4299,0.5993,0.7974,0.4246,1,0.4532,0.1377,0.9327,0.1187,570.1,901.7,30.79,0.6027,766.3,1.5,400,0.549
22,child4,child,142.0398,41.000,2.000,39.000,155.000,19.000,135.900,1.990,5044.000,26.233,69.100,1916,2139,164.7,120,5.363,2,0.5407,1.5,11.83,0.008877,11.13,8.862,35.43,1.287,20,0.2729,41.26,29.01,7.729,2.316,0.4021,1203,266.1,3.897,230.1,1.822,2.5,34.28,56.71,8.597,4.615,75.49,618.8,29.26,4.718,1.484,277.8,89.57,150.6,661.4,532.8,61.73,0.1501,210.4,0.3556,0.5061,0.7412,0.556,1,0.5323,0.1595,0.8464,0.1184,632.7,1035,27.47,0.5561,800,1.602,400,0.6319
22,child5,child,9.3562,14.000,3.000,11.000,23.000,1.000,-11.867,-1.166,2838.000,16.033,45.400,1340,2763,198.2,104.1,5.523,2,0.5721,1.5,10,0.01039,12.09,8.335,45.59,1.375,20,0.3434,34.96,29.34,6.916,1.955,0.4292,1385,270.5,3.738,226.2,1.193,2.5,29.94,41.65,9.029,4.148,99.5,391,39.81,4.679,1.447,338.4,99.36,125.5,701.5,472.6,58.3,0.1359,253.7,0.5322,0.5529,0.6668,0.3966,1,0.4207,0.1576,0.954,0.1496,633.4,859.2,28.58,0.5558,800,1.5,400,0.7017
22,child6,child,121.8188,32.000,0.000,32.000,135.000,32.000,239.133,1.075,4551.000,23.513,55.400,1536,2375,161.4,104.2,6.146,1.621,0.7507,1.317,10.48,0.01315,10.7,11.51,36.75,1.454,20,0.2775,37.1,24,6.649,2.72,0.4093,1059,281,3.591,194.3,1.611,2.5,31.65,57.37,10.91,4.311,101.8,469,36.58,4.324,1.323,275,90.13,156,757.8,664.9,60.78,0.1287,253.8,0.4488,0.6477,0.5762,0.4574,0.9765,0.4261,0.1369,0.9598,0.1016,693.9,1130,22.76,0.6238,516.5,1.561,400,0.6126
22,child7,child,187.5046,50.000,1.000,49.000,180.000,39.000,289.050,2.863,5774.000,29.513,38.167,1520,2554,165.6,110.7,4.793,1.903,0.6293,1.47,10,0.01073,11.72,12.47,28.66,1.309,20,0.2674,33.91,29.42,8.396,2.426,0.337,1202,264.8,3.286,222.6,1.715,2.5,32.95,63,10.34,4.28,142.2,457.5,38.9,5.842,1.29,240.5,100,127.7,642.1,460.4,92.17,0.1634,268.1,0.5153,0.5311,0.7963,0.4821,1,0.5012,0.1556,0.9905,0.1311,630.7,1200,31.02,0.7639,793.3,1.535,332.7,0.7347
22,child8,child,128.8018,43.000,3.000,40.000,112.000,26.000,270.983,2.836,5149.000,26.560,50.900,1273,2023,149.9,112,5.322,1.713,0.7314,1.229,10.58,0.01177,14.04,9.973,33.97,1.272,18.07,0.3809,33.79,32.65,7.563,2.599,0.362,1158,310.6,3.324,305.9,1.3,1.994,34.76,64.33,9,5.367,103.5,523.2,35.66,5.92,1.293,263.1,85.5,166.1,705.2,699.7,83.04,0.1253,275.9,0.4631,0.6328,0.6401,0.4491,1,0.4831,0.1298,1,0.09364,565.4,1064,28.47,0.7928,693.4,1.5,374.8,0.5676
22,child9,child,166.0344,38.000,0.000,38.000,195.000,28.000,155.117,-0.666,4732.000,27.113,38.033,1444,2497,199.4,120,5.124,2,0.7283,1.498,11.42,0.009906,11.52,12.16,30.85,1.396,18.9,0.3125,27.86,25.94,7.03,2.092,0.4113,1233,286,3.651,205.3,1.521,2.5,31.71,66.34,9.438,3.872,112.3,428.1,36.71,5.187,1.392,302.6,100,118.1,682.6,554.1,70.7,0.1373,209,0.5851,0.6518,0.8029,0.4673,0.9897,0.3514,0.1415,0.9195,0.1056,692,963.6,25.22,0.5488,672.2,1.668,391.9,0.5787
22,child10,child,-15.8313,6.000,2.000,4.000,1.000,-4.000,0.533,-1.906,2182.000,10.940,36.750,2063,2402,181.8,120,6.093,1.76,0.8106,1.5,10,0.0118,14.35,9.533,29.45,1.177,19.16,0.3857,35.57,25.46,7.151,2.367,0.4177,1327,255.6,3.576,220.6,1.607,2.5,33.41,53.66,10.47,4.019,88.46,465.8,37.34,5.841,1.374,316.3,100,173.3,733.5,578.7,66.5,0.1372,217.9,0.5194,0.5839,0.6669,0.4607,1,0.5804,0.1055,0.9211,0.132,622.1,1082,28.21,0.6206,623.2,1.505,400,0.5297
22,child11,child,62.3892,21.000,0.000,21.000,68.000,17.000,109.400,3.103,3307.000,26.087,60.717,1344,2203,186.6,112.4,5.346,1.671,0.7431,1.5,10.31,0.01258,10.18,8.686,28.81,1.318,20,0.3183,31.98,29.45,8.025,2.252,0.4468,1323,356.3,3.418,233.8,1.834,2.033,29.39,73.47,9.644,3.903,102.8,509.9,29.95,6.141,1.423,344.9,85.41,148.4,657.9,491.9,68.49,0.1378,229.2,0.4114,0.6,0.6404,0.458,0.9556,0.4253,0.1421,0.8834,0.09796,501.2,1200,30.15,0.6761,565,1.5,324.3,0.5373
22,child12,child,131.1130,43.000,3.000,40.000,107.000,29.000,213.283,2.068,4561.000,28.300,50.467,1579,2202,175.7,102,5.32,1.759,0.6001,1.41,10.86,0.01226,11.69,11.08,32.84,1.244,20,0.2661,33.74,31.23,6.434,1.834,0.37,1661,293.9,3.727,201.2,1.404,2.5,34.47,57.09,10.03,4.452,79.35,550.3,34.55,5.144,1.612,300,77.95,147.7,682.3,507.6,57.84,0.1359,259.7,0.4375,0.6773,0.6994,0.4434,0.9043,0.3489,0.1138,0.9929,0.1141,619.4,944.8,28.33,0.6382,782,1.5,400,0.5478
22,child13,child,88.0801,26.000,1.000,25.000,135.000,-12.000,-7.167,1.800,4578.000,23.547,46.417,1549,1934,184.7,120,6.821,1.846,0.6344,1.5,10.31,0.0129,10.32,9.408,38.8,1.44,20,0.2944,33.56,25.96,6.191,2.519,0.4435,1272,299.3,4.087,189.6,1.562,2.5,28.64,59.45,8.626,4.409,87.97,454,33.07,5.507,1.455,290.3,83.28,162.1,599.3,634,71.1,0.2033,301.1,0.4472,0.7459,0.5981,0.4419,1,0.4987,0.1326,1,0.1132,665.6,965.4,23.59,0.7006,800,1.64,371.1,0.4421
22,child14,child,118.4926,42.000,0.000,42.000,89.000,-4.000,-35.500,3.140,4479.000,25.607,47.167,1270,1681,157.4,120,6.59,1.49,0.8075,1.468,10.17,0.01586,11.58,11.67,37.27,1.438,16.31,0.3439,38.31,25.66,4.855,2.1,0.4009,1040,317.5,3.57,190.7,1.389,2.239,28.86,51.99,8.893,4.535,93.79,481.7,40.53,5.745,1.396,312,92.45,157.9,768.7,485.2,71.77,0.1527,254.1,0.6403,0.66,0.5429,0.453,1,0.4154,0.114,0.8077,0.1023,702.1,1102,28.44,0.5947,800,1.5,324.4,0.6067
22,child15,child,67.3266,36.000,6.000,30.000,70.000,-1.000,-35.533,1.759,5068.000,27.373,42.250,1422,2148,195.9,110.1,7.198,1.799,0.6521,1.262,10.16,0.01201,9.981,10.06,34.97,1.649,19.49,0.2548,27.03,29.62,6.149,2.669,0.4092,1068,320.5,3.661,235.7,1.29,2.356,36.63,56.49,8.977,3.92,88.56,575.2,30.67,6.311,1.347,265.6,100,145.9,541.6,493.4,72.4,0.1825,259.6,0.5058,0.6161,0.7145,0.4457,1,0.5253,0.1,1,0.1028,637.8,1052,23.48,0.5569,786.9,1.5,344.9,0.6238
23,parent,parent,171.9852,45.000,0.000,45.000,146.000,39.000,344.700,3.329,4527.000,25.733,45.300,1520,2554,165.6,110.7,4.793,1.903,0.6293,1.47,10,0.01073,11.72,12.47,28.66,1.309,20,0.2674,33.91,29.42,8.396,2.426,0.337,1202,264.8,3.286,222.6,1.715,2.5,32.95,63,10.34,4.28,142.2,457.5,38.9,5.842,1.29,240.5,100,127.7,642.1,460.4,92.17,0.1634,268.1,0.5153,0.5311,0.7963,0.4821,1,0.5012,0.1556,0.9905,0.1311,630.7,1200,31.02,0.7639,793.3,1.535,332.7,0.7347
23,child0,child,60.8587,29.000,4.000,25.000,72.000,-5.000,-75.617,2.271,4085.000,22.360,56.783,1506,2676,176.7,120,4.82,2,0.5762,1.5,10,0.01175,13.72,11.35,31.5,1.134,20,0.2334,38.9,27.22,6.647,2.239,0.3567,1016,293.5,3,218.2,1.863,2.5,35.16,59.28,10.19,4.488,166.8,460.8,44.71,8.132,1.473,232.4,100,138,681.4,423.4,112.5,0.1534,277.3,0.5257,0.5568,0.8307,0.3951,0.7796,0.5217,0.1449,0.9114,0.1598,751.6,1200,30.74,0.8,760.6,1.5,371.1,0.6372
23,child1,child,138.3198,40.000,1.000,39.000,128.000,20.000,280.767,3.271,4556.000,26.793,56.917,1618,2325,135,109.4,4.431,2,0.696,1.5,10.15,0.01034,9.549,15.92,26.47,1.239,20,0.2686,35.89,31.79,7.706,2.212,0.3518,1317,273.2,3.285,241.7,1.486,2.309,33.81,65.66,11.23,4.363,159.4,408,34.42,5.192,1.337,275.7,95.59,136.4,631.9,567.4,84.88,0.1793,255.2,0.5145,0.6348,0.9119,0.4042,0.8654,0.557,0.1705,0.8792,0.1323,741.7,1200,33.68,0.8,711.4,1.758,290.5,0.6223
23,child2,child,122.1821,40.000,2.000,38.000,110.000,16.000,183.017,3.574,4748.000,27.053,52.800,1560,2383,201.3,93.24,3.798,2,0.5637,1.5,10,0.01334,10.79,9.689,25.35,1.401,20,0.2804,27.85,26.14,7.635,2.42,0.3972,1135,255.4,3.288,198.8,1.919,2.374,28.8,66.85,12.41,3.963,126.9,515.6,31.62,5.589,1.382,261.4,100,147.1,643.7,521,96.2,0.1696,300.4,0.4321,0.5803,0.7751,0.5176,0.915,0.5609,0.157,1,0.1184,682.2,1200,32.1,0.6533,800,1.513,330.9,0.6086
23,child3,child,21.7462,13.000,2.000,11.000,49.000,-6.000,-87.783,-1.596,2520.000,16.453,51.550,1578,2684,180,115.7,6.168,2,0.5918,1.5,10,0.01166,13.25,10.62,27.26,1.214,19.94,0.2992,29.76,25.89,6.258,2.285,0.3557,1021,228.7,3.483,222.5,1.527,2.5,36.58,51.62,8.434,3.434,135.1,522.7,38.72,5.138,1.264,284.7,100,129.6,827.4,406,101.2,0.1589,261.8,0.4332,0.5368,0.6473,0.4925,1,0.6,0.1475,1,0.1283,644.7,1200,33.89,0.7053,661.9,1.5,400,0.6389
23,child4,child,24.5180,14.000,3.000,11.000,70.000,-8.000,-142.333,-1.389,3192.000,19.107,45.100,1282,2800,145.3,118.9,4.482,1.397,0.5496,1.5,10,0.01241,10.34,15.02,29.23,1.168,17.74,0.2565,28.06,24.15,7.848,2.311,0.3389,1135,261.3,3,238.9,1.839,2.5,28.31,59.07,11.33,4.893,139.9,663.2,40.27,6.01,1.522,269.5,100,124.7,551.6,437.5,92.5,0.1655,314.2,0.4744,0.6541,0.7809,0.4577,0.935,0.4808,0.1492,1,0.1426,626.6,1033,26.95,0.8,800,1.5,322.8,0.8
23,child5,child,69.0829,19.000,0.000,19.000,84.000,11.000,139.383,-0.616,2829.000,19.767,43.300,1690,2287,171.2,119.2,5.628,1.917,0.5264,1.319,10,0.009992,11.28,10.49,29.9,1.456,20,0.3225,34.4,24.26,8.404,2.508,0.276,1053,254.2,3.237,268.7,1.605,2.5,35.59,59.01,7.733,4.133,137,404.2,39.85,5.458,1.212,229.3,100,104,586.5,486.7,84.6,0.1387,386.8,0.4829,0.5196,0.8757,0.4656,1,0.5007,0.1656,1,0.1374,610.5,1130,31.2,0.696,800,1.773,274.2,0.7106
23,child6,child,129.5574,39.000,2.000,37.000,110.000,24.000,256.850,4.361,4089.000,27.267,49.433,1294,2258,165,98.45,4.36,2,0.5312,1.255,11.34,0.008167,11.01,11.55,26.33,1.397,19.61,0.2643,37.72,36.99,8.397,2.299,0.4186,1299,292.6,3.124,212.8,1.596,2.175,42.71,58.15,10.45,4.184,135.1,502.7,36.33,4.082,1.269,194.4,93.56,122.3,695.4,419.1,91.02,0.1543,239.4,0.4493,0.5802,0.6682,0.616,1,0.5045,0.1551,0.9761,0.1465,609.2,1032,27.92,0.8,800,1.5,320.6,0.6555
23,child7,child,157.9399,42.000,0.000,42.000,134.000,34.000,316.383,2.284,4181.000,26.467,48.733,1624,2442,194.3,105.4,4.623,2,0.6742,1.364,10,0.01065,11.01,14.21,28.56,1.333,20,0.3231,30.57,30.16,7.721,2.614,0.3901,1095,244.1,3.305,191,1.756,2.172,33.37,66.14,9.355,5.923,137.4,483.7,31.9,5.068,1.32,278.3,100,114.8,695,524.9,96.74,0.1898,316.5,0.5326,0.6025,0.8072,0.4494,1,0.4597,0.1389,0.9534,0.124,519.7,1167,27.56,0.787,701,1.574,311.2,0.5789
23,child8,child,85.9719,31.000,3.000,28.000,86.000,9.000,142.750,0.459,3865.000,24.027,48.600,1378,2397,148.4,113.5,4.202,1.916,0.7014,1.471,11.28,0.009798,12.5,11.35,30.04,1.256,19.57,0.2413,34.69,25.26,8.711,2.169,0.3813,1195,229.7,3.964,212.6,1.431,2.5,31.63,64.93,9.998,4.588,140.2,494.7,53.3,5.973,1.596,245,77.93,143.9,766.8,501.1,81.11,0.1503,267.5,0.5763,0.5,0.8319,0.4828,0.8916,0.4311,0.1549,1,0.1542,626.5,910.4,35.99,0.7842,800,1.62,295.2,0.7147
23,child9,child,115.9300,35.000,1.000,34.000,103.000,17.000,276.400,2.698,3896.000,25.920,62.950,1559,2314,178.7,103,4.473,1.915,0.6563,1.483,10,0.01055,11.61,15.76,30.48,1.384,15.66,0.2481,33.55,36.8,6.321,2.897,0.375,1213,277.8,3.627,234,1.878,2.5,37.4,55.91,10.16,4.667,130.4,440,36.41,5.699,1.067,202.3,100,121.7,663,434.8,107.4,0.1638,296.5,0.5167,0.5671,0.7896,0.5242,1,0.5533,0.2103,0.8871,0.1412,664.9,1200,36.46,0.7364,800,1.5,283.7,0.7473
23,child10,child,130.5698,37.000,1.000,36.000,135.000,19.000,104.017,2.489,4329.000,28.000,59.650,1832,2800,144.5,99.19,4.427,2,0.6031,1.5,10.48,0.01045,12.68,12.08,25.58,1.241,19.46,0.237,39.22,30.21,7.884,2.876,0.3439,1290,229.6,3,203.6,1.306,2.427,28.89,72.38,10.66,4.236,111.5,427.5,36.01,5.114,1.022,269.4,86.63,163.6,636.3,511.9,77.19,0.174,362.7,0.5344,0.5,0.7273,0.5098,1,0.5646,0.1543,0.8284,0.136,536,1045,29.39,0.8,800,1.652,326.1,0.631
23,child11,child,144.2986,44.000,0.000,44.000,121.000,11.000,152.683,2.367,4595.000,27.720,59.167,1585,2442,168.6,109.7,4.722,1.824,0.7448,1.328,10,0.01097,10.83,10.81,29.09,1.289,18.07,0.2712,39.27,30.51,10.27,2.671,0.3439,1406,288.3,3.378,253.7,1.575,2.174,35,60.85,9.394,4.02,114.4,405.6,43.79,6.551,1.134,225.5,93.95,121.7,498.5,449.5,102.3,0.1992,202,0.5096,0.5216,0.7011,0.5615,0.9841,0.6,0.1584,0.9336,0.1284,602.7,1200,32.09,0.6528,715.8,1.5,315,0.679
23,child12,child,165.5344,34.000,1.000,33.000,175.000,42.000,275.850,0.937,2743.000,29.293,49.917,1536,2730,168.3,113.3,6.441,2,0.5654,1.5,11.34,0.0104,12.73,11.69,30.65,1.473,15.37,0.3026,33.51,25.5,8.431,2.897,0.3033,1305,293.2,3.406,228.5,1.906,2.436,30.89,74.95,10.58,3.227,139.8,404.6,37.91,4.647,1.261,267.2,100,120.4,556,529.7,88.27,0.1676,265,0.5246,0.5183,0.7542,0.4399,0.8219,0.5024,0.1615,1,0.1186,542.7,1200,29.75,0.72,748,1.5,341.4,0.7372
23,child13,child,91.0321,35.000,3.000,32.000,84.000,27.000,210.367,2.724,5073.000,25.407,46.667,1455,2274,173.6,104.2,5.464,1.847,0.5874,1.5,11.33,0.01066,9.517,11.46,25.08,1.503,20,0.2896,31.39,25.98,9.009,2.34,0.3134,1225,232.7,3.16,203.8,1.359,2.306,31.45,69.1,8.785,4.631,132.7,414,40.69,6.255,1.144,253.7,79.89,148.4,719.5,511.4,91.15,0.1904,259,0.4639,0.5632,0.7985,0.4835,0.9622,0.4943,0.1629,0.8418,0.1156,605.9,1197,31.35,0.8,800,1.7,357.5,0.7864
23,child14,child,65.3052,25.000,4.000,21.000,77.000,26.000,201.900,1.543,3745.000,23.393,64.150,1680,2500,220,104.5,3.872,2,0.5486,1.381,10,0.01199,13.86,15.95,27.07,1.42,13.93,0.2378,33.49,29.61,8.601,2.476,0.2927,1044,258.4,3.431,234.4,2.001,1.843,28.71,59.68,9.529,3.931,125.3,470,34.7,7.011,1.162,198,96.12,116.3,617.2,460.5,89.23,0.1823,321,0.517,0.5,0.9017,0.5306,0.954,0.5154,0.1484,0.9545,0.09929,599,1124,26.5,0.7929,709.5,1.5,317.5,0.7078
23,child15,child,108.9577,38.000,0.000,38.000,73.000,15.000,101.783,3.563,4162.000,25.993,41.400,1440,2585,182.1,108.9,4.819,1.862,0.5474,1.31,12.5,0.01263,11.56,13.63,27.5,1.187,18.07,0.2212,25.86,33.33,8.96,2.491,0.2953,1311,223.7,3.062,217.8,1.392,2.5,31.59,67.8,8.878,4.152,119.3,486.8,35.92,5.432,1.193,297.4,100,117.8,537.3,403.6,117.8,0.1527,255.2,0.501,0.5945,0.8085,0.4841,0.8888,0.5015,0.147,0.9093,0.1127,819.3,1066,27.89,0.7323,800,1.5,348.6,0.7254
24,parent,parent,121.7167,40.000,1.000,39.000,93.000,51.000,427.533,2.925,5468.000,25.767,47.400,1520,2554,165.6,110.7,4.793,1.903,0.6293,1.47,10,0.01073,11.72,12.47,28.66,1.309,20,0.2674,33.91,29.42,8.396,2.426,0.337,1202,264.8,3.286,222.6,1.715,2.5,32.95,63,10.34,4.28,142.2,457.5,38.9,5.842,1.29,240.5,100,127.7,642.1,460.4,92.17,0.1634,268.1,0.5153,0.5311,0.7963,0.4821,1,0.5012,0.1556,0.9905,0.1311,630.7,1200,31.02,0.7639,793.3,1.535,332.7,0.7347
24,child0,child,48.5774,17.000,2.000,15.000,93.000,18.000,179.783,-0.310,4204.000,22.880,56.350,1599,2619,190.1,116.4,4.95,1.945,0.6025,1.5,10,0.01225,10.94,15.48,28.73,1.454,19.74,0.2434,32.51,24.68,7.701,2.235,0.3507,1247,222.2,3,180.2,1.745,2.431,38.24,68.68,13.02,4.738,147,420.6,39.13,5.949,1.119,253.2,90.99,118.5,643.3,474.5,102.4,0.1567,225.2,0.5053,0.5886,0.8209,0.4773,1,0.5692,0.1521,0.9224,0.1752,549.6,1171,39.34,0.7426,695.4,1.567,286.7,0.6587
24,child1,child,136.4817,44.000,0.000,44.000,91.000,43.000,450.750,4.012,5307.000,24.727,50.967,1463,2225,160.1,90.14,4.958,1.662,0.6496,1.5,11.17,0.009665,12.35,12.58,36.5,1.293,19.78,0.2594,31.82,28.47,8.551,3.077,0.3981,1148,316.5,3,301.2,1.598,2.5,32.3,61.44,11.39,4.268,128,458.6,36.24,5.35,1.347,249,100,175.9,739.1,469.4,107.8,0.1812,236.8,0.5947,0.6834,0.7992,0.5239,0.9681,0.477,0.1176,0.9384,0.145,639.4,1200,29.61,0.6428,800,1.893,366.5,0.7714
24,child2,child,77.4830,34.000,7.000,27.000,66.000,45.000,447.583,2.052,4835.000,25.647,45.800,1768,2300,185.6,120,4.706,2,0.713,1.5,10.79,0.01146,12.49,10.13,29.02,1.058,20,0.2479,38.6,28.27,8.009,2.48,0.3058,1190,301.9,3.19,205.7,1.654,2.42,35.25,65.36,10.31,4.225,166.4,559.7,40.26,6.143,1.139,311,78.63,134.5,644.1,459,97.53,0.143,254.3,0.4528,0.5572,0.7937,0.4962,0.948,0.4634,0.1592,0.969,0.09849,674.1,1163,31.07,0.8,800,1.529,318.8,0.7312
24,child3,child,114.4021,31.000,1.000,30.000,139.000,18.000,220.517,1.984,4630.000,29.153,48.850,1655,2326,132.5,97.04,5.264,1.67,0.7883,1.5,11.97,0.01041,12.5,13.37,26.98,1.644,20,0.2081,26.43,29.98,9.167,2.178,0.346,862.4,354.2,4.497,208.8,1.642,2.5,31.35,67.85,12.37,4.748,141.3,468.9,33.2,4.804,1.169,265,98.51,143.6,630.9,470.3,83.16,0.155,300.8,0.4309,0.5,0.7306,0.4911,0.9784,0.5628,0.1519,0.9932,0.1586,654.2,1097,31.31,0.6127,621.7,1.794,292.6,0.6894
24,child4,child,131.9050,43.000,2.000,41.000,118.000,18.000,228.933,3.711,5270.000,25.027,49.267,1481,2182,160.3,99.5,4.313,1.934,0.6595,1.468,10.07,0.009218,11.41,14.3,25.99,1.3,19.53,0.2476,32.51,30.35,9.955,2.74,0.4282,1420,236.7,3.477,197.5,1.895,2.5,28.03,65.73,10.57,4.506,118.9,524.6,36.97,6.058,1.45,206,100,144.2,723.1,389.4,87.11,0.1893,225.7,0.6962,0.5372,0.7855,0.4283,0.852,0.5676,0.1272,1,0.1201,620.8,1037,34.3,0.7218,797.4,1.5,306.6,0.6867
24,child5,child,109.5308,35.000,2.000,33.000,113.000,14.000,190.833,2.466,4683.000,23.007,46.883,1270,2800,191.1,112,5.493,2,0.6444,1.5,10.31,0.01188,11.38,10.9,25.18,1.435,20,0.301,41.59,34.65,9.315,2.421,0.3055,1534,246.8,3.154,197.1,1.582,2.5,35.12,64.75,10.22,3.965,134.7,452.9,39.48,5.653,1.281,289,86.68,146.4,818,429.2,93.11,0.1524,284,0.4674,0.6262,0.8807,0.5195,1,0.419,0.1813,1,0.1448,746,1200,28.42,0.8,673.5,1.5,341.6,0.6601
24,child6,child,135.9950,41.000,2.000,39.000,131.000,43.000,334.717,2.750,5570.000,26.527,48.217,1728,2434,174.1,113.9,4.243,1.959,0.6565,1.313,10,0.01174,11.75,12.33,27.1,1.226,19.63,0.2424,40.38,26.01,9.612,2.502,0.3787,1188,252.7,3.333,206.6,1.613,2.5,31.62,63.25,10.94,3.887,135.9,351.7,34,5.71,1.151,230.6,92.33,152.3,711.1,472.9,93.73,0.1453,222.6,0.5242,0.5076,0.7326,0.4411,0.9855,0.5189,0.1602,0.913,0.118,647.2,1016,27.76,0.8,752.2,1.645,361.3,0.6868
24,child7,child,135.7258,37.000,0.000,37.000,146.000,30.000,295.550,2.899,5362.000,24.313,55.833,1382,2534,131.5,111.3,3.838,1.751,0.6232,1.23,10.6,0.00962,14.1,11.97,29.72,1.11,20,0.2219,28.64,32.32,7.091,2.964,0.3841,960.3,275.1,3,204.6,1.62,2.5,34.35,67.97,11.46,3.519,151.5,506.5,41.86,5.574,1.365,244.3,100,135.5,580.7,488.4,84.05,0.1464,249.8,0.4456,0.5284,0.837,0.5072,0.8251,0.5069,0.1751,0.8479,0.1327,532.3,1200,32.54,0.8,800,1.5,400,0.8
24,child8,child,145.8834,34.000,1.000,33.000,178.000,37.000,309.717,1.400,4940.000,25.793,44.317,1339,2492,203.8,120,4.907,2,0.5198,1.5,10,0.01399,12.17,11.41,23.75,1.228,19.98,0.221,33.86,27.27,9.185,2.194,0.3202,1413,233.8,3.045,219.5,1.675,2.5,24.95,65.46,10.93,4.24,126.2,356.9,40.25,5.151,1.487,196.1,99.68,141.3,789.8,428.5,105.7,0.1505,308.6,0.7034,0.5993,0.7717,0.5465,1,0.4648,0.133,1,0.1285,635.1,1200,36.21,0.7068,706,1.5,309.7,0.7586
24,child9,child,111.6457,43.000,2.000,41.000,86.000,13.000,148.717,3.135,5470.000,26.880,41.083,1589,2329,164,105.4,4.095,1.667,0.6096,1.5,10,0.01123,16.54,11.71,34.78,1.117,16.95,0.2275,32.3,28.17,8.905,2.433,0.3448,1131,258.9,3.031,202.1,1.403,2.5,37.62,56.74,10.74,4.465,140,494.1,29.9,6.655,1.397,236.5,97.79,117.8,584.6,420.6,91.77,0.1829,324.7,0.6761,0.6189,0.7279,0.4606,0.923,0.489,0.1687,1,0.1129,588,1192,27.03,0.69,741.9,1.5,299.7,0.6821
24,child10,child,99.1344,30.000,1.000,29.000,144.000,-10.000,-51.150,-0.151,4701.000,25.220,72.350,1462,2745,155.4,120,4.464,1.984,0.6252,1.233,10.34,0.01092,11.94,11.61,31.13,1.24,17.91,0.2531,31.28,28.09,7.985,2.045,0.3476,1407,254.4,3,223.8,1.564,2.301,34.84,63.32,11.09,4.694,159.2,596.5,38.01,5.893,1.343,203.6,100,115.5,615,509.2,98.96,0.1924,244.8,0.5393,0.5296,0.722,0.3987,0.8211,0.5028,0.1631,1,0.1507,502.5,1112,26.94,0.6378,741.8,1.578,325.2,0.7586
24,child11,child,126.2293,41.000,2.000,39.000,112.000,22.000,166.917,2.481,4770.000,25.280,55.217,1523,2230,191.7,117.4,4.363,1.732,0.6721,1.104,10.85,0.0112,10.7,11.03,33.34,1.668,20,0.2223,27.04,30.24,8.417,1.914,0.3041,1048,227.2,3.481,245.4,1.94,2.435,38.4,62.77,9.128,3.977,158,449.2,36.92,4.731,1.456,284.7,92.85,103.1,724.9,475.6,76.79,0.196,247.7,0.4797,0.5,0.8874,0.543,0.8769,0.446,0.1693,0.9422,0.1431,680.4,1056,31.93,0.8,758.2,1.5,338.2,0.6625
24,child12,child,86.3348,30.000,1.000,29.000,114.000,-8.000,-120.850,1.443,4660.000,22.613,55.083,1662,2643,136,120,5.395,1.965,0.6542,1.494,10,0.01092,13.15,11.82,25.97,1.194,20,0.3265,40.48,29.74,7.334,2.717,0.4422,985.8,313.8,3.246,229.7,1.715,2.5,38.23,59.17,7.979,4.262,159.2,630.6,42.34,5.407,1.435,238.4,100,112.6,619.7,520.6,107.9,0.1592,272.7,0.5311,0.542,0.811,0.6184,0.9412,0.5352,0.1358,1,0.1402,695.5,1200,27.5,0.8,721.8,1.689,318,0.7602
24,child13,child,86.7976,33.000,2.000,31.000,105.000,2.000,42.167,2.090,5321.000,25.540,52.267,1855,2473,182.6,105.7,4.51,2,0.5304,1.5,10,0.009895,12.89,12.29,29.98,1.257,20,0.2375,31.95,30.61,9.729,2.406,0.3993,1231,243,3.199,203.8,1.718,2.5,36.05,65.28,9.841,4.246,133.5,520.1,35,7.04,1.01,245.3,100,118.8,689.9,584.5,83.63,0.1615,275.6,0.5053,0.5,0.8819,0.4551,0.9507,0.5246,0.1592,0.9884,0.1242,722.6,1200,34.06,0.6491,707.9,1.786,302.9,0.8
24,child14,child,89.2766,32.000,0.000,32.000,91.000,3.000,-18.733,3.122,4627.000,22.013,55.383,1397,2376,146.9,97.38,3.877,2,0.7641,1.326,12.82,0.01136,12.16,12.79,25.92,1.453,20,0.3038,45.82,34.34,6.863,1.972,0.3195,1524,247.8,3.217,238.4,1.836,2.5,31.14,62.21,11.68,3.79,164.9,471.1,47.78,6.909,1.434,213.3,100,112.1,714.9,374.2,100.8,0.1725,259,0.5079,0.5093,0.8742,0.4243,1,0.4811,0.1295,0.9839,0.1461,585.1,1200,32.4,0.8,762.8,1.5,296.7,0.7707
24,child15,child,94.1844,33.000,2.000,31.000,91.000,18.000,127.100,2.779,4461.000,24.020,48.350,1648,2478,175.8,97.3,4.954,2,0.6015,1.408,10.11,0.01145,14.73,11.58,24.94,1.385,19.89,0.239,37.84,30.47,8.698,2.212,0.3015,884.9,254.7,3.434,260,1.809,2.039,25.73,64.29,10.07,4.289,134.5,375.2,37.87,5.162,1.288,278.3,100,114.9,819.1,467.9,95.07,0.1797,273.4,0.5525,0.5758,0.796,0.4864,0.8886,0.6,0.1836,1,0.1094,686.2,1200,33.69,0.721,736.3,1.732,327.3,0.7911
25,parent,parent,151.4023,37.000,0.000,37.000,175.000,21.000,171.900,1.311,4852.000,25.780,42.933,1339,2492,203.8,120,4.907,2,0.5198,1.5,10,0.01399,12.17,11.41,23.75,1.228,19.98,0.221,33.86,27.27,9.185,2.194,0.3202,1413,233.8,3.045,219.5,1.675,2.5,24.95,65.46,10.93,4.24,126.2,356.9,40.25,5.151,1.487,196.1,99.68,141.3,789.8,428.5,105.7,0.1505,308.6,0.7034,0.5993,0.7717,0.5465,1,0.4648,0.133,1,0.1285,635.1,1200,36.21,0.7068,706,1.5,309.7,0.7586
25,child0,child,127.0924,38.000,2.000,36.000,129.000,22.000,136.033,2.340,4632.000,27.747,46.033,1364,2308,215.3,120,5.08,2,0.538,1.5,10,0.01657,12.21,9.965,28.06,1.095,18.93,0.2127,25.99,31.01,9.252,2.071,0.3518,1992,234.5,3,247.2,1.837,2.415,26.82,74.26,14.15,3.521,128,380.9,43.49,4.567,1.456,185.9,96.7,127,864.6,559.4,113,0.1541,312.8,0.678,0.5,0.9393,0.7066,1,0.4165,0.1606,1,0.1055,538.2,1075,41.38,0.8,599.3,1.56,342.8,0.7388
25,child1,child,133.6688,27.000,1.000,26.000,175.000,14.000,1.933,-0.274,2638.000,27.893,53.633,1263,2516,210,120,4.048,2,0.3956,1.5,10,0.01366,10.61,13.42,27.22,1.348,19.09,0.1971,34.35,25.02,9.659,1.873,0.3058,1351,230.9,3.117,242.3,1.485,2.424,25.74,76.3,11.49,3.696,122.3,373.4,37.73,4.923,1.436,182.7,100,130.4,884.3,461.3,91.35,0.161,310,0.7344,0.664,0.8902,0.4067,1,0.4059,0.1225,1,0.1196,605.6,961.8,37.56,0.8,587.9,1.934,300,0.6279
25,child2,child,38.0718,25.000,3.000,22.000,41.000,-17.000,-164.583,2.746,3564.000,20.927,53.767,1430,2415,164.2,103.3,4.075,2,0.6124,1.5,11.83,0.01201,12.55,10.26,25.91,1.36,20,0.2356,34.15,29.86,8.827,2.051,0.349,1156,241.1,3,214.7,1.975,2.335,27.02,60.58,10.39,5.148,138,325.4,46.41,4.399,1.598,182.2,100,144.9,652.8,408.1,97.67,0.149,330.5,0.6266,0.5194,0.9177,0.6046,1,0.4744,0.1183,0.879,0.1104,521.4,1104,35.05,0.6621,668.3,1.504,392,0.8
25,child3,child,56.6306,26.000,2.000,24.000,40.000,16.000,123.467,1.279,3519.000,21.167,43.717,1305,2506,184.3,106.7,5.061,1.867,0.7115,1.314,10,0.02045,12.98,13.83,25.73,1.418,18.11,0.2334,32.35,23.52,10.07,2.613,0.2867,1586,235.1,3,213.6,1.721,2.211,26.67,58.94,13.8,4.388,117.4,367,41.95,5.438,1.267,179.1,100,160.9,721.7,413.6,110.7,0.1795,311.5,0.8,0.5371,0.6644,0.4808,0.9862,0.4329,0.1261,1,0.1401,542.2,1103,32.29,0.7355,652.4,1.61,347.3,0.8
25,child4,child,115.9871,40.000,2.000,38.000,106.000,8.000,49.000,2.597,4786.000,25.647,44.667,1559,2277,186.3,111.7,4.252,1.954,0.4823,1.5,10,0.01591,13.11,11.43,26.2,1.462,20,0.2489,37.96,27.51,9.894,1.856,0.3642,1430,260.9,3.246,211.3,1.822,2.108,27.91,61.64,10.09,4.218,94.21,450.8,43.98,5.297,1.341,176.6,100,136.7,931.9,420.4,120,0.1913,325.8,0.7343,0.5819,0.8329,0.5011,1,0.4162,0.1465,1,0.1452,543.9,1200,31.08,0.6829,706.6,1.539,347.6,0.7803
25,child5,child,57.7054,21.000,2.000,19.000,90.000,-5.000,-56.933,0.549,3624.000,20.287,41.617,1193,2315,207.6,116.5,4.648,1.99,0.4607,1.5,10,0.01674,13.56,8.406,23.04,1.34,19.85,0.2506,35.43,26.64,8.788,2.204,0.2409,1519,230.1,3,257.2,1.873,2.367,21.57,53.66,11.3,4.195,133.6,381.2,34.29,7.011,1.375,227.2,86.63,126.8,815.7,351,118,0.1636,308.1,0.702,0.6502,0.7069,0.5438,0.9328,0.4797,0.1445,1,0.1288,632.1,1079,32.87,0.7354,736.2,1.5,325.1,0.7414
25,child6,child,129.6156,40.000,0.000,40.000,98.000,44.000,318.383,3.674,4939.000,26.460,43.533,1298,2800,161.4,120,5.157,1.996,0.3929,1.5,10,0.01708,13.75,11.21,25.43,1.123,19.87,0.2147,36.1,35.22,8.37,2.539,0.3399,1624,210.3,3.326,230.1,1.502,2.293,20.99,67.73,11.87,3.748,121.1,388.4,46.1,4.192,1.729,173,100,114.5,666.1,461.9,105.2,0.1343,261.1,0.7635,0.611,0.7064,0.4388,1,0.4925,0.1414,1,0.1257,648.9,1200,44.84,0.7266,641,1.69,329,0.7565
25,child7,child,129.7077,36.000,2.000,34.000,136.000,21.000,187.933,2.797,4184.000,28.427,49.667,1312,2341,211.8,117.6,4.976,2,0.5073,1.5,10.04,0.01369,12.33,12.49,22.95,1.162,20,0.2115,30.25,40.19,9.926,1.964,0.2403,1401,183.2,3.21,208.1,1.768,2.344,31.62,72.36,10.33,3.212,115.2,414.7,36.33,5.596,1.679,158.8,98.6,133.6,890,431.5,111.3,0.1176,306.2,0.6877,0.6873,0.6548,0.554,0.8462,0.5041,0.1394,1,0.117,606,1200,37.68,0.7556,712.2,1.728,275.4,0.7389
25,child8,child,123.6450,39.000,1.000,38.000,110.000,15.000,130.117,2.335,4547.000,24.280,42.267,1139,2524,213.4,120,4.683,2,0.5878,1.397,10.46,0.0135,10.26,14.79,24.28,1.488,20,0.1913,38.99,29.06,9.083,2.423,0.3437,1535,239.3,3.171,300.1,1.587,2.459,25.75,65.22,9.868,3.725,121.7,342.7,48.83,7.361,1.309,160.6,100,153.2,761.3,403.4,101.7,0.1467,244.5,0.6427,0.509,0.8183,0.5193,0.9077,0.4432,0.1291,1,0.1326,694.1,1200,28.61,0.7805,688.4,1.564,340.4,0.631
25,child9,child,68.1318,17.000,0.000,17.000,104.000,9.000,104.217,-2.620,3132.000,15.807,45.417,1221,2777,159.8,120,4.756,2,0.5423,1.5,10.79,0.01586,12.63,11.23,22.25,1.04,20,0.2223,29.62,24.64,9.876,2.395,0.3487,1327,249.7,3.292,221.9,1.739,2.14,24.58,59.38,12.38,6.053,130.6,336.6,42.4,5.074,1.518,175.7,100,130.2,733.6,371.1,102.2,0.1647,252.1,0.6394,0.5491,0.8984,0.5809,0.8868,0.6,0.1243,1,0.1506,672.4,1200,42.07,0.7065,683.5,1.624,344.6,0.786
25,child10,child,120.4394,38.000,3.000,35.000,117.000,23.000,133.400,2.943,4227.000,28.100,67.200,1128,2303,194.8,120,3.711,1.984,0.4839,1.5,10,0.01548,13.12,11.72,24.73,1.22,18.25,0.2507,33.21,34.62,8.35,2.541,0.3721,1625,233,3.216,209.1,1.461,2.5,25.7,72.53,10.84,3.782,131.4,366.4,36.01,4.442,1.501,236.1,92.78,154,761.7,432.2,99.29,0.1652,291.6,0.644,0.622,0.7813,0.5286,0.9546,0.4422,0.1203,0.9883,0.1195,712.7,1200,35.42,0.7494,680.4,1.625,325.8,0.638
25,child11,child,104.0414,26.000,1.000,25.000,138.000,31.000,115.450,0.971,4060.000,25.547,57.983,1353,2362,197.2,120,4.767,2,0.5102,1.5,10.67,0.01592,10.01,10.74,22.8,1.058,20,0.2006,30.95,23.11,8.908,2.682,0.393,1582,243,3,229.9,1.654,2.5,22.65,67.88,11.61,5.264,119.1,296.5,34.86,4.488,1.309,189.4,100,169.1,788.5,483.2,116.8,0.1483,355.9,0.7684,0.5899,0.5876,0.5449,0.9353,0.407,0.1222,1,0.1111,614.6,1200,34.46,0.8,791,1.644,309.2,0.68
25,child12,child,95.1681,33.000,1.000,32.000,78.000,11.000,134.650,3.846,3964.000,24.427,45.650,1431,1775,220,96.17,4.827,2,0.4674,1.289,11.41,0.01554,13.36,12.58,23.22,1.306,17.08,0.1847,33.97,30.54,8.544,2.113,0.323,1354,245.9,3.037,251,1.164,2.5,20,69.55,10.47,4.661,133.2,308.6,41.87,6.077,1.942,211.4,100,147.1,746.8,483.7,119.3,0.1353,295.6,0.7721,0.6876,0.7506,0.4768,1,0.4479,0.1321,0.8553,0.1415,735.7,1131,37.59,0.7207,718.7,1.582,325.4,0.6684
25,child13,child,94.0586,32.000,1.000,31.000,94.000,6.000,-14.833,2.754,4214.000,22.820,38.000,1369,2447,186.5,120,4.642,1.975,0.4503,1.32,10,0.01546,13.75,10.86,20.89,1.162,15.01,0.2317,31.39,28.99,9.921,2.442,0.3756,1380,230.8,3.852,244.2,1.858,2.5,21.2,58.03,10.48,3.711,130.7,338.4,43.57,4.995,1.424,239.4,98.46,144.3,1027,514,91.93,0.1369,252.2,0.7895,0.5488,0.9092,0.5547,1,0.4898,0.1697,1,0.1005,650,1200,36.63,0.5827,733.2,1.5,275.9,0.7365
25,child14,child,102.5626,38.000,3.000,35.000,100.000,5.000,19.850,2.818,4593.000,26.387,66.750,1355,1805,183.5,116.3,4.783,2,0.5058,1.233,10.89,0.01497,11.59,17.3,21.75,1.45,17.4,0.1885,24.01,32.63,8.236,1.995,0.3111,1573,239.8,3.44,253.5,1.856,2.418,29.95,73.69,10.12,3.357,146,440.3,44.01,4.602,1.638,195.5,100,154.4,840.9,484.6,118.6,0.1682,257.8,0.6356,0.6235,0.742,0.532,0.8355,0.5119,0.1248,1,0.1334,672.7,1019,36.14,0.7577,585.5,1.79,274.7,0.7943
25,child15,child,141.7199,40.000,0.000,40.000,143.000,16.000,146.633,1.926,4958.000,26.573,46.383,1459,2726,197,111,7.004,1.643,0.5938,1.316,10.36,0.01431,14.11,12.13,25.42,1.295,20,0.1971,31.89,29.71,10.24,2.038,0.3306,1471,191,3,186.6,1.381,2.5,26.61,68.64,13.61,3.454,136.5,434,43.01,4.838,1.306,171.6,100,135.7,659.4,367.7,105.3,0.1695,275.8,0.7829,0.6176,0.8078,0.5639,1,0.483,0.1433,0.9678,0.125,630.4,1200,34.74,0.6907,689.4,1.5,278,0.6641
26,parent,parent,120.4124,32.000,2.000,30.000,134.000,59.000,354.733,0.958,4829.000,25.480,51.233,1339,2492,203.8,120,4.907,2,0.5198,1.5,10,0.01399,12.17,11.41,23.75,1.228,19.98,0.221,33.86,27.27,9.185,2.194,0.3202,1413,233.8,3.045,219.5,1.675,2.5,24.95,65.46,10.93,4.24,126.2,356.9,40.25,5.151,1.487,196.1,99.68,141.3,789.8,428.5,105.7,0.1505,308.6,0.7034,0.5993,0.7717,0.5465,1,0.4648,0.133,1,0.1285,635.1,1200,36.21,0.7068,706,1.5,309.7,0.7586
26,child0,child,119.2949,36.000,3.000,33.000,119.000,37.000,363.150,2.762,4802.000,26.540,45.750,1396,2025,195.9,99,5.192,1.512,0.4393,1.5,11.76,0.01549,11.37,10.21,22.14,1.05,18.41,0.2031,31.99,23.56,8.114,2.126,0.4211,1313,244.4,3,225.2,1.207,2.41,24.94,66.49,10.8,3.286,120.7,462.2,37.4,5.046,1.309,210.2,92.07,126.8,781.4,469.8,120,0.1102,343.8,0.6078,0.5669,0.7851,0.5684,1,0.473,0.1078,0.872,0.1243,577.4,1052,38.55,0.6601,608.9,1.528,315.8,0.7111
26,child1,child,79.4600,21.000,1.000,20.000,112.000,20.000,68.183,-1.254,3423.000,20.000,50.467,1268,2717,220,120,4.878,1.701,0.4928,1.362,10,0.0146,13.42,10.89,17.62,1.112,16.21,0.2169,29.83,24.91,9.393,2.03,0.3693,1188,204.1,3.511,226.3,1.937,2.408,29.9,57.12,10.53,4.305,170,345.9,38.38,4.074,1.346,203,100,135.4,766.8,467.8,120,0.168,275.3,0.793,0.569,0.7674,0.6722,0.9235,0.3913,0.1104,0.9461,0.1219,671.3,1190,42.12,0.6895,762.7,1.687,258,0.6591
26,child2,child,121.1079,34.000,2.000,32.000,144.000,23.000,182.383,-0.716,4636.000,25.967,58.250,1394,2656,199.2,115.7,4.716,1.754,0.4602,1.5,10,0.01875,17.6,10.61,28.58,1.185,19.74,0.2099,36.51,22.97,10.15,2.065,0.3356,1570,251.5,3.185,218.3,1.703,2.394,23.86,67.96,11.45,4.699,143.3,329.4,46.82,5.465,1.821,175.9,100,111.9,740,322.5,110.4,0.1265,262.9,0.6203,0.5142,0.6032,0.5158,1,0.4224,0.1208,0.8694,0.1059,650.8,1043,34.59,0.6542,703.5,1.5,297.5,0.6187
26,child3,child,116.2387,31.000,2.000,29.000,133.000,44.000,274.450,0.336,4490.000,26.367,41.817,1370,2441,220,120,5.241,1.742,0.5087,1.5,10,0.01432,12.79,12.7,27.09,1.06,17.29,0.2159,34.46,20.67,8.295,2.391,0.2974,1611,249.5,3,241.3,1.605,2.299,31.05,70.68,11.86,5.43,119.2,354.7,44.33,4.38,1.652,216.7,100,146,713.5,352.7,111.1,0.1695,348.1,0.6234,0.5141,0.8653,0.5614,0.9099,0.5492,0.153,0.8398,0.1641,715,1200,32.89,0.7543,637.2,1.5,278.3,0.6733
26,child4,child,81.3214,29.000,2.000,27.000,101.000,-1.000,-28.800,1.049,4319.000,25.053,42.317,1640,2198,161.6,120,5.205,2,0.5092,1.372,10,0.01701,13.34,12.01,24.86,1.208,19.56,0.1943,35.92,26.74,10.73,2.022,0.2805,1406,263.2,3.227,232.1,1.475,2.5,23.81,69.4,10.69,4.525,127.7,294.3,40.11,4.658,1.556,195,100,140.3,766.8,364.5,102.4,0.1446,307.1,0.6586,0.5569,0.8442,0.5659,1,0.5707,0.1038,0.8607,0.1356,548.8,1200,43.76,0.6997,694.3,1.5,310.1,0.8
26,child5,child,72.3528,31.000,4.000,27.000,83.000,3.000,-21.667,2.020,4462.000,23.773,43.267,1436,2591,220,107.5,4.515,2,0.5093,1.321,10,0.01423,13.24,12.85,24.01,1.159,16.29,0.2295,34.54,25.86,9.493,2.123,0.2784,1288,227.3,3,253.5,1.641,2.5,23.47,67.01,8.5,4.428,117.8,372.3,48.19,5.182,1.366,219.6,83.21,159.8,724.7,420.8,84.06,0.1665,369.1,0.7283,0.5407,0.8172,0.4758,0.9996,0.4176,0.1162,1,0.1329,449.3,1033,30.9,0.8,722.1,1.507,350.9,0.7967
26,child6,child,122.5162,36.000,1.000,35.000,135.000,22.000,110.550,1.492,4851.000,27.907,60.400,1354,2320,202.1,120,4.884,1.911,0.467,1.5,11.18,0.01528,11.77,13.62,25.26,1.218,19.12,0.1984,31.63,25.78,10.24,2.03,0.2846,1405,268.6,3.043,240,1.526,2.5,29.11,70.36,11.12,3.611,99.95,385.3,37.56,5.386,1.332,203.6,93.49,171.8,769.1,450.1,91.8,0.1988,290,0.7796,0.7201,0.736,0.4764,1,0.556,0.1099,1,0.1353,638.6,1005,38.28,0.7004,800,1.595,316.8,0.6997
26,child7,child,61.4472,29.000,3.000,26.000,80.000,-26.000,-232.800,1.595,4116.000,21.393,41.950,1105,2800,220,101.4,5.608,1.829,0.4882,1.46,10.38,0.01528,9.281,11.2,24.24,1.275,20,0.19,34.05,30.76,8.256,1.831,0.3905,1713,263.1,3.816,263.3,2.038,2.405,22.47,56.36,10.89,4.458,139.6,440.1,43.9,5.663,1.552,168.1,85.83,137.4,891.7,393.1,120,0.1425,267.7,0.6202,0.7474,0.6119,0.5126,1,0.3927,0.1286,1,0.1357,597.7,1021,38.49,0.6706,689.4,1.881,301.1,0.6057
26,child8,child,141.9383,40.000,0.000,40.000,135.000,27.000,271.467,2.453,5032.000,26.640,46.333,1586,2446,171.4,105,4.426,2,0.4336,1.478,10.69,0.01591,11.87,12.53,25.69,1.214,18.1,0.2089,36.13,24.53,9.028,2.537,0.2956,1402,263.7,3.333,209.9,1.491,2.5,26.81,62.69,10.8,4.188,112.9,341.6,36.54,5.197,1.422,218.7,94.95,152.9,922.2,448.3,109.6,0.1535,287.4,0.5855,0.6122,0.6834,0.6371,0.9078,0.4544,0.1584,0.989,0.1152,614.8,1200,33.02,0.6079,710.1,1.5,283.9,0.5551
26,child9,child,138.4597,43.000,0.000,43.000,122.000,9.000,99.300,2.901,4981.000,24.887,44.783,1440,2117,220,113.4,5.332,2,0.6318,1.475,10,0.01316,12.89,11.61,20.92,1.276,17.32,0.2451,33.72,28.01,8.372,2.287,0.359,1279,234.7,3.649,189.9,1.54,2.5,24.21,51.92,10.48,3.77,124.5,425.2,42.26,5.765,1.838,203.4,92.68,120.5,699.3,472.5,91.16,0.206,293.7,0.7715,0.6702,0.8459,0.5949,0.9789,0.4617,0.1467,1,0.116,440.4,1170,29.27,0.6721,717.3,1.5,247.7,0.663
26,child10,child,32.1983,14.000,2.000,12.000,65.000,9.000,-22.883,-1.411,3036.000,18.600,47.183,1588,2688,198.4,115.4,5.234,2,0.5281,1.5,10.66,0.01489,11.73,11.67,20.01,1.31,19.27,0.2441,31.49,24.31,7.766,2.224,0.3317,1240,253.6,3.063,221.2,1.548,2.256,24.4,60.95,10.46,4.182,128.4,329.2,43.89,4.958,1.191,192,91.52,136.8,844.9,412.1,108.9,0.1283,251.3,0.7194,0.5,0.7867,0.5799,0.8939,0.4379,0.1394,0.8782,0.1229,634.9,1200,31.48,0.6,517.5,1.601,331.8,0.7528
26,child11,child,134.6464,28.000,2.000,26.000,163.000,28.000,173.450,0.398,2613.000,28.047,51.867,1261,2571,196,110.5,5.131,2,0.5145,1.37,10,0.01636,11.76,8.985,28.47,1.478,19.85,0.1985,35.82,24.18,10.44,2.325,0.3377,1481,195.4,3.276,205.3,1.489,2.5,23.21,72.84,12.14,4.142,110.3,324.8,33.15,5.731,1.511,196.8,91.31,143.1,650.3,455.6,95.31,0.1393,260.4,0.6338,0.5728,1,0.546,1,0.3965,0.1801,1,0.1073,548,1184,28.98,0.5737,602.5,1.591,272.8,0.7813
26,child12,child,155.1859,36.000,1.000,35.000,152.000,21.000,134.183,0.952,2575.000,29.987,44.250,1765,2625,185.3,120,4.918,1.464,0.4958,1.5,10,0.01353,14.23,10.4,23.26,1.481,20,0.2416,36.07,31.51,10.16,2.555,0.3665,1366,234.2,3,165.7,1.517,2.5,28.5,78.5,11.18,4.09,121,307.7,39.17,4.991,1.68,213.8,87.44,139.8,770.4,368.4,120,0.1154,299.5,0.6148,0.6982,0.723,0.6506,0.7487,0.3684,0.1388,0.9317,0.1773,622.8,1131,43.29,0.8,700.6,1.611,326.3,0.8
26,child13,child,109.1901,29.000,1.000,28.000,149.000,17.000,97.000,-0.446,4686.000,25.600,50.067,1610,2800,207.1,120,5.216,1.944,0.4493,1.5,10,0.01502,16.49,10.57,22.42,1.565,18.35,0.2253,29.64,27.29,9.891,2.367,0.3693,1372,229.8,3.02,193.6,1.474,2.385,22.89,63.62,11.33,4.002,100.6,429.6,39.17,4.197,1.408,199.4,81.25,143.4,797.4,391.1,101.2,0.1555,337.1,0.8,0.6764,0.8122,0.4926,0.9329,0.4885,0.181,0.856,0.1515,650,1175,34.14,0.6825,752.4,1.661,340.7,0.7512
26,child14,child,141.3861,34.000,0.000,34.000,161.000,46.000,200.833,0.500,4627.000,27.253,55.850,1311,2521,204.6,117.9,5.013,1.75,0.5083,1.5,10,0.01125,10.77,11.39,24.57,1.642,19.44,0.2693,34.52,23,11.13,2.26,0.3153,2000,266.8,3,184.1,1.398,2.5,29.61,62.99,7.805,3.751,118.5,359.9,35.92,5.9,1.333,167.3,100,127.5,857.8,386.8,120,0.1405,312.9,0.8,0.5682,0.716,0.4742,1,0.4474,0.1268,1,0.1391,721.1,1200,34.44,0.7242,776.7,1.5,361.9,0.8
26,child15,child,139.4090,43.000,2.000,41.000,128.000,30.000,218.800,2.291,5207.000,27.873,42.550,1350,1916,217.1,120,4.898,1.717,0.5144,1.5,10,0.01122,12.12,11.65,21.8,1.363,18.12,0.2173,30.61,28.71,9.098,2.499,0.3944,1273,235.3,3.187,236.8,1.213,2.5,24.83,69.99,10.58,3.946,132.4,303.5,42.21,4.72,1.716,225.3,100,157.9,669.1,362.1,120,0.1263,292.9,0.7327,0.626,0.8072,0.5367,0.906,0.4262,0.1088,0.9559,0.1172,507.9,1200,37.4,0.6762,737.5,1.897,321.6,0.6445
27,parent,parent,165.9303,38.000,0.000,38.000,150.000,28.000,227.917,0.719,2637.000,31.407,40.767,1765,2625,185.3,120,4.918,1.464,0.4958,1.5,10,0.01353,14.23,10.4,23.26,1.481,20,0.2416,36.07,31.51,10.16,2.555,0.3665,1366,234.2,3,165.7,1.517,2.5,28.5,78.5,11.18,4.09,121,307.7,39.17,4.991,1.68,213.8,87.44,139.8,770.4,368.4,120,0.1154,299.5,0.6148,0.6982,0.723,0.6506,0.7487,0.3684,0.1388,0.9317,0.1773,622.8,1131,43.29,0.8,700.6,1.611,326.3,0.8
27,child0,child,23.0537,20.000,7.000,13.000,18.000,15.000,89.700,1.202,2144.000,27.280,61.733,1699,2652,185.7,97.96,4.598,1.333,0.4902,1.5,10,0.01672,12.74,11.14,21.75,1.222,19.27,0.2644,35.36,37.53,7.339,2.513,0.3658,1289,214.7,3.177,127.9,1.633,1.861,29.61,80.39,11.78,4.001,116.2,377.8,36.41,5.455,1.406,205.6,73.26,122.8,828.3,387.8,120,0.1102,305.9,0.7831,0.6747,0.7022,0.5389,0.7315,0.4052,0.1586,0.8038,0.1765,659.7,1163,35.24,0.8,698.2,1.5,269,0.8
27,child1,child,122.2310,34.000,0.000,34.000,118.000,32.000,206.700,1.949,4072.000,24.340,71.233,1583,2785,130.2,120,4.769,1.465,0.5001,1.5,10,0.01552,13.19,12.85,21.07,1.576,19.75,0.2717,33.13,29.21,9.757,2.995,0.3763,1504,213,3,137.3,1.453,2.5,29.97,80.9,10.56,4.224,114.6,321.9,55.74,5.207,1.609,215,82.78,139.6,729,451.5,120,0.1076,278.6,0.575,0.7574,0.5961,0.6653,0.8957,0.3858,0.1325,1,0.1492,628,992.6,50.74,0.7305,736,1.5,376.1,0.8
27,child2,child,98.0402,30.000,0.000,30.000,107.000,1.000,-17.633,2.012,3928.000,23.767,46.567,2026,2304,158.8,120,5.926,1.657,0.473,1.386,10,0.01492,12.43,10.22,22.07,1.407,19.74,0.2732,37.31,28.06,13.47,1.943,0.3548,1317,241.4,3.25,169.1,1.465,2.5,25.92,63.61,12.56,4.369,132.9,301.2,48.53,3.915,1.711,183.5,87.33,152.4,761.8,314.4,117.5,0.1243,306.2,0.6233,0.5977,0.6433,0.5307,0.7015,0.4148,0.1153,1,0.1739,762.5,1105,46.21,0.8,800,1.5,304.9,0.8
27,child3,child,155.8408,36.000,0.000,36.000,125.000,33.000,292.083,2.848,2118.000,27.447,46.000,1649,2554,212.8,120,4.819,1.5,0.5229,1.414,10,0.01126,13.55,9.613,26.74,1.361,20,0.2098,37.45,37.35,8.439,2.694,0.3586,1284,218,3.02,216.8,1.909,2.5,25.62,73.09,10.85,4.251,102.4,304.2,34.9,4.493,2.163,217.2,85.62,126.9,673,346.9,104.7,0.1183,319.7,0.6895,0.7276,0.8794,0.8858,0.8138,0.3595,0.1175,0.8063,0.1637,660.3,1060,47.14,0.8,800,1.71,325.1,0.8
27,child4,child,117.8361,27.000,0.000,27.000,105.000,27.000,209.500,1.365,1909.000,25.880,42.583,1515,2285,182.8,120,4.146,1.49,0.5372,1.5,10.21,0.01455,16.52,14.49,26.54,1.845,17.22,0.2643,33.52,31.46,10.05,2.71,0.3333,1283,219.3,3.005,162.8,1.579,2.5,22.09,75.55,10.77,3.109,139.9,250.6,38.82,4.195,1.806,225.4,83.54,165.4,739.7,316.3,120,0.1339,359.3,0.6941,0.6823,0.5648,0.7602,0.7104,0.3735,0.1468,0.9856,0.1965,553.9,1200,37.42,0.7472,615.2,1.504,295.7,0.8
27,child5,child,141.8307,31.000,0.000,31.000,138.000,28.000,135.683,1.010,2183.000,28.847,42.733,1369,2800,176,120,4.495,1.799,0.4476,1.5,12.75,0.01373,15.51,10.11,23.96,1.575,18.69,0.2199,34.11,32,8.966,2.53,0.3157,1355,247.3,3.314,155.4,1.539,2.5,26.67,81.94,12.1,3.769,105.3,323.6,39.74,4.692,1.7,226.4,81.83,115.8,724.5,389.3,91.95,0.1119,297.2,0.5203,0.6442,0.7421,0.6048,0.745,0.4004,0.1438,0.8239,0.1729,610.5,1191,30.9,0.8,744.9,1.75,304.5,0.715
27,child6,child,98.2339,26.000,0.000,26.000,129.000,11.000,49.700,1.298,3951.000,26.027,59.967,1616,2718,185.4,104.6,3.931,1.162,0.4989,1.477,10,0.01403,14.36,10.09,23.13,1.818,19.71,0.251,30.89,29.16,12.3,2.6,0.3563,1612,227,3,183.7,1.412,2.283,28.77,72.72,11.07,4.021,102.2,331.2,39.31,5.086,1.539,274.4,80.94,134.8,781.4,335.8,104.6,0.1105,326.7,0.7438,0.719,0.6692,0.5957,0.7,0.2959,0.1356,0.9686,0.1809,715.9,1109,39.28,0.7013,778.6,1.976,268.8,0.8
27,child7,child,84.1933,27.000,2.000,25.000,111.000,7.000,8.800,0.924,3991.000,24.947,59.400,1575,2800,171.2,117.2,5.21,1.39,0.4392,1.324,10,0.01533,17.5,8.288,22.89,1.411,20,0.2488,35.11,33.27,11.23,2.371,0.3601,1401,253.3,3,130.4,1.534,2.5,28.98,74.95,9.434,4.062,87.5,368.4,44.22,5.56,2.164,222.3,75.37,139.9,703.3,406.2,120,0.1179,313.2,0.4888,0.8539,0.6637,0.6438,0.8568,0.4081,0.1826,0.904,0.1766,645.4,1198,40.77,0.7567,610.4,2.073,391.4,0.6119
27,child8,child,79.0586,19.000,3.000,16.000,86.000,45.000,506.817,-0.199,2298.000,30.067,49.917,1944,2800,178.3,120,5.3,1.63,0.591,1.388,11.11,0.01569,15.04,9.332,20.03,1.555,20,0.2361,47.32,38.87,12.59,2.034,0.3205,1254,239.6,4.291,163.5,1.289,2.5,31.08,72.22,10.65,3.83,130.9,342.5,31.65,5.065,1.595,188.4,98.44,137.2,833.6,293.9,120,0.117,354.9,0.5837,0.6865,0.884,0.8244,0.8091,0.462,0.1491,0.8726,0.1665,606.6,1062,37.66,0.8,558.6,1.517,309.9,0.8
27,child9,child,79.0096,29.000,2.000,27.000,99.000,-10.000,-134.900,1.655,4043.000,26.400,45.500,1772,2800,206.6,98.5,5.09,1.77,0.5344,1.431,10,0.0119,14.75,12.89,22.84,1.45,20,0.3058,35.47,27.56,10.27,2.107,0.4189,1281,226.2,3.588,215.3,2.049,2.452,28.3,70.51,11.09,4.241,97,341.2,36.55,5.565,1.842,184.9,85.82,160,931.7,384.8,110.8,0.1013,304.1,0.6728,0.796,0.7603,0.6766,0.7,0.2843,0.1496,1,0.183,758.5,1100,43.9,0.7368,679.5,1.5,309.9,0.8
27,child10,child,27.2668,17.000,5.000,12.000,39.000,11.000,79.400,0.825,2454.000,27.020,51.917,2049,2800,176.6,105,4.463,1.225,0.4251,1.439,10,0.01165,15.39,9.223,25.31,1.844,20,0.2597,33.38,31.81,11.83,2.419,0.2936,1259,192.8,3,176.5,1.528,2.5,25.54,84.05,12.48,4.483,123.4,390.1,40.14,5.905,1.664,199.3,70.84,156.3,749.9,391.2,112.8,0.1223,294,0.5922,0.7225,0.957,0.6171,0.7273,0.3296,0.1443,0.9822,0.1745,685.3,1200,46.69,0.779,641.7,1.621,360.3,0.7644
27,child11,child,50.1250,22.000,2.000,20.000,82.000,-21.000,-189.183,-0.156,3633.000,25.467,39.367,1497,2800,176.3,120,4.433,1.692,0.4493,1.5,11.37,0.01303,13.27,11.36,23.64,1.604,20,0.2676,38.18,32.33,10.26,2.159,0.3315,1236,188.4,3.108,174.2,1.447,2.5,38,68.9,11.08,3.544,101.2,253.1,34.38,4.892,1.597,220.3,100,143.9,711.8,407.7,120,0.138,309.8,0.5271,0.5328,0.7771,0.7437,0.8252,0.4163,0.1614,0.8737,0.1831,589.4,1103,41.76,0.7069,731.8,1.675,287.7,0.8
27,child12,child,135.5748,38.000,0.000,38.000,134.000,22.000,186.100,1.940,4695.000,28.087,47.583,1992,2545,179.8,120,4.703,1.382,0.5339,1.5,10.1,0.01352,16.89,9.699,23.49,1.474,18.49,0.224,37.07,30.15,10.07,2.565,0.3839,1336,245.6,3.767,178.2,1.464,2.5,25.72,66.93,11.56,3.406,116.2,316.6,32.23,5.494,1.735,192,71.6,177,986,337.4,113,0.1084,288.3,0.5323,0.9409,0.5631,0.7807,0.7,0.3344,0.1493,0.9813,0.157,693.3,1184,57.65,0.8,590.5,1.5,396.2,0.7849
27,child13,child,103.2279,31.000,4.000,27.000,141.000,12.000,153.667,-0.028,4629.000,26.100,48.317,1910,2800,201.5,120,4.305,1.719,0.4822,1.5,10.41,0.01438,14.01,9.287,20.67,1.26,20,0.2756,41.74,27.4,8.61,2.913,0.3463,1563,229.4,3,165.9,1.348,2.5,29.48,77.58,9.857,3.588,129.7,280.5,48.99,5.831,1.882,204.3,95.41,158.9,812.5,392.9,120,0.1071,330.6,0.606,0.7399,0.7538,0.6805,0.8286,0.3422,0.1302,0.8362,0.1953,557.1,1192,44.16,0.8,705.2,2.053,307.7,0.7162
27,child14,child,171.7962,36.000,2.000,34.000,173.000,48.000,371.583,1.891,2728.000,30.260,43.750,1524,2589,169.3,120,4.634,1.455,0.4986,1.5,10,0.01415,12.89,10.67,17.56,1.406,19.94,0.2164,35.81,33.4,10.7,2.201,0.3482,1415,242.5,3.003,146,1.609,2.5,24.33,82.93,10.08,3.452,104,331.4,45.13,4.442,1.742,232.7,88.2,145.3,779.4,364.5,120,0.1155,280.9,0.6981,0.7097,0.6935,0.6714,0.7818,0.2987,0.1487,1,0.194,666.2,1166,45.51,0.8,800,1.566,347.4,0.7985
27,child15,child,95.5619,23.000,0.000,23.000,119.000,11.000,30.167,0.595,2806.000,32.107,47.683,1808,2800,192.3,102.6,4.846,1.802,0.5193,1.103,11.55,0.01293,15.43,9.691,24.06,1.59,17.71,0.2688,40.74,27.7,9.676,2.404,0.3504,1202,283.7,3,146.9,1.338,2.191,27.98,91.27,12.35,4.514,112.7,342.3,37.65,5.189,1.551,227.6,77.07,106.6,962.3,441.7,98.76,0.09878,320.4,0.6636,0.6115,0.7786,0.7627,0.9126,0.4475,0.1412,0.7588,0.1214,554,1109,47.16,0.8,699.6,1.5,359,0.7224
28,parent,parent,165.8737,41.000,3.000,38.000,147.000,42.000,329.083,2.181,2993.000,31.933,45.750,1524,2589,169.3,120,4.634,1.455,0.4986,1.5,10,0.01415,12.89,10.67,17.56,1.406,19.94,0.2164,35.81,33.4,10.7,2.201,0.3482,1415,242.5,3.003,146,1.609,2.5,24.33,82.93,10.08,3.452,104,331.4,45.13,4.442,1.742,232.7,88.2,145.3,779.4,364.5,120,0.1155,280.9,0.6981,0.7097,0.6935,0.6714,0.7818,0.2987,0.1487,1,0.194,666.2,1166,45.51,0.8,800,1.566,347.4,0.7985
28,child0,child,104.5314,35.000,1.000,34.000,106.000,-3.000,33.117,2.140,4440.000,26.760,45.250,1793,2800,201.5,97.92,4.641,1.304,0.4895,1.5,10,0.01603,11.65,11.05,19.26,1.852,20,0.1982,42.82,37.77,10.45,2.308,0.365,1217,267,3,167.4,1.907,2.276,24.82,74.43,9.267,3.52,105.3,348.8,41.69,5.343,1.687,238.3,78.3,186.2,749.4,349.3,120,0.1093,273.5,0.7143,0.7617,0.6983,0.5465,0.7056,0.3197,0.1564,1,0.1933,745.2,1200,49.25,0.7264,733.3,1.5,355.9,0.8
28,child1,child,47.5859,18.000,2.000,16.000,60.000,7.000,72.767,1.338,2553.000,29.587,54.500,1508,2654,160.1,95.12,4.57,1.373,0.5136,1.5,10,0.01373,16.16,11.59,16.24,1.344,20,0.2226,35.76,33.68,9.631,1.9,0.3622,1815,226.5,3,143.8,1.612,2.318,24.96,88.1,9.258,3.553,96.48,299.9,38.45,4.036,1.74,216.4,77.32,144.5,862.7,331.8,118.3,0.1354,303.4,0.6196,0.6872,0.6532,0.6131,0.8808,0.289,0.1547,1,0.1768,699.9,1200,44.72,0.8,709.3,1.551,397,0.8
28,child2,child,102.3404,32.000,3.000,29.000,112.000,37.000,273.483,1.461,4694.000,26.480,46.717,1706,2800,176.6,120,4.814,1.307,0.5026,1.476,11.22,0.01543,14.74,10.17,17.51,1.286,20,0.2336,37.28,32.72,11.47,1.89,0.3937,1610,231.8,3.134,167.8,1.373,2.284,22.7,67.1,9.64,2.931,96.27,328.6,42.74,4.689,1.532,237.1,88.93,116.6,802.4,371,118.2,0.1025,286.9,0.7368,0.7177,0.7932,0.5499,0.7138,0.3095,0.161,1,0.2263,669,1188,49.51,0.8,787.9,1.676,400,0.8
28,child3,child,91.5940,25.000,3.000,22.000,117.000,32.000,321.733,0.711,3855.000,25.580,49.883,1348,2603,187.3,116,4.392,1.386,0.5171,1.454,10,0.01267,13.36,9.012,15.71,1.513,17.25,0.2572,30.39,41.18,9.471,1.89,0.3172,1422,194,3,146,1.52,2.279,26.59,81.84,9.491,3.299,94.87,356.3,46.94,5.199,1.311,201,86.51,144.7,761.5,328.2,111.8,0.1383,264.5,0.528,0.812,0.7185,0.5906,0.7939,0.2515,0.1238,0.9533,0.2349,566.6,928.9,49.29,0.7169,800,1.5,334.4,0.6771
28,child4,child,176.6938,42.000,1.000,41.000,147.000,44.000,268.617,2.646,2672.000,32.347,53.467,1731,2800,191.3,102.7,4.088,1.529,0.5577,1.5,10,0.01599,11.05,11.05,18.42,1.116,20,0.1924,38.53,30.87,10.78,1.794,0.3415,1530,224,3,122.8,1.422,2.5,23.23,93.82,9.517,3.349,92.9,322.4,52.74,4.439,1.674,190.1,75.93,136.9,934.8,345.7,120,0.1062,323.9,0.6523,0.6727,0.648,0.6938,0.7078,0.2567,0.1407,0.9261,0.1972,605.9,949.1,38.92,0.761,765.9,1.5,329.7,0.8
28,child5,child,84.9550,26.000,1.000,25.000,61.000,19.000,85.217,2.561,2033.000,26.713,43.283,1417,2384,161,98.24,4.22,1.505,0.5502,1.5,10,0.01043,14.83,9.633,15.68,1.52,20,0.2296,43.18,35.83,10.51,2.161,0.3569,1792,186.7,3,168.5,1.713,2.5,23.48,87.1,8.52,3.573,110.2,342.8,48.73,4.556,1.544,205.1,96.39,180.2,702,388.3,120,0.1313,304.8,0.6003,0.8707,0.6533,0.5274,0.7684,0.2634,0.153,0.9154,0.1895,764.7,1200,46.63,0.7836,800,1.943,291.6,0.8
28,child6,child,148.3483,35.000,2.000,33.000,150.000,30.000,235.433,2.361,2871.000,29.707,58.600,1528,2352,178.1,120,4.23,1.298,0.5546,1.446,10,0.01809,15.2,10.46,14.79,1.369,18.4,0.226,36.61,35.67,10.95,2.382,0.3221,1342,263.1,3,147.6,1.702,2.004,21.52,90.5,10.13,3.645,103.9,298.4,49.23,4.473,1.481,255.9,93.54,129.2,757.1,360.1,114.2,0.1296,278.2,0.6417,0.7416,0.7184,0.5638,0.7,0.3012,0.136,0.9841,0.2462,580.9,1200,49.1,0.5942,680.4,1.561,361.4,0.798
28,child7,child,70.7597,26.000,3.000,23.000,80.000,15.000,161.400,1.338,3791.000,23.473,48.800,1642,2800,160,118.3,4.903,1.537,0.3637,1.5,10,0.015,12.86,8.622,17.9,1.244,16.63,0.237,30.46,36.41,10.24,2.06,0.3632,1639,250.2,3,143.8,1.767,2.5,23.11,84.12,8.122,3.575,89.78,313.3,58.29,4.505,1.66,242.7,96.18,148.8,745.8,335.3,120,0.1209,227.8,0.8,0.7361,0.7186,0.6098,0.7,0.3065,0.1752,1,0.2112,639.1,1200,52.1,0.8,712.6,1.5,400,0.8
28,child8,child,115.8431,32.000,0.000,32.000,107.000,32.000,324.150,1.376,4055.000,24.347,42.433,1464,2225,171.7,120,4.351,1.469,0.4794,1.378,11.37,0.01282,15.91,9.439,16.49,1.587,17.76,0.2415,39.5,38.05,12.53,2.388,0.3379,1080,286.4,3,152,1.966,2.5,25.37,72.47,10.52,2.657,110.9,297.7,53.13,5.66,1.294,218.5,95.07,153.4,650,331.6,120,0.1145,355.8,0.6465,0.7513,0.8074,0.6264,0.8396,0.3708,0.1363,1,0.2191,630,1200,45.18,0.8,800,1.682,357.1,0.8
28,child9,child,75.4872,29.000,3.000,26.000,54.000,38.000,411.000,2.914,3786.000,23.080,66.217,1420,2408,162.8,109.6,4.259,1.34,0.4669,1.5,10,0.01045,13.66,11.94,14.73,1.638,15.17,0.1738,33.45,41.39,10.26,2.432,0.3454,1479,211.1,3.613,155.8,1.431,2.5,25.51,73.33,9.259,3.152,103.5,283,47.67,4.188,1.771,291.2,88.15,174.8,711.7,391.4,120,0.08942,260.7,0.6683,0.7529,0.7835,0.6929,0.7,0.3023,0.1623,1,0.2166,604.9,1200,46.03,0.8,783.8,1.598,310.1,0.7072
28,child10,child,79.6376,26.000,3.000,23.000,85.000,36.000,201.733,2.254,3675.000,24.707,50.033,1452,2019,186,120,4.574,1.6,0.4043,1.5,10,0.01185,15.52,10.7,16.46,1.428,20,0.201,37.24,32.48,11.97,1.829,0.4289,1479,275.3,3.282,166.9,2.096,2.5,29.2,88.77,11.04,3.98,78,351.2,60.4,4.082,1.745,239.7,96.39,168.1,689.1,336.5,120,0.1162,261.4,0.6737,0.7784,0.6519,0.8309,0.7531,0.2781,0.1442,0.9809,0.19,681.3,1123,39.52,0.6522,800,1.663,400,0.7653
28,child11,child,104.6414,24.000,1.000,23.000,130.000,31.000,356.333,0.898,3439.000,23.627,63.817,1435,2143,167.5,120,4.357,1.938,0.5632,1.29,10,0.01279,13.38,11.72,15.48,1.922,16.24,0.2057,28.56,29.02,11.03,1.745,0.3222,1388,252.4,3.022,159.9,1.612,2.5,20.36,75.53,9.007,3.119,107.3,335.1,48.26,4.379,1.794,264,96.69,157.2,866.6,382.2,120,0.1217,260.6,0.5467,0.7614,0.5794,0.5099,0.7232,0.3013,0.1524,0.9401,0.1874,870.8,1200,52.02,0.7581,796.5,1.531,351,0.6825
28,child12,child,102.9742,26.000,0.000,26.000,115.000,23.000,258.500,2.154,3561.000,21.980,55.650,1512,2229,163.9,106.9,4.643,1.863,0.4464,1.5,11.89,0.01601,10.35,9.925,19.7,1.092,20,0.1998,33.76,32.43,10.74,2.246,0.3076,1293,249.2,3.082,149.3,1.713,2.436,23.33,70.67,9.275,3.245,134,285.3,45.01,4.54,1.604,220.4,76.12,165,1015,387,114.4,0.09723,251,0.6539,0.578,0.6162,0.6594,0.8012,0.303,0.1451,1,0.173,522.6,1200,39.9,0.8,737.1,1.5,368.6,0.7677
28,child13,child,67.3312,20.000,1.000,19.000,79.000,13.000,109.383,0.947,2590.000,30.900,54.400,1398,2302,174.5,107.7,4.58,1.449,0.5687,1.404,10.65,0.01547,13.21,12.13,17.9,1.443,20,0.2283,42.34,25.95,10.28,2.028,0.2972,1460,232.7,3,149.7,1.727,2.429,22.47,88.15,9.145,3.808,101.5,325.2,37.64,4.121,1.47,242.1,84.42,139.1,764.3,355.3,118.4,0.1088,234.6,0.7806,0.7519,0.7323,0.7716,0.7,0.2822,0.141,0.96,0.2102,550,1200,48.07,0.8,800,1.657,325.9,0.7171
28,child14,child,80.9023,31.000,4.000,27.000,81.000,20.000,210.800,2.111,4224.000,24.727,51.567,1794,2486,126.8,103,5.185,1.739,0.4485,1.5,10.53,0.01476,12.52,11.82,18.33,1.304,17.75,0.2338,49.85,30.01,12.38,2.451,0.4387,1559,283.8,3,143.7,1.745,2.324,26.08,71.73,10.29,2.98,112.5,315.5,42.24,4.886,1.789,245.8,92.05,142.9,754.2,356.8,120,0.143,281.4,0.6369,0.6787,0.7953,0.7232,0.8302,0.2982,0.1354,1,0.2015,711.5,1200,46.85,0.8,800,1.686,340.9,0.8
28,child15,child,92.3599,28.000,0.000,28.000,80.000,34.000,270.800,2.210,3774.000,25.627,46.583,1607,2356,171.6,104.7,3.71,1.514,0.5345,1.5,10.95,0.01402,12.86,9.662,13.77,1.392,20,0.2162,36.51,36.17,11.37,2.313,0.4108,1473,237.2,3,146.5,1.391,2.5,24.27,79.98,8.824,3.48,121.8,411.7,47.69,4.332,1.45,224.4,91.57,140.1,789.9,360.4,120,0.09557,244.5,0.7023,0.6501,0.5855,0.8839,0.8196,0.2729,0.121,0.8872,0.2195,536.1,1122,33.35,0.8,708.3,1.59,353.2,0.7679
29,parent,parent,83.6994,24.000,5.000,19.000,95.000,36.000,412.333,1.767,2768.000,27.373,67.133,1731,2800,191.3,102.7,4.088,1.529,0.5577,1.5,10,0.01599,11.05,11.05,18.42,1.116,20,0.1924,38.53,30.87,10.78,1.794,0.3415,1530,224,3,122.8,1.422,2.5,23.23,93.82,9.517,3.349,92.9,322.4,52.74,4.439,1.674,190.1,75.93,136.9,934.8,345.7,120,0.1062,323.9,0.6523,0.6727,0.648,0.6938,0.7078,0.2567,0.1407,0.9261,0.1972,605.9,949.1,38.92,0.761,765.9,1.5,329.7,0.8
29,child0,child,108.8507,34.000,3.000,31.000,108.000,25.000,221.617,2.574,3959.000,43.520,49.267,1907,2800,191.4,89.81,4.302,1.622,0.5769,1.5,10.15,0.01504,9.961,14.14,20.5,1.298,20,0.1683,37.88,36.58,11.59,1.669,0.3001,1552,275,3,124.3,1.349,2.5,29.86,106.3,9.859,3.4,106.1,254.3,44.23,4.837,1.822,192.4,70.56,155.8,1044,361.1,113.3,0.097,300.1,0.5799,0.6845,0.6819,0.6813,0.7,0.2416,0.1253,0.9887,0.1933,618.2,893.2,38.77,0.7504,800,1.5,356.6,0.8
29,child1,child,47.1633,17.000,2.000,15.000,53.000,20.000,232.450,1.055,2453.000,30.713,59.117,1508,2683,167.2,103.3,4.207,1.522,0.5655,1.325,10.33,0.01499,10.91,10.14,17.18,1.129,20,0.1998,49.22,25.65,9.659,1.783,0.3854,1637,181.1,3.069,134.5,1.538,2.5,20,96.09,9.059,3.493,92.81,327.2,46.18,4.63,1.496,210.1,70.09,145.6,742.5,334.5,120,0.1272,350.4,0.7912,0.5855,0.5082,0.8309,0.7,0.2906,0.1697,1,0.2019,646.8,926.4,30.74,0.8,800,1.5,275.7,0.7354
29,child2,child,53.4308,23.000,4.000,19.000,63.000,24.000,221.450,2.088,3746.000,21.653,57.167,1657,2800,178.2,118.3,3.38,1.661,0.5233,1.432,10.01,0.01765,12.07,14.78,16.29,1.239,20,0.1714,40.97,41.78,12.91,1.907,0.3509,1211,224.5,3,135.1,1.487,2.361,27.02,85.05,9.296,3.671,96.59,309.9,63.31,4.233,1.742,232.1,81.85,123.4,924.5,317.8,117.4,0.09748,379.1,0.6861,0.8193,0.7696,0.9,0.7175,0.279,0.1523,0.9451,0.222,568.1,851.1,41.88,0.7748,748.8,1.5,339.6,0.7624
29,child3,child,102.4627,22.000,1.000,21.000,136.000,19.000,32.600,-0.262,2437.000,27.800,57.083,1462,2800,199.3,106.9,3.849,1.63,0.4479,1.416,10,0.01943,10.86,8.774,14.74,0.8984,20,0.192,35.31,21.11,10.49,1.6,0.3635,1525,229.6,3.056,115.8,1.516,2.5,23.62,85.42,8.819,3.29,78.1,421.1,44.18,4.495,1.476,180.7,73.2,122.2,880.4,368.2,117.4,0.1115,324.7,0.8,0.6712,0.8775,0.6282,0.7727,0.2682,0.1263,0.9286,0.1827,571.6,794.6,42.84,0.7418,800,1.747,400,0.6977
29,child4,child,72.0720,25.000,3.000,22.000,69.000,0.000,45.833,1.147,2167.000,27.647,54.833,1770,2800,196.8,106.7,4.356,1.525,0.5339,1.5,10.99,0.01799,12.4,12.14,18.65,1.042,20,0.1868,41.93,31.45,10.25,1.845,0.3666,1482,225.2,3,113.6,1.591,2.5,20.38,91.48,9.905,3.429,107.7,294.4,51.46,3.864,1.949,201,98.6,130.5,925.9,374,120,0.1011,332.9,0.6371,0.6324,0.5393,0.6283,0.7416,0.3066,0.1389,0.9258,0.2069,598.7,799.4,39.4,0.8,787.3,1.531,357.5,0.7458
29,child5,child,77.1534,24.000,3.000,21.000,89.000,35.000,324.383,1.162,3552.000,29.087,59.867,1480,2113,172,106.5,4.102,1.612,0.5138,1.312,10.35,0.01623,13.25,11.47,17.13,1.26,20,0.1714,35.71,27.66,8.852,1.522,0.337,1502,248.8,3,108.6,1.47,2.5,25.34,105,10.32,3.155,87.53,304.2,55.92,4.645,2.124,169.4,87.57,128.6,896.3,373.4,120,0.09764,321.4,0.6026,0.6787,0.6611,0.7258,0.7019,0.2905,0.1493,0.8023,0.2056,611.2,902.4,33.16,0.8,800,1.623,318.3,0.7977
29,child6,child,102.3840,28.000,1.000,27.000,135.000,12.000,145.033,1.178,4356.000,25.040,59.417,1736,2800,197.5,120,3.768,1.544,0.5552,1.473,10,0.01396,11.87,12.01,20.87,1.299,20,0.1873,33.07,33.99,8.103,1.754,0.4082,1553,255.2,3,143.4,1.341,2.204,20,78.28,8.409,4.176,79.52,403.3,51.93,5.067,1.534,223.1,82.72,131.6,1014,364.3,104.2,0.1091,232.6,0.6118,0.773,0.5638,0.8248,0.7468,0.2676,0.137,1,0.2144,525.2,913.1,41.71,0.6238,738.7,1.5,366.2,0.7715
29,child7,child,118.7846,35.000,1.000,34.000,118.000,14.000,126.033,2.448,4045.000,24.720,58.383,1526,2524,199.9,108.7,3.751,1.184,0.6677,1.5,11.41,0.01807,10.55,10.25,17.33,1.052,17.68,0.1608,45.15,37.43,11.97,2.227,0.3389,1187,181,3.372,152.3,1.463,2.346,20,90.65,8.872,3.345,75.73,398.1,58.86,4.479,1.769,208.2,73.48,125.1,1007,397.3,108.6,0.1167,257,0.675,0.5068,0.7031,0.7336,0.7479,0.2519,0.1198,0.9678,0.2036,561.5,775.6,34.8,0.8,740.6,1.857,360,0.8
29,child8,child,70.6943,20.000,0.000,20.000,78.000,21.000,116.033,1.309,2709.000,29.127,54.783,1909,2800,182.3,88.91,3.818,1.423,0.6144,1.394,10,0.01738,9.715,9.713,16.33,1.038,20,0.1484,37.47,22.35,12.16,1.942,0.5058,1268,211.2,3,100,1.659,2.031,26.24,91.89,9.083,3.296,102.1,351,43.44,3.817,1.405,193.2,91.23,134.7,987.3,386,120,0.1187,298.9,0.6057,0.6497,0.6485,0.7445,0.737,0.2615,0.1509,0.9485,0.1797,664.6,772.6,42.7,0.8,777,1.506,341,0.8
29,child9,child,157.5553,41.000,3.000,38.000,129.000,31.000,219.217,3.319,2379.000,30.087,63.900,1635,2800,153.8,94.16,3.706,1.421,0.6914,1.426,10.36,0.01596,9.797,11.69,17.15,1.11,20,0.1767,40.67,40.65,9.59,1.56,0.378,1796,195.3,3.123,100,1.393,2.5,24.59,92.27,12.17,3,88.34,342.3,53.67,3.826,1.622,172.8,79.18,151.3,1046,375.5,111.1,0.1147,367.7,0.5883,0.7129,0.5784,0.7405,0.7,0.2579,0.1329,0.689,0.2534,477.6,968.8,48.36,0.7174,741.1,1.61,300.2,0.8
29,child10,child,48.2516,22.000,2.000,20.000,58.000,18.000,43.167,0.910,3597.000,30.200,66.767,1565,2800,220,107.3,3.816,1.425,0.5824,1.389,10.14,0.02015,11.98,10.07,20.26,1.067,20,0.1899,43.98,25.58,9.729,1.828,0.3417,1420,236.2,3.117,118,1.672,2.391,21.57,100.9,8.985,3.835,101.6,282.8,46.75,4.503,1.643,206.8,67.33,143.4,858.2,349.2,109.1,0.1219,342.8,0.6076,0.7415,0.7325,0.6957,0.7,0.2213,0.131,0.9901,0.1867,677.1,958.1,47.89,0.6885,592,1.5,343.9,0.6504
29,child11,child,52.4459,20.000,1.000,19.000,78.000,10.000,10.433,0.614,3552.000,30.047,75.450,1909,2800,164.1,116.2,5.081,1.568,0.5204,1.45,10,0.01497,10.61,12.14,18.14,0.987,20,0.2044,32.03,29.77,10.89,2.056,0.2943,1571,236.7,3,105.8,1.699,2.36,20,112.8,9.363,3.232,79.45,310.9,59.59,3.831,1.785,176.7,89.86,138.4,968.8,321.4,120,0.1171,285.2,0.6644,0.6412,0.6844,0.7151,0.7936,0.2602,0.1433,1,0.2062,637.9,817.7,49.76,0.7448,633.3,1.614,359.7,0.69
29,child12,child,77.8421,26.000,1.000,25.000,91.000,16.000,162.983,1.954,4070.000,37.760,56.183,1519,2800,168.6,106.9,4.59,1.242,0.5419,1.272,10,0.02021,9.565,8.673,19.93,1.103,20,0.2175,37.36,37.77,10.9,1.919,0.2614,1675,234.2,3.344,114.9,1.62,2.5,20,117.7,12.35,3.518,95.91,312,45.68,3.606,1.803,198.8,74.84,140.5,1041,407.2,114.3,0.1184,306.9,0.682,0.7568,0.6227,0.607,0.7464,0.26,0.1801,0.9948,0.2007,605.4,1042,31.99,0.6584,780.8,1.5,285.2,0.775
29,child13,child,121.4723,37.000,3.000,34.000,144.000,6.000,121.483,1.269,4874.000,26.933,53.583,1677,2800,198.4,120,4.52,2,0.465,1.237,12.17,0.01636,11.9,11.4,19.23,0.9306,20,0.1881,38.03,35.71,10.48,1.994,0.3636,1518,214.7,3,109.7,1.412,2.5,22.79,85.35,11.19,3.322,118.2,349.4,57.63,4.808,1.168,199.3,85.65,127.2,951.2,378.5,120,0.1205,273.2,0.6593,0.6758,0.5825,0.7026,0.7,0.3056,0.1462,0.8682,0.1832,650.4,1065,59.31,0.7892,791.2,1.5,359,0.7979
29,child14,child,111.6164,37.000,1.000,36.000,114.000,-7.000,-99.517,2.624,4313.000,23.700,58.050,1970,2662,207.5,120,4.398,1.583,0.5419,1.5,10,0.01411,11.14,11.28,22.11,1.145,18.24,0.2403,39.1,31.54,13.91,1.83,0.3585,1274,209.6,3,133.7,1.257,2.5,23,76.78,9.306,3.151,100.1,340.5,65.4,5.586,1.368,191.1,69,165.2,1107,377.3,110.8,0.1154,316.2,0.6233,0.6864,0.6874,0.7168,0.7,0.2977,0.1307,0.9711,0.1835,714,1138,40.93,0.7163,754,1.5,344.1,0.6905
29,child15,child,132.9783,32.000,0.000,32.000,154.000,26.000,140.550,1.869,4131.000,26.253,50.317,1925,2193,165.4,116.6,4.071,1.629,0.5095,1.332,10,0.0158,13.57,10.6,19.86,1.079,20,0.1876,32.96,32.54,8.048,1.735,0.3571,1494,238.3,3.185,126.5,1.319,2.5,20.37,79.84,8.052,2.771,105.1,338.2,46.69,4.49,1.693,194.9,88.92,184.3,1184,318.1,120,0.1135,289.9,0.6356,0.6923,0.6047,0.6721,0.7,0.208,0.1338,1,0.1575,551.1,1134,41.59,0.6631,726.1,1.692,364.3,0.7205
30,parent,parent,158.4846,42.000,0.000,42.000,113.000,28.000,215.400,4.032,2852.000,29.113,45.083,1635,2800,153.8,94.16,3.706,1.421,0.6914,1.426,10.36,0.01596,9.797,11.69,17.15,1.11,20,0.1767,40.67,40.65,9.59,1.56,0.378,1796,195.3,3.123,100,1.393,2.5,24.59,92.27,12.17,3,88.34,342.3,53.67,3.826,1.622,172.8,79.18,151.3,1046,375.5,111.1,0.1147,367.7,0.5883,0.7129,0.5784,0.7405,0.7,0.2579,0.1329,0.689,0.2534,477.6,968.8,48.36,0.7174,741.1,1.61,300.2,0.8
30,child0,child,102.1433,32.000,2.000,30.000,107.000,27.000,201.133,2.093,4356.000,25.427,57.233,1812,2614,203.9,101.5,3.397,1.616,0.7156,1.256,10.93,0.01455,10.54,10.2,18.4,1.192,19.34,0.1973,37.59,33.42,9.055,1.428,0.3868,1662,214.7,3.84,100,1.396,2.379,22.72,78.13,11.94,3.081,89.76,384.9,44.68,3.694,1.345,165.9,72.09,188.9,957.5,372.4,97.65,0.1394,370.4,0.5747,0.7177,0.5,0.7279,0.7,0.2418,0.136,0.7461,0.2451,505.4,958.2,55.08,0.7278,621,1.67,290.4,0.7995
30,child1,child,69.4654,25.000,2.000,23.000,78.000,15.000,117.683,2.052,3749.000,23.993,50.250,1578,2673,138.8,92.15,2.799,1.257,0.5977,1.5,10.98,0.02117,12.22,13.89,18.36,1.086,18.41,0.1788,41.23,38.49,10.61,1.3,0.4913,1630,213.6,3.233,100,1.437,2.5,22.45,91.69,11.82,3.661,85.61,362.4,65.39,3.704,1.551,194,83.71,144.5,860.5,399.8,96.85,0.1179,362.2,0.5019,0.8185,0.5583,0.7397,0.719,0.2824,0.131,0.8354,0.2206,444.9,1183,50.25,0.6554,767.4,1.571,361.1,0.707
30,child2,child,86.7090,26.000,1.000,25.000,100.000,28.000,204.400,1.737,4074.000,25.460,55.617,1657,2178,133.9,103.6,3.501,1.098,0.6246,1.421,10.28,0.01582,10.88,11.37,18.51,1.101,20,0.1677,35.36,42.39,9.791,1.619,0.3274,1844,205.9,3.738,113.3,1.332,2.5,28.94,86.62,11.76,2.642,104.6,367.2,51.82,4.125,1.615,151.4,69.14,149.3,1014,324.9,95.4,0.1039,392.1,0.6902,0.696,0.5141,0.6077,0.78,0.2462,0.1336,0.6934,0.2518,414.6,922.5,48.12,0.7743,776.6,1.576,293.1,0.8
30,child3,child,103.6528,27.000,0.000,27.000,112.000,27.000,261.717,0.983,3456.000,31.747,67.383,1663,2620,155.9,100.9,3.695,1.325,0.5932,1.179,11.7,0.01894,11.86,10.71,17.09,1.213,20,0.1934,38.6,33.76,11.74,1.621,0.4144,1675,155.3,3,114.4,1.466,2.422,27.01,110.3,16.78,3.155,98.27,294.7,63.18,3.382,1.519,182.2,82.65,178.4,938.4,388.9,103.4,0.117,320.6,0.6427,0.781,0.5589,0.7574,0.7492,0.2131,0.1452,0.7231,0.2867,454,1066,55.22,0.772,708.8,1.92,312.9,0.797
30,child4,child,149.9190,41.000,0.000,41.000,127.000,32.000,295.450,1.495,4141.000,26.727,55.550,1808,2800,179.8,117.6,3.051,1.549,0.7417,1.5,10,0.01536,9.935,12.24,15.72,1.117,20,0.1459,44.85,43.56,9.487,1.373,0.4005,1490,201.1,3.106,100.5,1.546,2.277,21.39,80.96,14.59,3.059,90.46,360.9,50.8,3.781,1.853,167.3,85.09,149.1,1105,360.5,116.4,0.1168,469.9,0.6051,0.6689,0.5,0.7608,0.781,0.2005,0.1191,0.5459,0.2532,468.7,939.9,55.7,0.8,701.9,1.5,335.2,0.7058
30,child5,child,48.3161,25.000,6.000,19.000,45.000,31.000,185.900,2.474,3273.000,33.673,62.417,1773,2760,212.7,85.75,3.847,1.405,0.657,1.319,10.05,0.01776,10.54,11.22,17.86,1.036,15.8,0.197,47.84,42.06,9.127,1.461,0.3377,1633,216.7,3.346,107.2,1.147,2.262,25.38,98.46,10.36,2.447,87.68,397.7,53.46,4.065,1.769,150,87.1,156.2,1035,433.6,117.3,0.1162,364.8,0.7308,0.7074,0.5964,0.7103,0.7,0.2539,0.1138,0.8589,0.2553,393.8,1153,55.13,0.7793,753.4,1.5,305.5,0.7857
30,child6,child,113.2121,30.000,0.000,30.000,109.000,24.000,135.383,2.503,2951.000,26.220,79.150,1939,2466,167.3,102.3,4.568,1.533,0.5553,1.23,10,0.01461,9.701,9.275,17.81,0.9664,20,0.1468,39.91,46.28,10.38,1.408,0.4245,1608,178.9,3.132,108,1.503,2.478,22.9,81.11,12.06,2.912,92.27,436.3,44.85,3.444,1.87,159.2,73.94,168.6,1047,330.7,120,0.1226,349.3,0.6066,0.6667,0.5693,0.7716,0.7,0.2686,0.1424,0.7595,0.2338,437.6,992.9,53.85,0.8,663.3,1.885,272.6,0.8
30,child7,child,71.6399,26.000,2.000,24.000,68.000,10.000,47.150,2.411,3093.000,33.853,41.933,1707,2800,150.4,85.97,3.624,1.566,0.7963,1.371,10.55,0.01927,8.611,13.74,16.94,1.217,19.25,0.2022,41.36,45.5,9.403,1.694,0.4187,1763,203.2,3.338,100,1.139,2.5,24.39,95.08,10.18,2.793,88.31,365.1,53.38,3.522,1.509,164.6,66.34,112.5,957.2,335.3,112.3,0.1424,460.7,0.7022,0.758,0.6367,0.8314,0.7,0.2339,0.1388,0.642,0.3451,441,1113,53.96,0.8,800,1.683,287.7,0.8
30,child8,child,86.8036,31.000,3.000,28.000,71.000,7.000,128.833,2.122,2882.000,31.193,57.950,1650,2800,170.3,102,3.237,1.192,0.7275,1.324,12.16,0.01723,10.56,10.84,16.5,1.141,18.38,0.2403,37.32,35.42,10.08,1.367,0.3282,1949,150.2,3,100,1.324,2.272,24.23,96.31,11.62,3.428,78.75,263.9,54.44,3.171,1.721,190.3,82.51,168.7,1169,382.9,106.8,0.1387,422.8,0.5332,0.8359,0.6206,0.8733,0.8995,0.2481,0.1328,0.6648,0.2489,509.6,1019,46.48,0.6417,800,1.5,313.5,0.8
30,child9,child,100.3501,27.000,0.000,27.000,93.000,45.000,419.117,1.080,3814.000,25.507,43.817,1332,2625,142.3,115.8,3.869,1.522,0.9027,1.077,10,0.01726,8.492,11.86,16.66,1.011,20,0.1593,42.43,37.37,9.246,1.81,0.4039,1776,202.2,3.317,100,1.161,2.433,27.79,83.02,11.55,2.715,112.2,330.4,55.05,3.902,1.791,169.3,93.69,112,1249,403.9,96.56,0.1158,304.5,0.6635,0.7725,0.5767,0.7753,0.7986,0.2552,0.1388,0.8256,0.2618,466,983.3,44.13,0.6317,800,1.5,297.4,0.7909
30,child10,child,67.1696,25.000,1.000,24.000,52.000,14.000,194.583,2.737,3101.000,36.773,42.033,1220,2096,144.6,89.8,3.664,1.175,0.7209,1.193,10,0.0169,11.49,10.86,16.47,1.187,16.97,0.1934,50.18,45.71,7.875,1.397,0.3741,1967,182.4,3.237,109.2,1.246,2.169,25.13,102.2,10.04,2.964,95.16,314.1,50.18,3.661,2.204,171.9,78.22,125.6,987.6,392.4,95.81,0.1206,397.6,0.5986,0.7979,0.5553,0.7049,0.7239,0.2588,0.1343,0.7264,0.1961,582.6,1200,50.09,0.8,800,1.545,229.5,0.736
30,child11,child,104.5260,31.000,1.000,30.000,88.000,54.000,561.067,1.722,4471.000,25.813,50.650,1645,2800,128.9,114.1,3.546,1.451,0.5941,1.5,10.99,0.0147,10.22,9.96,17.96,1.072,18.75,0.1844,38.08,41.07,8.655,1.62,0.3418,2000,170.1,3.195,100,1.332,2.408,23.78,70.56,11.63,3.118,92.95,342.9,46.56,4.044,2.026,176.5,94.53,141.4,903.4,358.4,101.8,0.1274,361.3,0.5349,0.7388,0.5231,0.8028,0.7506,0.2905,0.1636,0.7504,0.2425,400.3,1012,52.87,0.7213,704.1,1.644,302.6,0.7853
30,child12,child,87.3432,28.000,3.000,25.000,91.000,17.000,134.333,1.267,3214.000,32.787,44.583,1969,2735,145.4,113.6,3.461,1.792,0.5733,1.421,10,0.01686,7.783,13.37,16.54,1.15,20,0.1534,45.1,23.66,10.65,1.483,0.4122,1614,217.7,3.042,100,1.281,2.471,24.24,93.94,13.29,4.517,89.61,335.4,48.34,3.54,1.53,150,87.52,154.4,1172,386,107.4,0.1372,297.3,0.5609,0.816,0.5895,0.7096,0.7,0.2868,0.1642,0.6996,0.2599,533.9,732.8,43.32,0.8,724.4,1.5,331.1,0.7246
30,child13,child,116.0973,33.000,0.000,33.000,112.000,27.000,196.333,1.604,4189.000,26.113,45.300,1762,2445,165.3,107.2,4.428,1.512,0.6924,1.462,13.05,0.01549,10.14,9.893,15.68,1.083,19.63,0.1715,38.92,45.53,8.2,1.47,0.4247,1915,238.6,3.115,112.7,1.37,2.125,24.72,85.92,15.02,2.6,100.8,415.5,51.19,3.515,1.475,174.6,79.41,152.2,1372,436.5,116.8,0.1058,423.1,0.547,0.7657,0.6218,0.8725,0.7531,0.2446,0.1137,0.783,0.1982,454.7,1099,53.44,0.8,800,1.714,285.8,0.7741
30,child14,child,85.9570,21.000,0.000,21.000,78.000,43.000,490.717,0.981,2737.000,28.347,47.433,1537,2800,177.4,86,3.811,1.323,0.6465,1.5,10,0.01392,6.919,12.65,15.38,1.128,18.32,0.1771,38.62,33.07,7.945,1.693,0.361,1544,215.3,3,137.8,1.249,2.5,26.11,103.7,10.72,3.078,93.35,300.5,61.4,3.95,1.638,167.2,65.71,187.7,1053,406.8,104.4,0.1247,467.4,0.7089,0.7057,0.5493,0.7873,0.7,0.2906,0.1285,0.5863,0.2557,587,862.9,40.81,0.7776,743.2,1.5,296.1,0.8
30,child15,child,105.1236,30.000,1.000,29.000,98.000,28.000,414.250,1.256,3683.000,24.147,61.450,1726,2800,196.7,92.54,3.982,1.218,0.6729,1.279,11.57,0.01462,8.51,9.783,16.11,0.9828,20,0.1997,39.9,35.07,8.787,1.426,0.3944,2000,185.3,3,100,1.121,2.5,21.3,78.08,12.86,2.84,92.11,362.5,60.03,3.856,1.567,171.9,80.09,155.6,791,334.3,120,0.1151,379.1,0.6754,0.8027,0.5911,0.7846,0.7,0.2589,0.1221,0.5985,0.2996,462.5,795.9,52.27,0.7175,684.3,2.068,366.8,0.8
31,parent,parent,132.1558,33.000,3.000,30.000,128.000,26.000,263.050,2.712,2587.000,28.647,49.267,1635,2800,153.8,94.16,3.706,1.421,0.6914,1.426,10.36,0.01596,9.797,11.69,17.15,1.11,20,0.1767,40.67,40.65,9.59,1.56,0.378,1796,195.3,3.123,100,1.393,2.5,24.59,92.27,12.17,3,88.34,342.3,53.67,3.826,1.622,172.8,79.18,151.3,1046,375.5,111.1,0.1147,367.7,0.5883,0.7129,0.5784,0.7405,0.7,0.2579,0.1329,0.689,0.2534,477.6,968.8,48.36,0.7174,741.1,1.61,300.2,0.8
31,child0,child,56.0250,18.000,1.000,17.000,53.000,22.000,248.750,1.862,2226.000,29.493,65.717,1307,2800,128,88.42,4.265,1.473,0.6958,1.132,10.46,0.01809,9.672,10.65,15.91,1.184,19.52,0.1772,36.95,51.64,7.545,1.381,0.3939,1997,182,3.322,110.4,1.62,2.5,25.09,87.18,13.54,2.978,83.98,334.2,41.71,3.883,1.505,195.8,98.3,149.6,972.1,373,100.8,0.1154,299,0.5014,0.6675,0.6286,0.8832,0.7,0.2779,0.1409,0.7804,0.2903,584.2,1142,53.52,0.7385,625.9,1.69,290.4,0.6526
31,child1,child,61.2044,22.000,0.000,22.000,74.000,10.000,74.933,1.888,3713.000,48.247,42.833,1424,2074,175.7,112.1,4.516,1.544,0.7235,1.195,12.2,0.01318,12.35,12.21,14.98,0.9799,13.84,0.2301,36.67,39.03,8.97,1.511,0.3324,1610,177.5,3.747,120,1.43,2.429,27.88,115.1,11.6,3.172,87.48,408.6,42.51,4.026,1.868,191.2,79.9,153.8,998.5,331.1,105.5,0.1187,398.7,0.454,0.6738,0.8858,0.8504,0.7,0.2442,0.1624,0.6269,0.2782,441.9,1090,45.58,0.7951,784.1,1.718,242,0.8
31,child2,child,123.3621,33.000,0.000,33.000,130.000,11.000,182.567,0.772,3965.000,26.653,45.600,1654,2800,172,95.42,3.364,1.603,0.7061,1.5,12.4,0.01477,8.255,11.26,20.05,0.9883,18.44,0.1654,34.46,46.56,9.555,1.664,0.3185,2000,205.3,3.827,100,1.217,2.5,29.98,84.32,14.17,2.613,92.61,395,49.39,3.725,1.534,181.7,66.44,148.3,1060,442.8,117.1,0.09601,358.5,0.5735,0.8084,0.549,0.5845,0.7578,0.2166,0.1424,0.569,0.206,538.5,1021,46.68,0.7392,565,1.704,220.3,0.6792
31,child3,child,110.8027,35.000,2.000,33.000,98.000,37.000,350.800,1.779,4493.000,25.660,50.067,1500,2688,158,90.12,4.485,1.222,0.7463,1.265,10.4,0.01984,11,11.25,17.89,1.268,20,0.176,38.91,41.61,8.008,1.706,0.3513,2000,210.7,3.153,100,1.22,2.5,21.14,81.32,11.6,2.521,91.68,341.3,56.34,4.049,1.712,191.8,80.04,139.5,1003,359.6,120,0.1079,437.3,0.5525,0.7371,0.5,0.9,0.756,0.3225,0.1267,0.5754,0.3055,475.2,921.8,51.49,0.8,800,1.5,329.6,0.8
31,child4,child,93.4386,24.000,1.000,23.000,135.000,20.000,123.500,-0.208,4017.000,24.173,68.400,1593,2741,171.3,89.17,3.223,1.159,0.7199,1.299,11.53,0.0164,9.795,13.47,20.05,1.053,18.15,0.1787,38.55,38.32,9.231,1.347,0.3625,2000,220.4,3.245,100,1.71,2.5,27.13,89.64,12.5,3.39,72.33,364.7,53.62,4.028,1.368,188.5,72.15,159.1,887.1,326.1,115,0.1028,355.6,0.5107,0.6512,0.5,0.6595,0.7,0.255,0.1569,0.6394,0.2145,424.8,921.3,43.66,0.6708,606.3,2.135,289.9,0.758
31,child5,child,103.9886,33.000,1.000,32.000,97.000,15.000,45.350,2.118,3807.000,25.073,49.000,1551,2530,155.1,84.63,3.976,1.375,0.7897,1.489,10.65,0.01704,8.575,12,18.8,1.231,20,0.1627,46.54,40.52,11.7,1.461,0.4231,2000,208,3,100,1.504,2.5,21.67,66.11,8.959,2.715,74.08,331.4,47.52,3.839,1.753,150,79.21,182.6,1073,418.8,109.4,0.1171,407.9,0.5783,0.6648,0.5083,0.9,0.7041,0.2988,0.1613,0.7162,0.2466,520,938,42.03,0.7604,800,1.5,289,0.8
31,child6,child,80.1229,21.000,1.000,20.000,92.000,29.000,262.467,0.954,2816.000,33.467,58.967,1784,2570,154.3,99.75,4.021,1.55,0.6491,1.304,11.31,0.01471,9.595,9.631,15.23,1.228,20,0.1624,41.06,32.89,8.673,1.552,0.3886,1518,164.9,3.91,111.5,1.715,2.257,23.23,99.87,11.47,3.435,82.74,283.6,48.28,4.065,1.997,164.2,92.99,139.9,1093,309.1,120,0.1175,315.9,0.6445,0.6953,0.662,0.6762,0.7,0.2512,0.1617,0.5727,0.2405,456.1,979.8,49.01,0.7589,749.5,1.5,335.9,0.63
31,child7,child,56.9391,24.000,2.000,22.000,51.000,13.000,4.800,2.303,2686.000,34.767,80.717,1697,2800,158.8,109.4,3.609,1.172,0.7346,1.25,10,0.01475,11.82,10.86,15.39,1.133,17.18,0.1693,39.45,41.46,10.06,1.411,0.3806,1980,150,3.18,100,1.403,2.378,28.02,104.4,12.76,2.616,83.22,261.5,56.3,2.873,1.614,156.8,65.49,162.9,829,348.6,120,0.1187,321.4,0.712,0.6259,0.6317,0.8169,0.7917,0.3156,0.1434,0.7049,0.2471,535.6,974.9,43.78,0.7726,720.1,1.584,362.2,0.8
31,child8,child,105.9930,25.000,0.000,25.000,113.000,35.000,289.150,1.449,2834.000,34.647,72.100,1768,2800,124.4,120,4.261,1.635,0.7159,1.419,10,0.01552,8.898,12.64,17.05,1.284,17.47,0.1845,49,49.94,9.891,1.929,0.3593,1819,150,3.068,100.5,1.191,2.372,22.86,110.6,11.86,2.121,99.41,368.1,62.38,4.146,1.715,150,90.06,155,912.2,395.7,110.5,0.1041,340.7,0.6493,0.6982,0.5038,0.7036,0.717,0.2856,0.1258,0.7052,0.2258,480.7,864.3,49.19,0.6495,759.4,1.5,346.5,0.8
31,child9,child,61.0414,17.000,0.000,17.000,53.000,22.000,354.717,2.830,2262.000,18.647,48.833,1545,2679,123.9,89.84,3.531,1.529,0.683,1.5,11.8,0.01413,9.151,11.31,19.23,1.293,18.71,0.176,44.55,45.71,10.32,1.583,0.3943,2000,233.2,3,103.5,1.36,2.5,23.77,81.76,12.15,3.18,98.52,367.1,62.24,4.221,1.741,159.1,93.35,159.1,1186,420,120,0.1018,375.4,0.5419,0.8002,0.6103,0.7974,0.7,0.2388,0.1579,0.6774,0.2151,527.8,1019,41.13,0.8,680,1.794,311.9,0.7884
31,child10,child,113.2116,29.000,0.000,29.000,120.000,28.000,250.983,1.637,3777.000,24.200,50.367,2000,2522,157.5,72.14,4.691,1.565,0.69,1.5,10.05,0.01578,10.6,11.15,18.52,1.035,20,0.1581,42.78,42.44,8.797,1.25,0.4779,1780,194.3,3,100,1.5,2.198,27.27,88.28,11.14,3.084,77.93,281.1,55.8,3.783,1.808,196.8,72.86,144.4,1307,384.9,104.6,0.1066,347.9,0.6381,0.6927,0.532,0.7408,0.7,0.3197,0.129,0.7186,0.2136,504.3,940,50.86,0.6029,735.7,1.5,252.7,0.7512
31,child11,child,131.1729,31.000,1.000,30.000,121.000,39.000,241.033,3.340,2542.000,26.813,55.167,1264,2647,140.8,90.15,4.283,1.496,0.7062,1.483,10.33,0.01801,8.41,11.73,13.76,1.168,20,0.1842,38.01,36.25,11.13,1.767,0.5038,1547,204.5,3.579,119.2,1.671,2.407,24.58,95.44,12.67,3.247,74.86,283.8,56.38,4.548,1.753,215.9,93.27,160.6,1128,425.5,101.1,0.1246,430,0.5326,0.7095,0.6457,0.7606,0.7844,0.262,0.1011,0.7083,0.2949,467.4,1063,43.26,0.7837,576.6,1.717,255.4,0.7589
31,child12,child,136.1971,36.000,0.000,36.000,124.000,36.000,279.600,2.008,4034.000,26.773,45.817,1596,2800,159.3,82.9,4.119,1.295,0.8017,1.5,10,0.01687,10.15,12.07,17.88,1.145,20,0.1574,35.74,38.05,8.445,1.692,0.3459,1852,163,3,100,1.814,2.5,22.81,87.55,9.942,2.871,83.71,290,60.55,3.86,1.467,167.5,72.85,159.1,1134,400.5,102.6,0.1274,401.8,0.5655,0.6542,0.5653,0.6795,0.7,0.2635,0.1458,0.7952,0.3004,535.7,872.7,53.9,0.7288,771.6,1.789,335,0.8
31,child13,child,46.0854,20.000,1.000,19.000,42.000,13.000,93.567,2.336,2898.000,36.587,49.150,1483,2716,160.9,73.76,3.788,1.403,0.7093,1.402,10,0.01596,8.909,11.97,14.98,1.122,20,0.168,54.87,39.17,10.09,1.314,0.4383,1601,162.3,3,103.1,1.295,2.5,26.05,106.4,9.66,2.816,84.2,322.3,54.55,3.431,1.555,192.4,100,128.4,1272,383.7,102.1,0.09947,328.2,0.625,0.7272,0.5,0.761,0.7,0.2917,0.1155,0.6566,0.2593,462.1,1131,50.94,0.6596,739.2,1.5,350.8,0.8
31,child14,child,142.4894,36.000,0.000,36.000,143.000,32.000,291.150,1.130,4313.000,25.900,40.783,1964,2633,139,86.19,3.435,1.552,0.6191,1.347,10,0.01721,10.25,12.69,18.28,1.335,17.5,0.178,37.95,47.18,11.9,1.694,0.3332,1562,217.3,3.012,100,1.244,2.5,25.45,85.05,14.7,3.394,76.87,348.5,57.21,3.834,1.734,186.2,79.37,159.2,1056,371.4,105.3,0.09472,376.2,0.5812,0.6622,0.6142,0.7235,0.7181,0.2428,0.1294,0.6326,0.2669,580.6,1002,63.62,0.8,800,1.5,347.7,0.7805
31,child15,child,51.8029,19.000,1.000,18.000,66.000,8.000,94.183,2.474,2869.000,33.893,78.383,1751,2800,149.1,89.22,3.544,1.42,0.5114,1.5,10.58,0.01553,10.66,13.02,15.36,0.9985,18.23,0.1774,37.22,48.77,8.595,1.277,0.3308,1876,223.8,3,105.1,1.444,2.5,31.13,108.5,10.78,3.432,83.38,316.6,52.07,4.039,1.89,171.5,87.91,156.8,1018,578.8,120,0.1094,318.4,0.7673,0.7493,0.5795,0.8321,0.7,0.2448,0.1382,0.6587,0.2166,513.8,1078,51.64,0.8,800,1.787,368.5,0.8
32,parent,parent,114.1831,30.000,1.000,29.000,102.000,44.000,476.050,1.513,3478.000,24.027,57.117,1964,2633,139,86.19,3.435,1.552,0.6191,1.347,10,0.01721,10.25,12.69,18.28,1.335,17.5,0.178,37.95,47.18,11.9,1.694,0.3332,1562,217.3,3.012,100,1.244,2.5,25.45,85.05,14.7,3.394,76.87,348.5,57.21,3.834,1.734,186.2,79.37,159.2,1056,371.4,105.3,0.09472,376.2,0.5812,0.6622,0.6142,0.7235,0.7181,0.2428,0.1294,0.6326,0.2669,580.6,1002,63.62,0.8,800,1.5,347.7,0.7805
32,child0,child,89.4031,21.000,0.000,21.000,81.000,46.000,433.600,2.450,2708.000,20.853,40.283,1903,2392,126.1,113.3,3.511,1.7,0.6949,1.334,10,0.01694,11.09,15.41,16.98,1.475,18.41,0.2338,36.23,45.14,13.41,1.832,0.3133,1715,174.6,3.224,100.3,1.347,2.497,23.77,94.17,17.22,3.92,65.12,341.2,70.76,3.926,1.784,182.2,92.57,176.2,1155,382.2,94.33,0.124,327.6,0.5727,0.732,0.5717,0.736,0.7,0.2433,0.1257,0.7522,0.2775,531.3,918.5,54.79,0.8,741.1,1.538,323.3,0.8
32,child1,child,116.5898,31.000,0.000,31.000,106.000,26.000,398.117,1.918,3653.000,25.833,44.183,1784,2508,120.9,81.78,3.863,1.655,0.6288,1.5,10,0.01859,8.592,13.78,17.56,1.11,17.57,0.1895,29.66,55.64,13.5,1.778,0.3164,1325,211,3.179,106.4,1.392,2.322,20.93,89.55,13.07,3.871,89.26,351.2,55.42,3.964,1.78,202.6,60.06,191.8,1246,405.7,102.8,0.1,401.6,0.5351,0.7047,0.6366,0.9,0.7075,0.2118,0.134,0.6066,0.2926,571.4,849.2,66.62,0.8,800,1.5,340.9,0.763
32,child2,child,76.2663,24.000,1.000,23.000,92.000,20.000,178.883,1.544,3757.000,43.767,51.367,2083,2800,157.3,70.06,3.751,1.543,0.6572,1.199,10,0.01638,12.75,14.81,23.64,1.305,20,0.1736,44.77,45.34,10.63,1.855,0.3901,1493,166.8,3,100,1.29,2.414,34.21,116.4,13.7,3.483,76.72,359.5,51.44,4.118,1.714,193.3,70.78,162.4,1025,402.9,88.34,0.09317,412.4,0.6013,0.7045,0.6021,0.5681,0.7501,0.3072,0.1092,0.5853,0.2677,592.4,1065,66.1,0.7703,800,1.5,307.4,0.7455
32,child3,child,118.1519,30.000,0.000,30.000,124.000,24.000,363.300,-0.016,3864.000,23.947,48.717,2200,2667,158.2,97.71,2.882,1.636,0.6993,1.43,10,0.01515,9.247,11.88,22.47,1.246,19.17,0.1529,37.65,39.58,12.15,1.844,0.3554,1389,230.6,3.006,104.5,1.303,2.5,30.54,76.17,14.99,4.568,74.74,282.9,57.89,3.877,1.675,171.7,74.8,156.7,1046,337.5,120,0.09196,341.9,0.5347,0.6116,0.6098,0.6679,0.7463,0.2142,0.1328,0.5716,0.2987,566.3,887.1,60.7,0.8,698.7,1.571,331.3,0.683
32,child4,child,111.8207,29.000,0.000,29.000,104.000,38.000,368.250,1.021,3588.000,25.467,42.283,2042,2419,143,81.61,3.792,1.473,0.6588,1.301,10,0.01457,11.69,14.85,20.97,1.246,16.33,0.1756,40.88,47.32,10.16,1.407,0.3355,1445,208.5,3,118.6,1.217,2.5,26.18,88.35,15.71,4.853,76.42,419.7,54.59,3.389,1.684,206.2,82.39,168.9,1094,325.4,109.9,0.0975,332.8,0.5646,0.5957,0.6091,0.7359,0.7887,0.2072,0.1152,0.6015,0.2591,555.7,894.5,78.41,0.7418,722.5,1.847,268.1,0.5718
32,child5,child,93.0670,36.000,2.000,34.000,85.000,0.000,47.867,3.431,4560.000,23.860,61.200,1639,2800,149.6,73.31,3.652,1.922,0.5447,1.331,10,0.01737,8.467,12.77,16.8,1.345,19.62,0.1791,28.93,41.71,12.69,1.949,0.362,1397,208.1,3,112.5,1.416,2.5,25.24,69.45,13.27,3.726,80.43,348.2,63.65,4.003,1.668,164.4,86,146.9,1002,333.5,120,0.1035,390.9,0.555,0.6633,0.7326,0.7086,0.7002,0.1788,0.1179,0.7205,0.2932,619.7,1017,72.35,0.6862,717.2,1.5,370.5,0.8
32,child6,child,18.4477,12.000,0.000,12.000,21.000,3.000,14.283,-1.203,2137.000,15.000,54.667,1889,2800,142.5,70.18,3.582,1.54,0.6404,1.484,11.22,0.01462,10.53,14.08,20.01,1.317,16.89,0.1536,32.16,49.75,9.818,1.825,0.3349,1356,233.4,3,100,1.045,2.5,24.52,68.48,18.09,3.474,73.94,372.2,61.39,3.279,1.671,193.4,67.45,168.6,1174,308.3,98.03,0.08545,376.3,0.5626,0.6068,0.5005,0.9,0.7163,0.2927,0.1194,0.6737,0.2556,669.4,1200,69.92,0.7579,800,1.5,358,0.8
32,child7,child,80.6916,22.000,3.000,19.000,73.000,35.000,363.800,1.352,1928.000,25.773,59.033,2200,2800,127.7,85.42,3.578,1.204,0.5788,1.275,10,0.02372,12.21,15.71,20.34,1.495,13.67,0.2226,39.97,47.08,11.37,1.559,0.3335,1471,227.8,3,100,1.36,2.17,24.05,102.4,14.2,2.932,83.58,431.7,64.17,4.042,1.798,193.7,71.15,188.1,981.5,353.3,120,0.08967,448.5,0.4783,0.6061,0.5513,0.7366,0.7725,0.2316,0.1167,0.5488,0.2777,494.9,999.4,57.27,0.8,795,1.531,298.7,0.8
32,child8,child,51.3589,22.000,4.000,18.000,58.000,18.000,230.233,1.554,3275.000,23.247,55.483,1727,2800,120.2,96.58,3.491,1.786,0.8362,1.181,11.47,0.02028,10.14,11.27,15.63,1.303,17.13,0.1772,34.65,40.89,11.93,1.783,0.3172,1680,202.2,3.772,104.7,1.4,2.307,20.5,79.06,13.32,3.016,97.22,344.6,60.65,4.201,2.175,189.8,63.45,142.2,1263,346.5,108.6,0.08877,416.4,0.5903,0.6255,0.7232,0.7608,0.7025,0.2472,0.1386,0.6026,0.2885,501.7,1083,71.05,0.5955,772.9,1.622,343.9,0.8
32,child9,child,46.0233,15.000,2.000,13.000,54.000,35.000,325.733,0.013,2681.000,20.213,46.667,2200,2800,144.1,87.04,4.4,1.359,0.5707,1.482,10,0.01599,10.95,13.24,16.11,1.387,15.26,0.1802,37.53,44.45,12.53,1.636,0.3459,2000,200.3,3.207,107.1,1.19,2.307,28.06,69.69,12.68,3.383,105.5,372.7,53.28,4.189,1.557,166.6,82.76,140.9,1102,386,99.89,0.09088,373.9,0.6332,0.5548,0.5356,0.732,0.7,0.2477,0.1175,0.7202,0.2629,645.2,985.7,58.73,0.6781,783.5,1.72,359.9,0.7968
32,child10,child,77.6301,21.000,0.000,21.000,92.000,3.000,121.600,3.003,2902.000,20.133,48.700,1843,2480,114.5,67.62,3.671,1.741,0.7048,1.5,10,0.01633,11.99,11.76,16.89,1.253,19.3,0.1411,35.91,45.3,11.53,1.807,0.3392,1635,206.9,3,100,1.462,2.5,26.81,77.86,12.98,3.42,77.66,392.1,62.99,3.635,1.675,216.8,97.97,185.7,1093,383.4,103.9,0.09903,380.9,0.6562,0.5515,0.6651,0.6563,0.7,0.2633,0.1223,0.6451,0.3575,702.2,974.8,55,0.8,800,1.518,338.3,0.8
32,child11,child,94.6838,24.000,0.000,24.000,102.000,25.000,197.333,2.648,3172.000,21.853,46.817,1613,2582,144.9,105.2,3.922,1.679,0.6058,1.241,10,0.01383,8.864,12.26,14.77,1.371,19.19,0.1687,41.92,60,11.76,1.833,0.3209,1872,237.4,3.003,113.5,1.182,2.5,26.78,89.63,13.53,3.073,69.7,379.5,63.54,4.001,1.884,154.3,100,158.6,1444,404.5,106.9,0.09363,322.9,0.5075,0.6108,0.6813,0.6169,0.7,0.1996,0.152,0.5935,0.2629,591.2,958.3,50.09,0.7637,787.5,1.5,396.7,0.7405
32,child12,child,108.9556,27.000,1.000,26.000,86.000,50.000,431.900,1.624,2297.000,27.380,57.867,2071,2800,154.8,104.6,3.286,1.612,0.5506,1.369,10,0.02134,10.87,10.68,15.74,1.243,18.72,0.1806,31.63,45.35,15.18,1.513,0.3963,1726,241.2,3.772,110.8,1.433,2.407,24.55,92.63,13.51,3.003,102.9,387.8,53.24,3.893,1.743,180.6,78.17,142.9,868.7,368.9,88.64,0.0948,339.3,0.5736,0.5242,0.609,0.6349,0.7,0.2813,0.1453,0.6378,0.2912,641.2,854.1,58.91,0.8,800,1.544,346.9,0.6716
32,child13,child,21.4306,10.000,1.000,9.000,43.000,7.000,-28.950,0.193,2102.000,16.387,53.283,1985,2437,102.7,105.9,2.787,1.695,0.725,1.305,10,0.01693,9.764,13.75,18.29,1.124,16.33,0.1652,35.44,53.35,14.59,1.809,0.3259,1393,190.3,3,100,1.506,2.116,22.23,69.53,15.88,3.798,85.66,374.7,52.08,4.172,1.655,233.4,62.21,169.1,986.7,352.4,92.41,0.06898,358.3,0.629,0.6272,0.658,0.7199,0.7722,0.26,0.1457,0.5557,0.3058,579,825.9,54.1,0.7873,800,1.5,332.3,0.8
32,child14,child,42.2764,16.000,3.000,13.000,62.000,27.000,229.767,1.245,2897.000,32.713,61.000,2076,2781,120.3,88.92,3.212,2,0.6066,1.409,10,0.01925,8.979,13.8,18.19,1.199,20,0.1988,37.61,38.1,12.22,1.365,0.3281,1753,230.1,3,104.1,1.568,2.5,22.77,104.9,13.31,3.055,76.22,275,49.24,4.238,1.397,193.4,64.44,195.5,987.6,291.6,96.75,0.083,400.6,0.5232,0.646,0.6775,0.6509,0.7907,0.2372,0.1469,0.6539,0.276,641.1,1020,75.53,0.7445,800,1.5,329.6,0.7022
32,child15,child,84.7933,18.000,0.000,18.000,101.000,43.000,383.183,2.191,2935.000,23.193,53.967,1927,2737,122.8,88.38,3.24,1.622,0.597,1.227,10,0.02037,11.34,16.5,15.1,1.396,15.35,0.1845,34.81,44.05,13.83,1.718,0.3141,1675,188,3.016,100,1.261,2.5,28.35,96.11,16.86,3.216,74.64,301,63.42,4.049,1.615,184.7,72.67,184.2,861.4,445.2,110.8,0.09551,348.1,0.6421,0.6755,0.6731,0.6514,0.7359,0.2475,0.1114,0.6461,0.2673,557.3,847.1,49.5,0.7494,800,1.785,361,0.8
33,parent,parent,90.9779,28.000,2.000,26.000,89.000,36.000,295.667,1.099,3595.000,23.733,68.617,2200,2667,158.2,97.71,2.882,1.636,0.6993,1.43,10,0.01515,9.247,11.88,22.47,1.246,19.17,0.1529,37.65,39.58,12.15,1.844,0.3554,1389,230.6,3.006,104.5,1.303,2.5,30.54,76.17,14.99,4.568,74.74,282.9,57.89,3.877,1.675,171.7,74.8,156.7,1046,337.5,120,0.09196,341.9,0.5347,0.6116,0.6098,0.6679,0.7463,0.2142,0.1328,0.5716,0.2987,566.3,887.1,60.7,0.8,698.7,1.571,331.3,0.683
33,child0,child,167.5669,39.000,0.000,39.000,183.000,45.000,313.533,1.570,4852.000,27.707,56.983,2200,2623,146.1,102.7,3.361,1.573,0.8284,1.5,10.59,0.01545,9.366,11.33,20.56,1.038,20,0.1642,39.43,38.07,12.52,2.109,0.3521,1296,220.4,3.195,120.7,1.434,2.427,32.6,93.4,11.86,5.098,79.73,260.8,59.62,3.589,1.934,150.5,77.53,142,825.6,317.8,120,0.08933,375.6,0.5295,0.6806,0.6654,0.7369,0.7726,0.2214,0.1339,0.7342,0.3209,581.7,757.7,54.53,0.7584,800,1.5,281.7,0.6745
33,child1,child,113.5514,31.000,1.000,30.000,136.000,14.000,56.967,0.420,4032.000,25.313,57.467,2200,2657,167,105.9,3.227,1.597,0.6489,1.445,10.78,0.01443,7.27,10.8,21.6,1.161,20,0.1441,41.43,40.91,12.96,2.132,0.3333,1413,222.6,3.722,100,1.13,2.277,31.31,69.3,14.85,4.508,63.48,266.3,48.18,3.966,1.666,186.8,74.36,154.5,836.4,352.8,103.5,0.09541,303.5,0.4982,0.5053,0.5063,0.5727,0.859,0.2128,0.1086,0.6778,0.3331,532.4,875.7,56.86,0.7818,781.4,1.5,336.3,0.6147
33,child2,child,96.7490,28.000,1.000,27.000,85.000,40.000,381.533,0.847,3529.000,24.387,50.767,2060,2233,159.2,83.6,3.235,1.403,0.6746,1.472,10,0.01602,8.676,12.68,23.17,0.969,20,0.1696,30.88,42.08,12.67,1.793,0.3784,1299,277.1,3.597,108.6,1.395,2.5,29.34,80.14,17.18,3.77,103.2,330.7,55.97,3.669,1.808,150,70.71,177.1,1094,428.4,120,0.06932,293.6,0.5625,0.7305,0.6139,0.6814,0.7894,0.2527,0.1347,0.6161,0.2807,500.3,842.1,53.87,0.7404,762.9,1.5,282.4,0.61
33,child3,child,36.7921,12.000,0.000,12.000,51.000,5.000,19.133,-1.744,1924.000,12.833,46.950,2173,2800,150,84.69,2.891,1.388,0.6158,1.48,10,0.01774,8.479,11.4,22.83,1.275,20,0.1801,43.52,39.81,11.81,1.784,0.3487,1055,241.5,3.056,100,1.338,2.5,26.25,67.01,15.59,3.802,84.15,279.9,63.97,4.428,1.458,166.8,76,150,912.7,368.9,114.5,0.08254,359.4,0.5952,0.8257,0.6466,0.634,0.8828,0.2154,0.1548,0.4919,0.2373,629.1,871.8,54.02,0.7466,691.7,1.845,285.6,0.7645
33,child4,child,111.3561,32.000,0.000,32.000,123.000,7.000,29.933,1.658,4080.000,23.880,57.833,2200,2441,133.9,103,2.814,1.553,0.7612,1.5,10,0.01389,9.68,12.49,25.96,1.46,18.76,0.1733,45.22,39.59,11.88,1.505,0.3179,1508,223.6,3.36,109.1,1.267,2.475,33.23,76.92,15.02,4.889,80.05,258.9,57.88,4.407,1.959,207.8,71.08,147.6,1111,334.8,106.2,0.115,298,0.5657,0.5036,0.5048,0.5894,0.933,0.1985,0.1479,0.7092,0.2814,555.4,888,58.66,0.8,748.8,1.504,291.6,0.7255
33,child5,child,137.3301,32.000,1.000,31.000,150.000,33.000,306.150,0.496,3641.000,25.473,46.833,2200,2180,161.7,111,2.963,1.556,0.6232,1.332,10.66,0.01424,10.24,11.49,23.25,1.295,19.26,0.1878,40.39,38.23,10.72,1.592,0.3846,1175,234.9,3.439,100.6,1.432,2.5,32.76,72.51,14.05,3.892,79.8,319.6,42.87,3.29,1.764,191.4,70.9,142.2,1036,293.6,106.8,0.1016,366.1,0.5539,0.5743,0.6271,0.6322,0.8226,0.2324,0.1192,0.5811,0.2868,574.7,942.6,59.7,0.8,595.5,1.5,334.7,0.6281
33,child6,child,47.5082,16.000,1.000,15.000,73.000,8.000,40.183,0.103,2790.000,16.053,69.417,2200,2332,171.5,85.45,2.802,1.307,0.5999,1.306,10.03,0.01327,12.3,11.74,22.22,1.082,17.19,0.171,37.31,45.73,13.28,1.801,0.4195,1374,245.7,3,106.2,1.201,2.1,29.47,71.64,13.22,4.625,83.69,275.2,58.75,4.377,1.341,164.7,78.84,157.9,1009,337.5,111.7,0.07795,357.4,0.4882,0.7002,0.6871,0.4758,0.7165,0.2103,0.1275,0.6752,0.344,596.8,830.9,61.85,0.8,800,1.567,340.4,0.5807
33,child7,child,23.7090,9.000,0.000,9.000,31.000,13.000,175.517,-1.664,1835.000,9.960,47.233,2034,2800,201.8,110.5,3.076,1.73,0.6559,1.355,10.52,0.01641,10.44,11.01,26.38,1.251,17.92,0.159,36.68,31.24,9.624,1.755,0.3113,1581,212.2,3,106.7,1.176,2.273,26.64,60.71,14.44,4.666,83.89,290.3,64.11,4.184,1.695,162.7,82.76,170.2,931.7,386.5,111.3,0.08423,349.5,0.5424,0.5938,0.6335,0.709,0.7767,0.2809,0.1427,0.5998,0.2957,568.3,861,53.75,0.8,800,1.5,331.9,0.6416
33,child8,child,119.6064,24.000,0.000,24.000,134.000,62.000,503.217,0.158,3515.000,22.533,45.333,2200,2800,150.5,86.69,3.246,1.684,0.6897,1.234,10,0.01506,8.355,11.82,23.48,1.296,20,0.1449,38.1,44.34,11.39,1.885,0.3062,1832,222.2,3,100,1.324,2.5,28.59,85.81,16.01,4.682,79.99,303.2,56.67,3.881,1.632,203.6,76.31,163.5,1323,369.4,102.8,0.08033,372,0.5852,0.71,0.5496,0.7282,0.7,0.2098,0.1181,0.5376,0.2714,580.4,872.9,53.14,0.8,768.6,1.5,332.1,0.684
33,child9,child,108.2162,31.000,3.000,28.000,104.000,54.000,426.250,0.875,3953.000,25.813,54.350,2124,2800,154.6,116.1,2.858,1.837,0.7136,1.5,10.19,0.01723,10.78,10.8,24.28,1.094,18.81,0.1429,29.89,40.38,9.882,1.841,0.3143,1434,258.3,3,103.6,1.141,2.5,35.14,82.13,15.78,4.347,66,313.8,57.96,3.743,1.385,154.9,70.12,168.5,1070,328,110.8,0.0906,333.2,0.5969,0.7701,0.5903,0.8232,0.7609,0.1874,0.123,0.5069,0.2283,780.8,944.9,54.27,0.8,591.3,1.72,361.6,0.8
33,child10,child,117.1247,24.000,0.000,24.000,141.000,45.000,367.533,-1.036,3332.000,21.780,57.100,2200,2208,204.8,98.52,2.076,1.631,0.5971,1.5,10,0.01524,8.929,11.87,22.16,1.486,17.52,0.1604,36.94,38.42,10.7,1.552,0.4011,1421,227.7,3.412,100,1.187,2.405,28.07,71.92,15.01,4.223,84.07,285.4,50.51,3.855,1.555,191.7,71.8,159.7,1097,340.5,119.7,0.1009,422.9,0.519,0.5619,0.5473,0.6542,0.8748,0.2363,0.1359,0.4573,0.3171,574.5,889.8,59.89,0.8,602.8,1.631,398,0.8
33,child11,child,86.1373,28.000,2.000,26.000,87.000,28.000,160.233,0.997,3746.000,24.393,47.667,2200,2521,166.9,95.32,2.782,1.577,0.7177,1.445,10.54,0.01561,9.912,13.24,20.59,1.552,15.82,0.1486,36.67,39.19,12.17,1.866,0.3522,1395,256,3.38,100,1.314,2.5,37.65,79.56,15.67,5.674,77.78,302.5,47.09,3.617,1.659,150,67.52,185.1,1003,343.3,120,0.119,267,0.6852,0.5874,0.7301,0.7033,0.8181,0.1877,0.1073,0.5984,0.3383,659.5,985.1,68.67,0.7759,741.1,1.628,291,0.7206
33,child12,child,113.0120,28.000,0.000,28.000,129.000,17.000,84.533,-0.597,3309.000,21.500,50.400,2186,2800,201.3,90.42,3.2,1.542,0.8237,1.312,10,0.01454,9.434,12.33,20.29,1.456,19.32,0.115,38.36,37.58,10.43,1.714,0.2913,1225,246.7,3,100,1.558,2.5,32.74,83.91,11.62,4.875,78.87,254.5,59.81,5.61,1.584,150.5,69.92,180.2,1422,375.6,116.7,0.09113,346.8,0.4863,0.6111,0.591,0.6247,0.7,0.2511,0.1327,0.6145,0.2976,594.3,805.3,55.18,0.6572,617.3,1.678,400,0.6495
33,child13,child,63.0764,24.000,0.000,24.000,78.000,-16.000,-61.450,1.078,3458.000,19.500,75.033,2200,2800,170.9,102.4,2.721,1.801,0.542,1.5,11.18,0.01867,8.859,12.69,22.67,1.286,16.06,0.1404,47.71,39.03,10.59,1.952,0.3455,1217,230.2,3.133,111.7,1.215,2.5,29.32,73.29,15.6,4.753,69.45,257.9,58.49,3.406,1.896,150,59.85,146.7,1000,350.2,120,0.1152,294.3,0.5886,0.5616,0.7624,0.6959,0.7,0.2157,0.1367,0.5959,0.2865,552.3,922,67.43,0.7556,674.8,1.5,339.4,0.8
33,child14,child,134.9752,38.000,3.000,35.000,152.000,20.000,189.400,1.701,4560.000,27.067,63.567,2059,2800,164.2,85.51,2.339,1.57,0.6914,1.493,11.3,0.01398,8.49,10.58,23.22,1.472,18.21,0.1528,34.77,39.2,12.99,2.197,0.4246,1557,209.9,3,106.4,1.187,2.142,29.21,70.6,14.95,5.084,81.23,355.2,47.07,3.161,1.562,188.7,69.6,191.9,1073,373.4,115.5,0.09037,369.8,0.4604,0.8943,0.5,0.686,0.7972,0.1973,0.1427,0.5591,0.3159,685.5,773.1,66.83,0.7874,674.7,1.5,342.2,0.6924
33,child15,child,10.1141,6.000,0.000,6.000,32.000,-4.000,-31.300,-2.206,1605.000,9.833,43.233,2113,2469,173.9,95.32,2.914,2,0.6815,1.173,10.48,0.0173,11.93,9.278,21.1,1.352,14.43,0.1241,33.77,46.01,13.25,1.962,0.3134,1407,199.3,3,122.6,1.332,2.307,37.56,63.09,15.35,4.897,83.55,309.3,57.92,4.19,1.519,156.1,73.51,132.6,933,303.8,120,0.09788,276.6,0.6099,0.7044,0.586,0.7531,0.7736,0.2526,0.1363,0.5049,0.3232,545.1,888.6,55.09,0.6277,738.8,1.587,265.1,0.8
34,parent,parent,138.4640,29.000,1.000,28.000,165.000,41.000,401.417,1.275,3648.000,25.500,58.717,2200,2623,146.1,102.7,3.361,1.573,0.8284,1.5,10.59,0.01545,9.366,11.33,20.56,1.038,20,0.1642,39.43,38.07,12.52,2.109,0.3521,1296,220.4,3.195,120.7,1.434,2.427,32.6,93.4,11.86,5.098,79.73,260.8,59.62,3.589,1.934,150.5,77.53,142,825.6,317.8,120,0.08933,375.6,0.5295,0.6806,0.6654,0.7369,0.7726,0.2214,0.1339,0.7342,0.3209,581.7,757.7,54.53,0.7584,800,1.5,281.7,0.6745
34,child0,child,24.4771,20.000,8.000,12.000,47.000,15.000,46.900,2.252,3122.000,35.933,52.733,2200,2461,149.6,94.29,3.306,1.484,0.897,1.438,13.02,0.01398,9.258,12.16,20.86,1.1,20,0.1841,45.56,36.54,10.8,2.616,0.3199,1379,219.1,3,141.1,1.736,2.229,29.1,104.2,11.6,5.031,74.31,281.2,47.97,3.34,2.29,150,88.93,138.6,736.6,263,120,0.08441,454.1,0.4894,0.5447,0.7751,0.7248,0.7,0.2536,0.1489,0.737,0.285,579,706.1,49.88,0.7406,800,1.507,276.4,0.5858
34,child1,child,133.3880,39.000,1.000,38.000,125.000,31.000,258.717,2.023,4631.000,27.727,64.150,2200,2740,131.9,100.5,3.709,1.611,0.7277,1.5,10,0.0153,7.734,9.115,19.3,1.226,16.28,0.1526,33.69,46.36,11.82,1.756,0.3651,1280,202.3,3,100,1.637,2.189,29.54,91.71,11.75,4.432,67.87,219.2,60.85,3.471,1.776,154.4,92.92,142,825.1,318.7,104.9,0.08071,402,0.5561,0.5998,0.5886,0.7113,0.7266,0.1864,0.1299,0.7614,0.3798,566.9,697.8,59.69,0.7527,771.9,1.625,259.5,0.6773
34,child2,child,113.4324,25.000,1.000,24.000,146.000,29.000,191.933,-0.753,3409.000,22.147,45.250,2200,2770,146.4,116.5,3.193,1.579,0.8544,1.294,12.33,0.01363,8.864,12.56,18.85,1.202,19.82,0.1762,48.69,43.23,12.5,2.188,0.2607,1470,253.6,3,114.6,1.507,2.133,32.56,79.37,12.23,4.813,75.47,287.1,67.14,3.047,1.832,151.3,74.6,166.1,955.9,418.5,120,0.08943,428.7,0.4931,0.7796,0.6314,0.706,0.8835,0.2325,0.1119,1,0.3262,485.9,802,49.59,0.6839,800,1.5,263,0.6279
34,child3,child,87.8673,30.000,4.000,26.000,111.000,5.000,43.233,2.609,4080.000,25.867,54.150,2200,2719,153.4,106,3.208,1.528,0.7409,1.5,13.22,0.01505,9.648,10.13,18.43,1.138,20,0.1543,36.22,46.13,11.41,2.143,0.3968,1077,191.3,4.03,133.9,1.171,2.5,29.24,83.52,12.85,4.078,62.42,275.5,60.75,3.714,2.056,150,71.92,177.7,833.5,315.6,114.5,0.1023,407.4,0.5104,0.6646,0.666,0.65,0.9269,0.2155,0.1325,0.7666,0.3024,601.6,897.6,44.86,0.7969,735.5,1.5,238.4,0.7524
34,child4,child,19.4504,12.000,1.000,11.000,42.000,10.000,49.217,0.782,2917.000,33.133,54.417,2176,2329,151.1,86.61,3.212,1.495,0.9009,1.417,10,0.01498,10.48,10.33,20.67,0.9311,20,0.1527,31.78,40.95,14.19,2.215,0.3367,1195,203.2,3.445,135.6,1.645,2.29,34.37,110.4,13.1,4.535,73.33,253.1,51.3,2.918,1.606,150,70.52,112.9,760.1,301.5,117.9,0.09849,441.2,0.5289,0.5452,0.7529,0.7397,0.8914,0.1862,0.107,0.9538,0.3243,566.2,849.4,47.34,0.8,800,1.716,346.8,0.6107
34,child5,child,61.4222,27.000,5.000,22.000,73.000,-14.000,-117.383,2.069,2897.000,31.547,48.400,2200,2800,146.2,102.2,3.349,1.618,0.7944,1.5,10,0.01699,8.262,13.51,22.65,0.9785,16.2,0.1823,34.35,37.73,11.93,1.911,0.2908,1331,171.3,3,121.8,1.267,2.5,35.12,96.85,9.138,5.727,56.27,229.2,54.89,3.284,2.166,150,81.68,146.9,821.8,274.1,120,0.09288,458,0.4406,0.6396,0.6409,0.8271,0.8234,0.2167,0.128,0.6996,0.3182,535.9,780.5,54.94,0.8,800,1.5,329.9,0.5628
34,child6,child,18.4564,12.000,0.000,12.000,21.000,-4.000,-97.200,-0.950,1985.000,10.713,39.033,2137,2800,153.5,114.5,3.629,1.773,0.7697,1.5,12.66,0.0162,10.39,12,22.6,1.228,20,0.165,43.59,35.86,10.93,1.852,0.3843,1228,200.9,3,139.4,1.509,2.159,32.65,74.01,10.07,4.937,73.72,265,73.28,4.256,1.871,150,76.12,121.4,947.5,290.9,120,0.0919,437,0.5026,0.5882,0.7021,0.7248,0.9045,0.2161,0.141,0.7954,0.3698,488.3,777.4,56.06,0.7758,784.7,1.619,319.4,0.7374
34,child7,child,92.0539,25.000,1.000,24.000,115.000,21.000,118.217,0.113,3632.000,21.653,55.817,2200,1977,168.9,114.3,3.506,1.497,0.8514,1.5,13.33,0.01281,10.46,10.31,19,1.111,18.28,0.1489,35.94,41.62,13.82,2.001,0.3461,1216,199.2,3.408,106.2,1.16,1.995,28.7,90.49,13.89,5.784,79.63,220.1,70.14,3.224,1.987,150,79.38,134,865.1,350.2,119.8,0.07391,373.7,0.5191,0.5707,0.6398,0.884,0.9105,0.1905,0.1236,0.7092,0.3734,562.1,862.9,52.59,0.8,800,1.798,285.2,0.6379
34,child8,child,130.1751,28.000,1.000,27.000,135.000,28.000,311.717,0.653,2328.000,27.240,44.817,2200,2800,130.2,112.7,2.859,1.569,0.8507,1.5,11.37,0.01345,9.781,12.04,19.77,1.103,18.6,0.1547,41.46,38.69,14.25,1.795,0.3891,1377,221,3.636,118.4,1.652,2.354,37.65,107.1,12.95,5.899,96.65,256.1,65.02,3.567,2.62,150,88.42,153.3,792.2,309.1,120,0.06721,365,0.6094,0.6633,0.5723,0.5184,0.7629,0.246,0.1464,0.6943,0.303,583.5,763.8,59.94,0.786,800,1.764,301.3,0.6026
34,child9,child,15.7423,12.000,2.000,10.000,37.000,-9.000,-92.817,-0.944,2309.000,11.560,43.833,2200,2558,149.9,120,3.301,2,0.758,1.5,11.81,0.01748,9.722,10.06,20.89,1.177,19.21,0.1286,41.59,37.42,16.96,1.876,0.3801,1305,266.2,3.765,158.1,1.381,2.431,30.65,67.24,11.92,5.674,76.81,286.1,66.58,4.229,1.925,150,82.52,119.9,772.9,298.7,120,0.08934,406.9,0.6563,0.623,0.628,0.7728,0.7,0.2095,0.1264,0.8199,0.3028,564.1,848.9,69.99,0.6748,764.1,1.602,352,0.7525
34,child10,child,123.7667,34.000,0.000,34.000,110.000,31.000,238.417,2.129,3749.000,23.347,54.417,1787,2800,135.1,120,3.924,1.673,0.8074,1.5,10.63,0.01639,10.02,12.07,17.41,1.087,17.64,0.1745,37.79,48.62,12.55,1.869,0.3965,1105,203.8,3.18,104.7,1.685,2.28,35.08,88.28,11.53,5.404,77.19,298,65.22,3.37,1.856,150,63.29,137.3,986.6,279.8,120,0.08398,400.8,0.4892,0.7588,0.7055,0.7313,0.7929,0.2002,0.1442,0.7197,0.3538,559.7,710,48.7,0.6245,800,1.5,301.6,0.7183
34,child11,child,156.9839,32.000,1.000,31.000,171.000,32.000,349.500,-0.148,2721.000,31.387,44.833,2200,2800,127.2,120,3.44,1.62,0.8753,1.5,11.44,0.0136,11.84,11.16,19.54,1.203,20,0.1613,42.61,36.27,15.63,1.964,0.3312,1342,232.5,3.154,133,1.273,2.306,30.79,98.84,11.57,6.618,88.84,265.4,55.6,3.769,1.882,156.8,87.15,188.6,816.9,294.4,116.9,0.07568,334.8,0.5332,0.649,0.9087,0.8016,0.8229,0.2427,0.1413,0.5981,0.2893,592.2,817.4,51.83,0.7051,800,1.714,279,0.8
34,child12,child,158.6817,34.000,0.000,34.000,182.000,43.000,299.433,0.727,4129.000,27.320,52.483,1982,2714,122.9,110.7,2.806,1.436,0.9654,1.5,10,0.01606,10.65,12.46,16.74,0.9017,20,0.1495,39.24,32.63,13.45,1.929,0.3808,1291,247.9,3.5,138.3,1.586,2.329,37.4,97.2,13.99,5.496,94.03,303.1,63.91,3.664,2.068,150,68.67,182,720.5,327.4,119.3,0.08769,374.8,0.4721,0.778,0.7108,0.71,0.8887,0.1865,0.1411,0.7844,0.3538,522.9,896.3,57.89,0.6078,800,1.828,264.5,0.6367
34,child13,child,103.4031,29.000,2.000,27.000,112.000,32.000,297.717,0.518,3901.000,25.233,46.767,2051,2131,159.3,99.09,3.546,1.614,0.7082,1.5,12.19,0.01516,10.17,8.861,20.63,1.017,20,0.1752,41.17,35.39,11.84,2.19,0.4414,1264,220.4,3.179,115.1,1.483,1.843,34.5,83.27,12.79,4.675,71.41,233.7,53.95,3.606,1.483,150,80.37,156.7,939.9,424,107.2,0.1199,501.2,0.5457,0.6965,0.6436,0.8856,0.7129,0.2489,0.1263,0.7097,0.3364,684.6,611,57.11,0.8,712.7,1.608,266.3,0.8
34,child14,child,146.9730,30.000,0.000,30.000,155.000,63.000,407.850,1.965,3442.000,24.780,53.683,2001,2311,180.7,120,3.69,1.549,0.9444,1.5,12.08,0.01713,11.16,13.53,21.21,0.9005,19.69,0.1649,39.07,40.47,10.6,2.4,0.415,1144,255.4,3.385,113.4,1.405,2.399,32.29,90.46,10.31,5.439,94.38,253.9,58.04,4.325,2.127,150,88.3,138.5,728.4,413,111.7,0.1027,466.6,0.4885,0.6682,0.5864,0.8074,0.7456,0.2409,0.1421,0.8702,0.3164,613.9,784.2,65.02,0.7159,800,1.509,300.3,0.8
34,child15,child,99.6511,21.000,0.000,21.000,114.000,34.000,334.650,2.452,2832.000,22.647,44.833,2200,2800,119.2,109.7,3.084,1.321,1.015,1.413,10,0.01741,9.926,12.83,17.84,0.952,16.24,0.153,35.06,43.62,15.19,2.248,0.341,1097,259.7,3,121.4,1.292,2.5,31.44,102.7,10.67,4.887,82.3,333.9,71.24,3.325,1.663,175.8,86.08,153.8,735.2,270.7,106.7,0.09495,411.7,0.5895,0.7916,0.599,0.73,0.8142,0.1951,0.1253,0.8633,0.3192,550.7,598,54.42,0.8,768.7,1.648,284.5,0.6281
35,parent,parent,112.3234,26.000,0.000,26.000,144.000,31.000,221.767,0.088,3928.000,24.207,66.550,1982,2714,122.9,110.7,2.806,1.436,0.9654,1.5,10,0.01606,10.65,12.46,16.74,0.9017,20,0.1495,39.24,32.63,13.45,1.929,0.3808,1291,247.9,3.5,138.3,1.586,2.329,37.4,97.2,13.99,5.496,94.03,303.1,63.91,3.664,2.068,150,68.67,182,720.5,327.4,119.3,0.08769,374.8,0.4721,0.778,0.7108,0.71,0.8887,0.1865,0.1411,0.7844,0.3538,522.9,896.3,57.89,0.6078,800,1.828,264.5,0.6367
35,child0,child,88.6148,23.000,1.000,22.000,83.000,29.000,365.033,1.360,2305.000,28.740,67.417,2200,2799,105.7,89.69,2.981,1.229,1.127,1.485,10.13,0.01439,10.81,13.42,15.17,0.8621,19.49,0.1354,36.68,32.27,12.1,1.998,0.3437,1258,194.9,3.496,151.1,1.572,2.036,34.17,109.9,14.39,5.931,97.01,282.3,65.83,3.737,2.369,168.4,56.88,183,810.1,363.4,120,0.1116,345.3,0.3533,0.6906,0.5466,0.7013,0.8101,0.2373,0.1305,0.8292,0.3349,498.9,942.4,56.6,0.6688,800,1.803,274.2,0.6733
35,child1,child,54.0071,20.000,5.000,15.000,86.000,20.000,151.433,1.301,3184.000,33.820,64.500,2155,2800,118.2,120,2.312,1.422,1.2,1.5,10,0.01588,11.95,13.15,20.64,0.9757,20,0.1795,48.01,31.73,15.11,2.213,0.4256,1704,228.7,4.103,168.2,1.774,2.465,36.31,109.9,14.16,5.669,91.99,309.5,66.13,3.572,1.919,163.4,68.59,168.7,757.2,359.5,120,0.08157,317.7,0.4415,0.7334,0.6382,0.7035,0.9056,0.175,0.1297,0.8755,0.3639,468,926.6,54.57,0.5604,800,2.244,234.8,0.6686
35,child2,child,83.9636,20.000,0.000,20.000,106.000,29.000,213.133,-0.025,3310.000,19.233,40.633,1901,2800,113.1,116.4,2.9,1.496,0.9605,1.351,11.12,0.01752,9.81,10.81,12.43,1.078,20,0.1679,45.49,32.5,14.46,2.103,0.3716,1273,228.7,3,139.9,1.514,2.5,35.99,89.95,14.86,5.565,102.7,330,74.67,3.213,1.653,164.3,83.24,152.7,693.6,295.4,120,0.0708,345.3,0.5262,0.6614,0.5722,0.6509,0.7645,0.2361,0.1453,0.61,0.4,542.5,955.3,62.52,0.5815,758,1.703,280.3,0.5825
35,child3,child,38.2154,14.000,0.000,14.000,62.000,-9.000,-154.067,-0.654,2375.000,14.147,44.117,2200,2800,107.8,120,2.62,1.426,1.11,1.5,10,0.01412,9.943,11.88,18.85,0.8359,20,0.1693,37.46,31.41,14.29,2.13,0.393,1373,214.5,3.346,113.7,1.849,2.181,37.55,76.43,13.56,6.135,100.2,381.3,75.04,3.653,2.119,170.7,68.08,206.5,801.4,305.3,105.8,0.09955,365.3,0.5348,0.8004,0.8447,0.605,0.9943,0.1729,0.1545,0.6837,0.3158,566.8,874.5,59.42,0.6745,800,1.776,256.6,0.4782
35,child4,child,145.7430,30.000,0.000,30.000,181.000,33.000,317.867,0.547,4023.000,25.360,52.217,2200,2800,108.5,82.64,2.59,1.262,1.199,1.331,10,0.01615,9.805,12.99,15.68,0.8292,20,0.1811,40.08,28.66,13.76,1.813,0.4188,1301,241.7,3.378,119.1,1.351,2.5,41.27,96.21,13.76,5.33,92.39,359.9,63.28,4.062,1.639,150,73.9,175,745.8,419.9,97.99,0.09346,392.2,0.5351,0.7369,0.6781,0.9,0.9284,0.1694,0.1294,0.7847,0.3065,512.3,1072,72.57,0.5517,736.8,1.549,286.6,0.5246
35,child5,child,126.9700,29.000,1.000,28.000,139.000,16.000,278.700,1.053,2604.000,30.673,67.233,1859,2417,136.8,105.1,2.857,1.485,1.059,1.485,11.51,0.01375,10.21,15.4,15.73,0.8543,16.91,0.1408,38.64,32.12,14.65,2.093,0.3315,1345,297.6,3.822,143.5,1.451,2.237,37.2,115.6,15.24,4.828,85.88,285.6,73.44,3.396,1.956,150,82.22,206.9,691.7,316.4,120,0.07391,396.7,0.4033,0.7995,0.7198,0.6022,0.9045,0.1838,0.1416,0.8422,0.3475,500,788,72.18,0.5889,545.3,1.973,263.7,0.6137
35,child6,child,133.1504,31.000,1.000,30.000,162.000,40.000,245.000,0.168,4266.000,25.967,55.767,2050,2800,128.7,91.78,3.559,1.542,0.8652,1.423,10.99,0.01713,11.75,11.34,17.6,0.7298,20,0.1596,30.87,32.25,14.9,2.002,0.3727,1376,227.9,3.373,150.4,2.079,2.176,32.97,104.7,12.58,5.117,85.8,311.6,71.55,3.632,2.624,150,54.38,164,560,303.5,116.3,0.08672,357.2,0.4937,0.7482,0.6995,0.5143,1,0.1875,0.1309,0.9195,0.3601,524.2,1050,61.17,0.5639,790.8,1.731,263.6,0.6105
35,child7,child,124.2582,31.000,0.000,31.000,138.000,28.000,137.667,0.828,3925.000,24.207,48.383,1879,2800,172.1,120,2.152,1.613,1.076,1.425,11.07,0.01619,9.447,12.13,16.97,0.9595,20,0.1936,38.44,31.91,13.9,2.061,0.3472,1170,250.6,3.881,145.9,1.708,2.5,37.96,91.92,13.59,4.789,93.3,295.2,73.46,3.582,1.841,157.4,74.18,168.5,576,317.9,97.96,0.09776,409.6,0.4208,0.7567,0.7025,0.6104,0.905,0.2314,0.1162,0.8005,0.4,492.3,770.1,61.41,0.5864,800,1.586,284.4,0.6245
35,child8,child,48.5298,19.000,3.000,16.000,67.000,28.000,109.617,1.895,3300.000,37.133,49.967,1934,2554,136.9,119.6,3.054,1.315,0.833,1.433,11.27,0.0179,10.98,12.02,20.75,0.7903,20,0.1786,35.4,42.18,13.67,2.135,0.344,1415,210.4,3.368,143,1.79,2.184,30.68,120,17.51,4.403,117.7,303.2,58.96,3.388,2.098,150,78.76,200.9,698.4,341,120,0.08832,413,0.3917,0.6779,0.7802,0.814,1,0.1831,0.1216,0.8787,0.3794,459.3,780.4,53.35,0.6096,800,1.582,264,0.5763
35,child9,child,98.3194,21.000,0.000,21.000,115.000,27.000,169.283,0.664,2379.000,28.347,46.733,1741,2723,146.3,110.7,2.296,1.516,0.7535,1.5,10,0.01582,8.82,14.64,21.53,0.8025,20,0.1343,37.6,32.79,13.95,1.87,0.2951,1012,233.9,3.314,152.8,1.492,2.5,40.08,97.12,13.26,5.594,104.7,311.3,56.05,3.681,2.077,152.6,65.49,170.1,620.9,318.9,120,0.07688,441.1,0.4476,0.7244,0.7269,0.6283,1,0.1639,0.1144,0.8419,0.381,536.5,740.6,54.35,0.4733,762.6,2.05,258.7,0.5894
35,child10,child,153.7343,35.000,0.000,35.000,177.000,32.000,222.650,0.953,4276.000,26.620,56.733,2145,2800,107.2,111.9,2.897,1.403,0.9986,1.5,10,0.01636,10.86,11.33,20.38,0.9738,20,0.1385,40.72,27.88,15.1,1.469,0.3542,1217,245.7,3.301,119.8,1.651,2.411,33.39,98.43,13.39,7.368,106.4,376.4,64.92,3.284,2.182,150,68.82,212.9,721,404.9,120,0.07249,374.8,0.4381,0.7115,0.7162,0.681,0.9413,0.1918,0.1492,0.7079,0.3317,527.5,936.9,52.14,0.559,800,1.634,289.6,0.5629
35,child11,child,118.1627,29.000,0.000,29.000,142.000,26.000,303.150,0.237,4248.000,26.573,60.817,1826,2686,106.1,120,2.823,1.998,1.037,1.5,10,0.02033,11.92,17.92,17.83,0.7769,18.8,0.1997,37.05,35.54,12.61,2.098,0.3973,1264,234.5,3.806,128.8,1.551,2.5,36.31,89.26,12.44,4.483,111.1,273.8,54.35,3.38,3.477,150,70.9,170.1,771.6,308.6,120,0.07651,322,0.4567,0.8189,0.735,0.6501,0.884,0.1478,0.1533,0.9136,0.3656,509.3,916.2,60.05,0.5254,664.3,1.716,269.4,0.6062
35,child12,child,52.7590,18.000,1.000,17.000,59.000,22.000,169.033,1.938,2713.000,29.173,64.433,2200,2539,119.4,91.72,2.77,1.125,0.8466,1.5,10,0.01675,11.27,15.23,15.35,1.095,20,0.1531,41.73,31.95,12.62,1.768,0.3787,1252,207.4,3.399,140,1.712,1.879,32.74,107,14.23,4.321,98.27,342,62.16,3.796,2.052,188.4,71.32,168.6,835.7,314.5,109.7,0.0719,413.7,0.4024,0.8629,0.8667,0.7659,0.791,0.1592,0.1639,0.8779,0.3557,538.6,932.9,61.89,0.5369,783.4,1.752,303.1,0.6402
35,child13,child,151.8541,38.000,0.000,38.000,149.000,38.000,332.117,2.189,4412.000,26.027,52.600,1905,2800,108.1,104.1,2.36,1.678,0.8054,1.5,10,0.01222,12.96,13.4,18.06,0.8521,20,0.1311,46.35,30.12,11.78,1.921,0.3508,1453,268.6,3.379,137.9,1.571,2.349,37.62,89.76,11.69,5.574,80.74,343.9,61.32,3.84,2.104,150,56.8,181.4,725,357.8,115.5,0.1024,368.5,0.486,0.7327,0.8736,0.7493,0.8373,0.1507,0.1459,0.6838,0.3003,489.5,851.9,54.67,0.6429,800,1.709,255.4,0.6705
35,child14,child,74.9447,26.000,3.000,23.000,90.000,7.000,-7.183,2.293,3064.000,32.167,76.017,1716,1943,119.1,120,2.606,1.712,1.069,1.475,10.38,0.01449,9.948,12.82,16.69,0.9521,19.58,0.1477,41.74,32.87,14.21,2.013,0.3759,1669,258.2,3.439,139.7,1.44,2.345,37.21,103.2,12.32,5.03,98.5,301,55.89,4.133,2.485,150,61.32,146.2,763.3,284.7,109.3,0.092,293.1,0.478,0.9745,0.6403,0.7388,0.8697,0.1666,0.1312,0.8733,0.3265,481.6,763.8,80.65,0.5742,800,1.838,315.9,0.6849
35,child15,child,136.9919,30.000,0.000,30.000,134.000,30.000,273.183,0.340,2381.000,30.087,48.233,2200,2800,130.3,111.2,2.873,1.669,0.9931,1.325,11.06,0.0171,10.94,13.64,16.53,0.794,20,0.1313,38.74,35.62,11.95,2.164,0.3236,1324,225.7,3.929,157,1.497,2.5,42.97,107.8,11.12,6.851,98.08,288.4,64.15,3.475,1.714,150,63.44,162.8,816.7,371.1,120,0.09751,401.9,0.4649,0.7436,0.5853,0.8389,0.8716,0.1837,0.1331,0.7425,0.2904,484,1011,45.65,0.5679,800,1.822,236.5,0.6327
36,parent,parent,125.3873,30.000,0.000,30.000,148.000,31.000,186.383,0.245,4186.000,24.260,43.767,2145,2800,107.2,111.9,2.897,1.403,0.9986,1.5,10,0.01636,10.86,11.33,20.38,0.9738,20,0.1385,40.72,27.88,15.1,1.469,0.3542,1217,245.7,3.301,119.8,1.651,2.411,33.39,98.43,13.39,7.368,106.4,376.4,64.92,3.284,2.182,150,68.82,212.9,721,404.9,120,0.07249,374.8,0.4381,0.7115,0.7162,0.681,0.9413,0.1918,0.1492,0.7079,0.3317,527.5,936.9,52.14,0.559,800,1.634,289.6,0.5629
36,child0,child,143.9374,32.000,1.000,31.000,139.000,30.000,275.067,1.428,2351.000,26.893,45.783,1901,2709,117.6,101.2,2.655,1.546,0.9814,1.437,10,0.01437,11.16,10.67,24.87,0.9905,19.44,0.1231,43.69,28.82,14.29,1.444,0.3969,1087,275.9,3.533,100,1.547,2.467,35.37,105.3,13.89,7.087,111.4,365,65.26,3.847,2.338,150,65.37,211.1,796,295,91.3,0.06906,363.2,0.4252,0.5823,0.6022,0.8283,0.8426,0.2123,0.139,0.651,0.3361,464.6,996.8,47.83,0.5973,800,1.808,281.9,0.6186
36,child1,child,134.7437,32.000,0.000,32.000,152.000,36.000,187.617,0.079,4167.000,24.333,41.450,2200,2800,103.3,107.8,2.983,1.261,0.8442,1.479,10,0.01433,11.33,13.6,22.15,0.9408,20,0.1283,33.38,29.93,15.36,1.615,0.3379,1126,244.6,3.736,117.7,1.832,2.184,31.47,94.94,14.89,6.761,102.4,453.8,63.18,3.482,1.601,162.8,76.24,234.3,746.6,428.1,107.6,0.06461,396.7,0.4106,0.6456,0.683,0.5581,0.9288,0.1621,0.1602,0.6786,0.252,528.1,836.7,50.94,0.4618,800,1.934,267.9,0.5624
36,child2,child,94.8070,23.000,0.000,23.000,114.000,25.000,223.733,0.487,3191.000,21.893,68.117,2164,2795,118.7,103.9,2.675,1.692,0.9628,1.443,10,0.01558,9.615,9.703,23.6,0.8949,20,0.1626,47.44,26.94,15,1.689,0.3757,1404,230.9,3.651,102.6,1.676,2.277,34.48,94.56,12.99,8.574,92.73,271.9,62.81,2.989,2.032,150,62.17,229.8,666.7,361.9,120,0.06539,419.5,0.3851,0.6917,0.6297,0.7741,0.9327,0.1922,0.1466,0.6698,0.3241,594.2,893.8,55.31,0.5715,668.5,1.612,322.9,0.5161
36,child3,child,83.9024,21.000,3.000,18.000,119.000,31.000,209.333,0.236,3072.000,26.007,67.817,2200,2800,120.1,88.85,3.071,1.411,1.2,1.393,12.01,0.01426,10.64,11.16,20.32,0.9542,19.72,0.1351,33.03,22.26,14.99,1.351,0.391,970.5,246.1,3,117.4,1.825,2.251,36.71,111.9,13.29,7.54,123.5,334.6,67.01,3.441,2.327,163,75.43,192.8,707.8,420,114.2,0.06139,347.7,0.52,0.7295,0.8928,0.7286,0.8621,0.2046,0.157,0.8146,0.4,564.3,830.7,48.24,0.5422,800,1.57,282.9,0.5993
36,child4,child,132.8157,31.000,1.000,30.000,159.000,38.000,214.650,0.147,4088.000,25.360,52.350,2200,2625,124.7,120,3.741,1.404,1.2,1.5,11.48,0.0172,11.95,10.67,18.45,1.153,18.26,0.1249,40.04,26.28,14.54,1.3,0.363,1023,284.7,3.115,105.8,1.301,2.5,32.24,91.64,13.09,6.562,101.2,397.7,69.66,3.09,2.41,150.6,60.91,246.3,857.9,518.8,120,0.07343,321.2,0.4343,0.6675,0.7836,0.6407,0.9024,0.185,0.1583,0.7665,0.2843,475.3,1016,53.48,0.6094,800,1.553,280.2,0.5456
36,child5,child,104.7559,22.000,0.000,22.000,145.000,26.000,122.383,-0.940,3230.000,23.900,62.317,2200,2757,113.8,120,1.987,1.425,1.2,1.455,10,0.015,10.27,13.64,20.13,0.9581,19.97,0.1479,35.74,27.25,16.88,1.466,0.3582,934.9,223.2,3.659,104.5,1.455,2.5,34.55,96.97,13.08,6.775,111.5,350.1,65.78,2.578,2.294,150,72.6,207.4,799.2,439.5,120,0.07456,358.2,0.4028,0.8527,0.5923,0.8512,0.7727,0.2162,0.1727,0.7909,0.3302,448.7,898.4,55.63,0.5382,694.3,1.56,295.5,0.6153
36,child6,child,100.5403,21.000,0.000,21.000,143.000,18.000,180.700,0.391,3332.000,22.760,57.733,1753,2577,119.6,108.6,3.21,1.576,0.905,1.361,10,0.01532,13.19,9.05,20.88,1.132,19.72,0.1258,48.27,22.38,13.37,1.729,0.3951,1124,243.6,3,135.6,1.539,1.726,43.35,101.2,13.4,7.7,103.9,332.3,64.59,3.261,2.115,150,77.18,199.9,820.3,435.7,115.9,0.06977,365.3,0.5129,0.7282,0.7603,0.6374,0.9109,0.2048,0.1592,0.7791,0.2994,544.3,881.9,46.78,0.6212,758.4,1.547,250.6,0.4866
36,child7,child,132.5449,30.000,0.000,30.000,147.000,35.000,359.667,0.720,3814.000,22.733,50.950,2168,2339,130.4,120,2.863,1.556,1.155,1.267,10.43,0.01782,11.75,11.39,17.51,0.8858,20,0.1412,38.01,31.62,15.82,1.644,0.3607,1339,274.8,3.375,100,1.706,2.5,31.3,95.32,9.822,7.916,105.9,369.6,71.15,3.606,2.322,150,67.55,231.7,772.1,362.4,120,0.06912,374.3,0.4402,0.7997,0.7632,0.5895,0.8902,0.1849,0.1516,0.5954,0.3554,593.5,1063,56.22,0.5417,747,1.613,286.1,0.5954
36,child8,child,28.0938,15.000,3.000,12.000,22.000,50.000,447.983,1.980,2919.000,32.160,64.500,2200,2800,129.9,120,2.547,1.686,0.9555,1.5,10,0.0177,10.78,10.47,26.31,0.8925,18.9,0.1414,41.5,29.73,13.45,1.429,0.3791,1304,220.1,3,109.7,1.423,2.5,36.6,113.7,11.97,6.06,97.25,391.3,61.65,3.338,2.472,151.5,70.92,191.9,751.2,370,120,0.06543,377.9,0.5154,0.6237,0.6181,0.736,0.9292,0.1809,0.1325,0.7715,0.3396,422.3,934.5,44.98,0.5842,800,2.006,294,0.5637
36,child9,child,143.7812,36.000,0.000,36.000,154.000,32.000,188.783,1.576,4339.000,24.660,63.267,2200,2800,104.3,116.3,3.063,1.028,1.127,1.5,10,0.01877,11.61,11.89,20.65,0.843,20,0.1415,33.2,31.75,16.13,1.414,0.335,988.8,276.5,3.357,119.5,1.791,2.5,35.02,90.46,13.09,6.025,107,423.4,64.97,3.287,2.933,154.5,76.12,245.9,793.8,368,120,0.07566,348.8,0.4259,0.6539,0.7485,0.6157,1,0.2447,0.1223,0.6339,0.3977,467.3,1010,52.95,0.457,800,1.649,352.8,0.4796
36,child10,child,52.4492,15.000,1.000,14.000,85.000,-4.000,-39.617,1.585,2339.000,24.860,53.750,2200,2735,98.2,84.84,2.558,1.184,0.9184,1.406,10,0.01505,8.367,10.33,22.45,0.9429,20,0.1608,34.82,29.95,14.01,1.357,0.3268,1227,205.3,3.662,120.9,1.831,2.121,32.03,111.7,15.07,7.662,132.6,364.8,66.21,3.256,2.337,150,81.15,188.2,732.1,379.6,120,0.07262,397.1,0.4812,0.7851,0.8981,0.6169,0.8383,0.1814,0.1543,0.6425,0.3716,421.9,939,58.31,0.6245,567.7,1.581,266.6,0.5816
36,child11,child,171.6138,34.000,0.000,34.000,210.000,50.000,293.533,1.611,4416.000,24.540,54.483,2113,2666,126.7,105.1,3.331,1.538,1.2,1.5,10,0.0171,10.85,9.095,21.89,0.9471,20,0.147,40.8,30.36,18.38,1.471,0.3954,1270,275.8,3.436,115.2,2.019,2.5,31.33,106,14.73,7.318,126.4,359.8,78.05,2.911,2.399,150,66.71,207.2,701.6,458.4,120,0.07301,421.2,0.4607,0.6556,0.7435,0.6836,1,0.1906,0.1504,0.8747,0.2978,519.9,1066,61.18,0.5885,669.2,1.5,317,0.6112
36,child12,child,60.0403,18.000,3.000,15.000,74.000,46.000,365.917,1.671,2985.000,31.100,63.533,2005,2800,109.4,120,3.027,1.418,0.9504,1.475,10,0.01713,11.2,8.56,18.44,1.004,20,0.1372,45.2,29.46,15.54,1.267,0.3731,1159,215.1,3,119.2,1.573,2.5,41.29,120,13.52,7.369,115,308,70.64,3.656,2.043,180.1,81.69,236.3,814.8,345.4,112,0.06465,347.8,0.4913,0.6941,0.7405,0.6623,0.9973,0.1824,0.1499,0.6521,0.3687,614.3,920.2,65.33,0.6022,769.4,1.724,315.3,0.5945
36,child13,child,76.6168,19.000,1.000,18.000,106.000,31.000,178.567,-1.056,3158.000,19.747,60.717,2200,2619,103.9,117.1,2.528,1.479,0.9466,1.5,10,0.0171,12.91,12.74,21.89,1.019,20,0.1575,40.81,24.35,12.98,1.159,0.4292,1208,253.9,3.086,106.8,1.485,2.258,32.68,90.98,12.42,6.698,104.1,333.2,71.59,3.492,1.893,156.2,68.77,222.1,679.7,417.9,118.3,0.07697,373.9,0.4517,0.6908,0.818,0.794,1,0.2002,0.1266,0.5819,0.3158,593.8,1102,58.5,0.7029,719.9,1.905,302,0.5253
36,child14,child,80.1114,23.000,2.000,21.000,124.000,3.000,24.600,-0.464,3827.000,23.200,51.583,2038,2800,89.71,112.9,2.955,1.469,0.9163,1.243,10,0.01822,10.16,12.42,17.88,1.197,20,0.146,40.45,22.42,16.12,1.51,0.3624,1222,324.2,3.401,110.5,1.632,2.5,38.32,101.6,11.27,6.946,111.8,443.3,76.96,3.31,2.052,169.2,81.67,237.3,855.5,405.5,120,0.08339,400.4,0.442,0.7526,0.5978,0.8031,1,0.2166,0.1692,0.7445,0.4,614.2,1200,53.83,0.5864,653.6,1.797,256,0.5426
36,child15,child,59.1441,20.000,1.000,19.000,87.000,11.000,78.000,1.694,3745.000,31.160,53.967,2061,2800,106.6,89.03,3.182,1.324,1.012,1.5,10,0.01522,14.33,10.2,21.96,0.9276,17.95,0.1224,40.69,33.95,14.06,1.278,0.3718,1136,235.1,3.345,119.5,1.651,2.5,35.1,108.7,13.22,8.155,114.2,363.5,57.98,3.902,2.39,150,59.69,216.6,743.3,456.6,120,0.07055,340.1,0.435,0.6628,0.725,0.9,0.9005,0.1684,0.136,0.6963,0.3758,527.9,1057,55.19,0.5563,745.1,1.752,259.4,0.6045
37,parent,parent,153.8087,38.000,0.000,38.000,151.000,33.000,203.217,1.547,4043.000,26.707,40.283,2113,2666,126.7,105.1,3.331,1.538,1.2,1.5,10,0.0171,10.85,9.095,21.89,0.9471,20,0.147,40.8,30.36,18.38,1.471,0.3954,1270,275.8,3.436,115.2,2.019,2.5,31.33,106,14.73,7.318,126.4,359.8,78.05,2.911,2.399,150,66.71,207.2,701.6,458.4,120,0.07301,421.2,0.4607,0.6556,0.7435,0.6836,1,0.1906,0.1504,0.8747,0.2978,519.9,1066,61.18,0.5885,669.2,1.5,317,0.6112
37,child0,child,105.6791,33.000,3.000,30.000,109.000,33.000,229.283,2.423,4380.000,23.880,50.300,2200,2800,98.36,93.97,3.227,1.698,1.177,1.229,10,0.01716,10.12,9.857,23.65,0.9576,17.28,0.108,38.74,28.96,16.12,1.247,0.3249,1191,274.4,3,132.1,2.119,2.418,31.3,106,15.96,7.612,155.3,467.4,83.87,3.432,2.051,150,57.22,173.5,870.5,405.1,120,0.07769,441.2,0.3989,0.5559,0.6573,0.6551,1,0.205,0.159,1,0.3008,641.3,1050,68.2,0.4772,629.8,1.5,379.5,0.5802
37,child1,child,147.9598,43.000,1.000,42.000,132.000,30.000,159.333,2.900,4556.000,26.220,64.950,1828,2800,119.7,100.5,3.418,1.622,1.2,1.255,10.42,0.01727,10.3,8.702,22.63,1.075,20,0.1603,46.44,30.53,15.24,1.702,0.3852,1241,227,3.293,121.1,1.871,2.424,30.47,114.4,14.67,8.365,110.7,414.4,90,2.399,2.43,150,71.03,254.9,642,454.7,120,0.05617,392.5,0.4116,0.5654,0.7859,0.6455,1,0.2024,0.19,1,0.3238,461.2,1087,66.11,0.6564,522.6,1.5,349.3,0.5663
37,child2,child,148.7600,31.000,1.000,30.000,197.000,35.000,214.100,1.144,4350.000,24.207,56.733,1916,2800,138.4,96.45,2.967,1.482,1.2,1.5,10.06,0.01802,11.39,8.594,22.69,0.9372,20,0.1449,32.82,25.74,19.69,1.674,0.3896,1345,325.4,3,107.2,2.124,2.095,25.4,120,15.34,6.893,116.7,328.2,85.9,2.792,2.731,171.2,65.24,176.2,691.1,425,120,0.06481,393.9,0.4708,0.716,0.9156,0.611,1,0.1814,0.1402,0.8148,0.3033,623.5,1102,69.72,0.6407,706.6,1.5,310.4,0.6611
37,child3,child,102.8772,26.000,0.000,26.000,123.000,8.000,42.517,0.797,3339.000,21.900,38.917,1932,2800,145.2,112.5,3.265,1.572,1.2,1.368,11.97,0.01916,10.33,9.916,21.89,1.053,20,0.1294,40.56,28.36,18.33,1.338,0.5269,1356,322.5,4.361,123.4,2.102,2.5,27.87,107.1,15.46,9.145,106.4,340.3,90,3.261,2.487,150,61.09,228.3,637.6,521.9,119.9,0.06967,441.4,0.4762,0.7991,0.9022,0.6577,0.9399,0.2127,0.1486,0.8341,0.3203,454.6,962.5,68.13,0.718,732.9,1.5,338.1,0.6127
37,child4,child,145.7413,37.000,2.000,35.000,161.000,37.000,331.117,2.361,4521.000,27.147,70.367,1877,2444,141.7,93.08,2.961,1.86,1.121,1.357,10,0.01774,9.327,12.12,22.63,0.8383,20,0.1234,44.19,30.53,21.12,1.132,0.3897,1196,239.1,3.021,115.7,1.456,2.164,31.24,103.8,12.15,6.791,142.2,345.8,81.78,3.098,2.07,150,67.02,183.1,684.5,471.4,116.3,0.08292,382.7,0.476,0.6225,0.8783,0.7936,0.9731,0.2143,0.1341,0.9476,0.302,598.9,1200,65.36,0.5733,677.4,1.5,353.1,0.5268
37,child5,child,46.2543,15.000,1.000,14.000,63.000,9.000,96.767,-1.317,2412.000,14.440,47.583,1775,2526,129.3,106.6,3.788,1.225,1.095,1.5,10,0.0184,12.95,7.461,26.31,0.7671,20,0.1575,34.29,33.64,21.17,1.431,0.4224,1347,245.1,3.463,123,1.821,2.5,27.45,100.8,17.6,7.645,152.9,416.2,90,2.822,2.285,150,61.81,193.5,741.7,466.2,104.6,0.05929,451.5,0.435,0.6145,0.7948,0.7651,1,0.1843,0.155,1,0.3079,381.3,1110,50.95,0.5314,725,1.5,290.7,0.6691
37,child6,child,151.0868,35.000,1.000,34.000,148.000,28.000,252.567,1.016,2678.000,32.673,60.250,2182,2800,132.3,90.82,3.246,1.739,1.2,1.311,11.7,0.01667,13.33,10.3,25.86,0.9995,18.45,0.176,46.54,26.34,17.05,1.444,0.4008,1101,298.4,3.158,101.5,2.076,2.381,27.49,108.1,14.47,6.183,125.4,425.7,55.43,2.504,2.013,159.4,56.95,210.3,648.9,518.3,113,0.0723,425.4,0.402,0.5846,0.8516,0.5959,1,0.1928,0.1373,0.9768,0.2376,500.8,1197,57.6,0.5566,610.5,1.571,299.2,0.6141
37,child7,child,-4.5507,1.000,0.000,1.000,14.000,3.000,78.417,-2.655,1102.000,5.847,37.867,2142,2780,124.5,120,2.774,1.435,1.2,1.486,10,0.01848,13.42,8.807,23.17,1.03,16.9,0.1786,39.77,25.73,18.26,1.736,0.4251,974.1,266.7,3.544,127.7,1.628,2.476,28.77,99.76,13.82,8.201,129.7,370.7,90,3.171,2.231,153.8,82.46,221.9,702.6,522.6,120,0.07716,511.3,0.5022,0.7398,0.6486,0.6066,0.9298,0.1767,0.1327,0.6792,0.2848,527.8,926,60.06,0.547,657.4,1.5,364.3,0.5536
37,child8,child,81.2192,22.000,0.000,22.000,99.000,4.000,53.867,-0.732,2920.000,15.640,50.283,2200,2517,140.1,98.52,3.992,1.679,1.2,1.365,10,0.01482,8.273,11.59,24.3,0.893,20,0.1347,48.69,24.38,20.35,1.379,0.3523,1364,273.7,3.96,115,2.133,2.479,21.98,91.06,14.93,6.319,99.38,351.6,86.31,3.563,1.74,159.3,72.31,226.9,667.8,571.4,120,0.06124,564.4,0.4177,0.699,0.7214,0.7189,1,0.1399,0.1236,0.9642,0.3065,521.3,871.3,66.1,0.6591,800,1.5,311.1,0.6227
37,child9,child,96.8569,25.000,1.000,24.000,111.000,25.000,209.633,0.150,3305.000,18.960,49.650,2182,2438,125.2,99.95,3.922,1.541,1.2,1.5,10,0.01737,8.57,8.34,23.39,0.9298,20,0.1373,40.92,28.84,18.75,1.526,0.3843,1231,251.5,3.307,123.9,1.906,2.5,28.3,95.74,13.85,6.945,129.2,359.1,81.39,3.599,2.403,152.9,65.31,213.8,850.9,478.4,113.3,0.07725,404.9,0.4381,0.5779,0.8382,0.7395,1,0.21,0.1393,1,0.2705,508.1,974,69.84,0.6193,548.7,1.68,286.2,0.5555
37,child10,child,67.0427,16.000,0.000,16.000,95.000,21.000,93.250,0.109,2781.000,17.667,50.000,1932,2800,114.2,120,2.807,1.703,1.2,1.39,10.25,0.01951,9.622,7.685,25.19,0.9128,20,0.1568,55.59,38.15,17.74,1.449,0.4862,1280,320.8,3.438,122.3,2.077,2.427,34.25,92.84,14.14,6.801,125.4,326.2,74.07,2.892,2.304,150,72.15,218.8,775,416.8,120,0.08031,383.6,0.3809,0.5593,0.9861,0.6872,1,0.1526,0.1778,0.8902,0.3612,544,1054,56.78,0.5464,601.6,1.751,275.3,0.7965
37,child11,child,131.4154,25.000,1.000,24.000,179.000,40.000,256.067,-0.319,3688.000,23.947,37.717,2200,2800,116.5,120,3.042,1.576,1.2,1.5,10,0.01609,10.25,8.598,24.29,0.8973,19.16,0.1361,40.86,29.24,17.44,1.469,0.3834,1106,294.1,3,140.8,2.24,2.5,26.83,114.1,11.86,6.483,153.4,360.4,80.74,2.578,2.282,154,69.76,160.6,954.5,475.3,119.5,0.06411,420.2,0.5429,0.7081,0.806,0.5653,0.9858,0.2107,0.1708,1,0.3511,533.7,1025,60.84,0.5054,718.1,1.5,291.1,0.5105
37,child12,child,94.0978,27.000,0.000,27.000,85.000,2.000,-54.467,3.222,2203.000,27.740,55.200,1742,2551,129.6,112.9,3.947,1.532,1.062,1.056,10.93,0.01508,10.61,8.94,21.29,0.818,20,0.1345,38.83,39.11,19,1.532,0.3115,1068,276.3,3.658,106.8,1.992,2.5,28.12,120,15.13,6.808,141.4,364.5,71.24,3.192,2.295,150,76.22,225.2,667.4,483.7,112.3,0.07916,418.6,0.4075,0.5628,0.7166,0.7146,0.8752,0.236,0.1285,0.8151,0.2739,442.3,1187,67.02,0.5564,616.7,1.556,272.1,0.5786
37,child13,child,112.8349,30.000,3.000,27.000,139.000,42.000,308.450,0.450,4522.000,30.073,42.317,2084,2786,125.4,91.67,3.319,1.534,0.9756,1.5,11.58,0.02431,10.06,11.91,19.03,0.8636,20,0.1484,37.74,34.04,20.18,1.828,0.3547,1268,247,4.274,100,1.738,2.5,33.52,103.7,16.59,6.079,112.2,311.4,66.72,3.016,2.623,167.9,58.88,202.9,875.9,423.3,120,0.08371,335.2,0.4044,0.6375,0.7856,0.6566,0.8603,0.1844,0.1604,0.9932,0.2456,484.1,1009,61.73,0.5585,579.4,1.5,247.3,0.6825
37,child14,child,158.2491,36.000,0.000,36.000,170.000,42.000,272.900,1.696,4129.000,25.067,56.600,1867,2800,144.7,110.9,3.713,1.802,1.157,1.412,10,0.01623,10.5,8.93,22.94,1.055,20,0.1405,35.86,32.65,17.35,1.381,0.4197,1195,270.6,3.12,109.2,2.154,2.268,33.47,108.4,16.08,7.576,123.2,334.8,81.18,3.354,1.672,150,65.47,218.4,863.8,521.5,100.2,0.05865,361.6,0.5817,0.649,0.7415,0.6572,0.9381,0.212,0.1958,0.8704,0.2718,469.5,1058,50.73,0.6736,692.7,1.5,329.6,0.6102
37,child15,child,112.1064,26.000,0.000,26.000,130.000,36.000,234.833,1.010,3485.000,23.067,61.383,1924,2800,114.2,105.7,3.666,1.744,1.2,1.5,11.46,0.01583,9.559,9.959,16.41,0.8474,20,0.148,33.88,30.39,17.61,1.362,0.4342,1347,263.5,3.038,100,2.044,2.5,32.96,109.4,16.9,5.985,153.9,336.3,75,3.042,2.697,150,73.31,205.5,721.6,427.4,120,0.0744,421.7,0.4728,0.5651,0.7698,0.726,0.9041,0.226,0.1353,1,0.3492,528,1200,54.5,0.7496,636,1.5,344.4,0.567
38,parent,parent,156.7059,35.000,1.000,34.000,170.000,49.000,284.283,1.796,3963.000,25.393,45.083,1867,2800,144.7,110.9,3.713,1.802,1.157,1.412,10,0.01623,10.5,8.93,22.94,1.055,20,0.1405,35.86,32.65,17.35,1.381,0.4197,1195,270.6,3.12,109.2,2.154,2.268,33.47,108.4,16.08,7.576,123.2,334.8,81.18,3.354,1.672,150,65.47,218.4,863.8,521.5,100.2,0.05865,361.6,0.5817,0.649,0.7415,0.6572,0.9381,0.212,0.1958,0.8704,0.2718,469.5,1058,50.73,0.6736,692.7,1.5,329.6,0.6102
38,child0,child,120.6881,28.000,0.000,28.000,168.000,0.000,-11.633,-0.436,3963.000,25.027,47.283,1523,2800,148.2,120,3.705,1.529,1.162,1.461,12.3,0.01445,10.73,7.265,30.18,0.847,17.7,0.1679,27.89,22.27,19.92,1.107,0.4083,1107,273.2,3,102.5,1.756,2.194,29.21,120,15.9,8.545,110.7,351.9,84.77,3.358,1.221,150,56.79,182.9,922.2,515.3,113.5,0.06046,376.9,0.5642,0.6966,0.8277,0.6639,1,0.2407,0.228,1,0.2857,541.3,1044,50.51,0.5831,633.6,1.5,400,0.6048
38,child1,child,57.1274,20.000,0.000,20.000,62.000,-5.000,-77.950,-0.580,2472.000,15.000,48.033,2200,2792,132.8,106,3.604,1.84,1.2,1.5,11.21,0.01539,9.258,9.83,19.74,0.8298,20,0.1464,45.59,34.89,18.31,1.409,0.4194,1165,232.4,3,103.8,2.168,2.5,38.35,91.88,18.04,8.702,123.5,411.1,83.69,4.277,1.503,161.9,70.77,184.1,916.3,590,109.1,0.055,315.8,0.5968,0.7,0.7782,0.5863,0.8254,0.2357,0.2102,0.7702,0.2571,485,1188,57.15,0.677,683.8,1.5,341.2,0.6797
38,child2,child,131.8783,34.000,1.000,33.000,150.000,16.000,72.267,2.106,3972.000,23.833,57.167,1610,2570,127.5,105.1,3.632,1.964,1.2,1.385,10,0.01795,9.834,8.902,23.58,0.985,20,0.1407,28.88,30.72,19.57,1.334,0.4283,1211,262.9,3.773,100,1.952,2.066,34.71,116.6,14.7,8.784,201.4,346.1,87.39,2.943,2.11,192.9,62.33,209,795.3,480.2,101,0.05991,320.3,0.6377,0.698,0.5589,0.5977,1,0.2367,0.2208,1,0.2764,415.2,1133,52.84,0.661,759.5,1.505,261.2,0.6576
38,child3,child,75.6218,24.000,2.000,22.000,73.000,37.000,335.967,1.856,3447.000,23.420,51.133,1887,2653,146.8,105.4,3.931,1.506,0.8951,1.5,10.63,0.01977,12.25,7.6,25.14,1.203,19.65,0.1503,27.95,34.03,17.07,1.371,0.4216,1132,311.8,3,106.6,1.959,2.442,38.7,106.9,13.76,9.571,133.9,350.7,65.69,3.921,1.979,150,52.65,242.2,747.1,559.1,103.3,0.05946,394.2,0.7436,0.5233,0.773,0.6359,0.9162,0.191,0.2103,0.9768,0.2678,395,1004,41.92,0.643,725.7,1.644,297,0.6028
38,child4,child,89.4651,26.000,0.000,26.000,85.000,15.000,170.967,0.487,3067.000,19.593,50.683,1658,2787,173.7,109.7,3.722,1.911,1.2,1.5,11.77,0.01552,8.843,9.444,23.36,0.7891,19.1,0.1241,40.74,27.61,19.36,1.407,0.4639,1401,223,3,106.5,1.835,2.5,31.82,99.81,15.35,7.125,130.4,247.8,85.96,3.454,1.451,181.1,65.52,203.7,1086,524.3,116.1,0.04949,438,0.5918,0.6623,0.8181,0.7098,0.92,0.2123,0.1937,0.858,0.2363,517,942.9,44.99,0.5023,672.2,1.644,400,0.4499
38,child5,child,125.2253,33.000,0.000,33.000,112.000,29.000,238.350,2.596,3317.000,23.113,61.583,1703,2800,172.3,102.7,4.271,1.707,1.2,1.5,11.2,0.01602,9.464,8.995,23.49,1.019,18.92,0.146,38.63,32.2,20.84,1.325,0.3988,1153,339.4,3.005,108.9,2.045,2.404,35.86,114,14.38,9.573,118.5,383.2,84.7,2.512,1.747,150,61.33,225.8,973.6,559.8,100.1,0.0564,368,0.6226,0.5977,0.5446,0.5955,0.7074,0.2583,0.1993,0.8732,0.2529,411.3,933.5,49.07,0.6005,568.3,1.5,307.2,0.5958
38,child6,child,92.3150,20.000,0.000,20.000,142.000,11.000,56.283,-0.959,3403.000,19.280,55.733,1811,2800,176.7,120,3.286,1.601,0.956,1.228,10.23,0.01708,10.61,8.606,19.8,0.9584,19.67,0.1395,37.1,26.54,18.29,1.788,0.3676,1432,243.7,3.189,100,2.552,2.256,38.19,107.8,13.38,9.039,138.8,269.2,87.42,3.721,1.55,181.1,65.24,192.2,997,620.8,97.99,0.05521,338.6,0.6274,0.5,0.7765,0.6302,0.9145,0.2285,0.2165,0.8315,0.2505,482.2,1012,47.49,0.6645,661.2,1.5,400,0.6208
38,child7,child,89.0824,23.000,0.000,23.000,108.000,10.000,142.350,0.819,3212.000,17.607,52.933,2060,2797,122.1,96.45,4.257,1.661,1.162,1.5,10,0.0143,11.73,9.512,24.57,1.167,19.51,0.1427,35.73,28.91,16.18,1.422,0.5075,1213,216,3.117,102.3,2.325,2.1,30.77,102.9,15.92,7.114,119.6,285.9,90,3.034,1.709,150,55.5,183.1,765.3,515.4,115.3,0.05908,292.1,0.5561,0.778,0.8068,0.666,0.997,0.1966,0.193,0.8936,0.2514,427.1,1014,43.93,0.7187,800,1.5,326,0.6639
38,child8,child,44.8246,17.000,1.000,16.000,73.000,-6.000,-67.067,0.357,2941.000,18.560,60.467,2043,2800,135.1,120,3.707,1.877,0.9457,1.5,11.1,0.01699,9.54,8.736,25.35,1.131,20,0.143,38.44,35.61,15.56,1.416,0.3613,1045,296.9,3.334,100,1.836,2.227,33.33,103.6,13.32,8.88,123.2,392,84.29,3.514,1.423,156.8,50.27,205.8,909.4,487.9,105,0.05041,415.1,0.6886,0.604,0.7679,0.6068,0.8027,0.1604,0.21,0.7817,0.2548,479.6,1200,46.87,0.5964,800,1.584,282.9,0.558
38,child9,child,78.7160,25.000,0.000,25.000,79.000,9.000,76.183,1.029,3027.000,18.887,74.633,1639,2158,148.4,104.7,5.127,1.563,1.114,1.5,12.54,0.01771,10.88,8.795,19.31,0.8212,19.5,0.1253,35.45,27.03,15.74,1.413,0.4154,1175,262.6,3.566,100,2.312,2.21,35.02,101.6,17.72,8.243,114.4,422.9,90,4.345,1.614,150,51,229.2,934.1,498.3,111.9,0.05542,382.2,0.5319,0.5,0.7836,0.6834,1,0.1726,0.1985,0.8287,0.2134,478.2,1096,44.34,0.784,610.2,1.5,358.6,0.5579
38,child10,child,147.3602,37.000,0.000,37.000,163.000,17.000,175.983,2.268,4261.000,26.053,79.783,1757,2780,139,111.7,4.524,1.68,1.2,1.477,10,0.0157,8.745,8.7,28.74,1.311,17.44,0.1403,28.93,34.68,17.29,1.491,0.4193,1080,275.2,3.142,119.4,2.068,2.097,38.78,94.9,16.6,9.054,141.4,257.6,71.05,3.584,1.661,155.4,54.54,217.7,754.7,515.2,89.2,0.0685,385.7,0.6194,0.7119,0.6707,0.7199,1,0.1991,0.1912,0.9102,0.2456,456.2,801.3,51.98,0.6762,707.3,1.5,328.8,0.8
38,child11,child,106.8607,23.000,0.000,23.000,146.000,17.000,159.117,-0.027,3402.000,20.980,55.900,1950,2800,154.6,114.7,3.456,1.677,1.2,1.5,10.03,0.01556,10.39,9.845,24.53,0.8674,20,0.1612,34.45,34.19,18.23,1.368,0.4641,1164,266.6,3.575,105.7,2.44,1.805,34.23,110.9,16.55,7.345,126.9,345.3,90,3.737,1.947,150,61.64,224.7,774.1,604.3,90.58,0.05239,436,0.5795,0.7341,0.9441,0.6901,0.8989,0.1811,0.1892,0.7724,0.2684,497.4,1200,50.72,0.7943,665.1,1.692,317.1,0.6597
38,child12,child,125.8412,28.000,2.000,26.000,158.000,39.000,322.000,1.068,3640.000,24.027,71.300,2200,2267,163.6,120,4.263,1.943,1.102,1.5,10,0.01663,10.17,10.62,23.52,1.007,18.23,0.1522,33.39,40.71,15.63,1.52,0.4728,1096,280.9,3,124.8,2.285,2.5,27.9,96.89,16.25,8.113,130.4,367.5,75.67,3.521,1.862,153.1,60.09,187.5,869.6,639.9,93.5,0.05405,444,0.4253,0.5849,0.8225,0.592,0.9578,0.2504,0.1795,0.9257,0.2702,447.1,1100,55.91,0.5688,784.7,1.584,299.9,0.7334
38,child13,child,31.2327,10.000,0.000,10.000,54.000,4.000,52.650,-0.984,2091.000,11.933,50.250,1864,2467,131,116.1,3.149,1.768,1.2,1.175,11.63,0.02047,13.12,8.455,21.38,1.087,20,0.1351,33.21,26.1,18.46,1.36,0.3798,1136,263.3,3.138,123.6,2.105,2.5,39.77,104,16.16,7.388,134,335.2,90,3.659,1.537,150,68.01,257.9,875.8,570.6,120,0.05754,418.5,0.5212,0.6505,0.6066,0.5921,0.9717,0.2399,0.2002,0.9054,0.2782,482.8,821.2,46.02,0.6321,742.8,1.559,379.8,0.5783
38,child14,child,121.4779,25.000,0.000,25.000,153.000,12.000,95.083,2.004,2786.000,33.760,40.900,1674,2800,132.1,118.5,4.154,2,1.175,1.272,10,0.01557,13.1,8.545,19.11,0.992,19.47,0.1392,45.25,28.58,14.55,1.491,0.4015,1350,242.9,4.032,100,2.05,1.976,34.04,120,13.2,7.785,130.7,283,74.02,4.297,1.777,154.8,66.64,225.6,1009,421,99.63,0.07451,273,0.5641,0.6628,0.7635,0.7016,0.8677,0.2424,0.2051,0.672,0.3064,441.5,1046,65.57,0.638,662.2,1.746,317,0.6386
38,child15,child,75.2826,25.000,2.000,23.000,73.000,13.000,126.433,1.957,2905.000,26.380,46.367,1962,2800,128,118,3.988,1.745,1.2,1.397,11.43,0.01433,10.7,9.812,22.97,0.9014,19.36,0.1531,31.4,32.32,16.2,1.595,0.3945,1453,308.7,3,111.5,2.054,2.232,32.46,120,15.88,8.014,123.5,387.8,74.73,3.001,1.93,150,65.36,228.4,796.9,443.2,95.33,0.06317,423.7,0.6345,0.6152,0.6695,0.5748,0.8364,0.2269,0.17,0.9984,0.2975,508.6,1040,60.85,0.6878,800,1.577,324.4,0.7341
39,parent,parent,142.1422,33.000,2.000,31.000,169.000,40.000,252.133,0.647,4202.000,24.140,42.900,1867,2800,144.7,110.9,3.713,1.802,1.157,1.412,10,0.01623,10.5,8.93,22.94,1.055,20,0.1405,35.86,32.65,17.35,1.381,0.4197,1195,270.6,3.12,109.2,2.154,2.268,33.47,108.4,16.08,7.576,123.2,334.8,81.18,3.354,1.672,150,65.47,218.4,863.8,521.5,100.2,0.05865,361.6,0.5817,0.649,0.7415,0.6572,0.9381,0.212,0.1958,0.8704,0.2718,469.5,1058,50.73,0.6736,692.7,1.5,329.6,0.6102
39,child0,child,105.5424,23.000,1.000,22.000,161.000,17.000,196.150,-0.016,3891.000,22.460,71.167,1691,2591,146.7,101.2,3.026,1.828,1.015,1.469,10.6,0.02039,8.673,8.929,25.26,1.507,19.26,0.1569,32.73,28.25,17.09,1.405,0.3995,1364,215.5,3.244,109.8,1.984,2.5,35.65,109.7,18.46,8.144,133.8,384.1,90,3.261,1.927,150,54.55,211.6,926.2,478.2,117.2,0.05852,378.6,0.5363,0.617,0.7454,0.6766,1,0.2344,0.1897,0.8947,0.3702,397.6,1133,51.67,0.7547,529.9,1.874,301.4,0.5092
39,child1,child,131.7469,32.000,1.000,31.000,146.000,15.000,232.367,2.828,3655.000,22.860,44.783,1633,2328,145.7,97.82,3.229,1.57,0.9123,1.26,12.08,0.01586,9.371,9.176,25.92,1.18,19.41,0.1529,33.39,34.1,19.44,1.563,0.4363,1163,268.7,3,100,2.241,2.402,34.53,110.6,17.4,7.161,131.9,299.1,72.78,3.523,1.62,154.2,63.12,237.3,866.2,524.9,87.2,0.05905,391.7,0.6234,0.5196,0.6351,0.5319,0.9986,0.1916,0.1986,0.6893,0.265,441.7,1016,51.65,0.5301,800,1.609,377.5,0.6127
39,child2,child,43.7314,19.000,2.000,17.000,65.000,3.000,-110.067,0.912,3126.000,19.167,54.467,1874,2800,121.6,107.7,3.646,1.824,1.113,1.195,10.22,0.01812,10.84,7.965,19.8,1.133,20,0.1464,40.58,38.63,16.36,1.446,0.4094,1159,333.7,3.219,113.4,2.518,1.896,31.46,90.59,18.57,9.539,101.8,366.3,71.8,3.805,1.934,182.3,66.91,180.7,778.7,496.4,120,0.05152,280.6,0.486,0.7678,0.5935,0.6991,0.8263,0.2616,0.1995,0.9775,0.2184,459.6,1200,46.76,0.5719,694.8,1.662,298.4,0.6187
39,child3,child,47.5519,20.000,4.000,16.000,69.000,11.000,82.033,2.214,3212.000,28.327,49.433,1675,2449,116.9,100.7,3.435,1.93,1.2,1.5,11.06,0.0168,10.87,8.291,25.18,0.9222,18.48,0.1289,34.31,29.84,16.88,1.373,0.4334,1102,237.6,3,101.2,2.062,2.17,37,111.3,17.5,5.665,116.1,353.8,63.66,4.384,1.852,150,79.51,235.7,1219,590,112,0.05792,376.6,0.6199,0.7922,0.9823,0.7766,0.7959,0.2024,0.2117,0.903,0.2903,492.3,1195,50.33,0.7359,800,1.5,361.7,0.5739
39,child4,child,77.7338,20.000,0.000,20.000,93.000,27.000,302.917,0.001,3134.000,30.233,58.617,1536,2787,163.5,120,4.04,1.674,1.2,1.5,10.14,0.01809,10.48,8.454,22.63,1.101,20,0.1333,31.05,35.4,16.56,1.553,0.3885,1210,302.6,3,100,1.908,2.406,35.63,120,14.89,7.196,124.5,325.7,64.43,3.021,1.87,152.5,54.23,223.6,793.5,542.2,102.6,0.05179,355.4,0.4535,0.596,0.8957,0.6566,1,0.2117,0.1899,0.8018,0.3472,476.1,884.3,48.58,0.6524,800,1.955,285.7,0.5425
39,child5,child,70.9672,17.000,0.000,17.000,86.000,34.000,235.167,-1.763,2662.000,15.513,54.833,2081,2620,171.3,104.9,3.624,1.833,1.2,1.5,10,0.01678,10.86,9.501,24.83,1.142,18.55,0.1653,38.09,26.34,20.24,1.284,0.4592,1059,273.5,3.416,100.8,2.264,2.092,30.19,107.3,18.71,10.32,129.2,322.3,90,3.871,1.857,156.3,68.55,197.1,935.7,448.3,79.75,0.05152,343.3,0.5835,0.649,0.7355,0.7103,0.9393,0.2199,0.1685,0.8724,0.281,491.9,970.9,54.14,0.6649,760.8,1.5,332.3,0.7783
39,child6,child,85.4257,25.000,1.000,24.000,98.000,21.000,104.917,0.949,3523.000,21.420,49.750,1787,2800,141.6,97.07,3.563,1.911,1.2,1.5,10,0.01668,10.57,9.811,23.36,1.317,20,0.1443,35.05,30.68,14.18,1.451,0.3595,1134,259.5,3.035,112.1,1.761,2.16,34,93.63,18.92,7.752,138.4,331.5,76.6,3.182,1.811,150,61.87,229.3,710.8,416.9,106.4,0.05969,387.4,0.8,0.6714,0.7371,0.5957,1,0.1906,0.2154,1,0.3353,383.7,804,50.59,0.7453,681.5,1.5,326,0.5608
39,child7,child,167.5669,41.000,0.000,41.000,173.000,31.000,234.867,2.698,4438.000,25.760,72.233,1447,2800,143.2,116.1,4.047,1.806,1.143,1.45,10.92,0.01743,10.99,6.94,24.05,1.016,19.04,0.1386,41.75,33.42,17.72,1.383,0.4676,1535,289.1,3,143.9,2.201,2.341,36.68,109.9,16.9,6.626,143.9,356.8,90,3.449,1.348,150,63.63,241.2,881.5,669.7,96.25,0.07331,459.1,0.5942,0.618,0.8754,0.6707,1,0.2437,0.1626,0.9361,0.294,575.4,1077,54.07,0.6248,655.3,1.5,319.1,0.6003
39,child8,child,43.4093,13.000,0.000,13.000,64.000,-2.000,-45.617,0.155,2091.000,11.207,43.250,2175,2707,140.9,112.1,4.257,1.894,1.05,1.407,10,0.01363,10.6,7.468,21.5,1.1,20,0.1089,41.27,34.57,19.7,1.275,0.3875,1414,268,3.447,113.6,2.317,2.474,41.68,91.04,16.04,8.313,130.9,350.1,90,3.271,1.588,181.1,84.15,250,874.7,427.1,98.89,0.0543,400.9,0.6448,0.7677,0.7733,0.5332,0.9059,0.2121,0.2214,0.9475,0.3003,447.5,936.5,61.09,0.67,683.8,1.801,375.4,0.6319
39,child9,child,82.6588,20.000,0.000,20.000,109.000,18.000,29.383,0.269,2881.000,16.267,57.267,2200,2800,151.8,120,3.286,1.635,1.057,1.476,10,0.01468,11.26,8.29,20.38,1.154,20,0.1307,35.31,39.67,20.29,1.652,0.4518,1253,343.7,3.566,103.7,1.652,2.379,34.44,100.5,18.41,7.521,113.1,380.9,88.76,4.126,1.46,150,75.78,205.8,842.7,534.9,118,0.04666,330.3,0.6742,0.6422,0.6933,0.6444,1,0.2256,0.1916,0.8572,0.2873,522.9,992.6,53.74,0.6564,637.7,1.637,335,0.5516
39,child10,child,133.9199,36.000,0.000,36.000,119.000,28.000,260.617,2.324,3849.000,25.847,44.800,1667,2399,143.9,90.67,3.915,1.886,1.2,1.258,10,0.01417,11.13,7.683,23.05,1.059,16.9,0.129,28.16,32.74,15.51,1.215,0.444,1087,333.3,3,103.9,2.447,2.033,30.69,111.6,16.42,7.231,126.2,410.3,79.38,2.921,1.733,150,61.72,202.1,801.3,526.7,92.92,0.04919,405.6,0.5478,0.6882,0.6778,0.6762,0.8333,0.2221,0.1851,0.6082,0.2803,488.3,1182,46.17,0.5885,560.8,1.5,322.6,0.7057
39,child11,child,133.4702,36.000,0.000,36.000,124.000,17.000,188.267,3.004,3784.000,23.640,49.933,1665,2763,136.7,96.78,5.016,1.8,1.094,1.423,10,0.01612,9.737,8.398,24.36,1.159,20,0.1321,34.79,33.34,15.48,1.41,0.4479,1181,271.6,3,100,2.593,2.216,37.73,120,16.91,9.005,133.6,339,85.6,3.27,1.81,150.1,59.64,241.4,1018,500.4,100.3,0.07123,349.1,0.4766,0.6302,0.7,0.6037,1,0.1989,0.1826,1,0.2386,432.9,975,46.71,0.7157,697.4,1.5,356.4,0.7581
39,child12,child,107.3196,26.000,0.000,26.000,141.000,12.000,103.517,1.037,3721.000,23.493,66.100,2098,2800,145.9,93.38,3.549,1.588,1.106,1.411,12.37,0.01587,9.816,8.774,25.21,1.146,19.63,0.1316,42.18,35.38,18.3,1.353,0.4213,1160,238,3,121.2,1.819,2.5,33.47,102.5,20.42,7.697,135.8,448.6,76.49,2.96,1.534,197.3,63.92,206.3,751.3,490,109.8,0.05766,299.4,0.5376,0.5192,0.7087,0.7182,0.9004,0.1666,0.2026,0.8876,0.3366,539.3,925.2,48.1,0.7677,591.7,1.57,346.2,0.6477
39,child13,child,109.3909,28.000,1.000,27.000,112.000,38.000,402.183,0.548,3668.000,23.587,44.883,2011,2800,129,96.37,4.457,1.529,0.9767,1.5,10,0.01964,12.79,9.007,27.43,1.233,20,0.145,40.63,28.6,19.73,1.454,0.4288,1042,251.6,3.052,100,2.32,2.162,30.94,120,19.09,6.557,126,327.7,90,3.377,1.826,150,78.25,185.5,894.4,494.4,102.6,0.04778,450.8,0.5351,0.593,0.7269,0.6512,0.9744,0.2268,0.1853,0.8623,0.2477,540.1,1200,41.46,0.5869,764.8,1.644,326.2,0.542
39,child14,child,41.8382,16.000,2.000,14.000,66.000,-2.000,-30.400,-1.046,2487.000,15.193,52.417,1942,2630,172.2,120,3.443,1.879,1.2,1.375,10,0.01781,11.68,8.65,22.51,1.02,17.95,0.1674,31.65,36.58,17.38,1.508,0.4605,1255,249.8,3.763,107.3,1.849,2.383,30.73,100.5,13.33,6.327,123.8,342,90,3.243,2.099,212.7,62.23,249.5,688.2,556.6,120,0.04699,415.2,0.6989,0.6349,0.8181,0.6339,0.8224,0.2368,0.2394,0.8662,0.2241,509.9,1200,53.23,0.7541,719.7,1.72,360.6,0.6887
39,child15,child,129.1930,29.000,1.000,28.000,136.000,25.000,253.817,1.365,2526.000,28.807,54.250,1525,2589,126.4,113.2,4.538,1.292,1.16,1.5,11.13,0.02032,9.928,7.576,21.11,0.9773,20,0.1237,32.65,36.26,18.33,1.344,0.3657,1188,291.8,3.245,100,1.954,2.151,38.93,109.8,18.12,6.906,104.9,325.3,59.39,3.773,1.731,150,67.15,219.6,765.9,478.9,102.7,0.05079,348.4,0.5969,0.6384,0.5366,0.5992,0.9091,0.2006,0.1757,0.7669,0.3026,605.1,1200,56.21,0.6117,702.8,1.5,342.4,0.6274
40,parent,parent,83.1797,26.000,3.000,23.000,106.000,14.000,28.983,0.871,3433.000,20.673,62.383,1447,2800,143.2,116.1,4.047,1.806,1.143,1.45,10.92,0.01743,10.99,6.94,24.05,1.016,19.04,0.1386,41.75,33.42,17.72,1.383,0.4676,1535,289.1,3,143.9,2.201,2.341,36.68,109.9,16.9,6.626,143.9,356.8,90,3.449,1.348,150,63.63,241.2,881.5,669.7,96.25,0.07331,459.1,0.5942,0.618,0.8754,0.6707,1,0.2437,0.1626,0.9361,0.294,575.4,1077,54.07,0.6248,655.3,1.5,319.1,0.6003
40,child0,child,-16.5838,8.000,3.000,5.000,7.000,-13.000,-223.700,-0.962,2151.000,11.640,48.550,1550,2690,156.6,103.9,4.664,1.837,1.193,1.248,10.37,0.01646,11.64,6.521,24.29,0.8848,19.61,0.1631,44.38,35.13,17.87,1.376,0.402,1525,278.9,3,153.1,2.41,2.354,34.32,77,18.18,5.224,182.3,302.9,90,2.953,1.288,150,56.48,236.1,924.9,588.6,88.94,0.07718,517.4,0.6097,0.6577,0.7612,0.5901,1,0.2169,0.1649,1,0.2796,563.1,945.7,58.03,0.7023,584.7,1.634,302.2,0.5117
40,child1,child,144.6147,29.000,0.000,29.000,179.000,26.000,232.833,0.541,3410.000,23.740,55.383,1504,2800,161.5,112.9,3.968,1.785,1.17,1.472,11.22,0.01799,9.584,7.389,24.52,1.148,16.12,0.1476,49.81,28.73,21.34,1.422,0.4455,1440,320.3,3,115.1,2.356,2.5,33.91,114.7,16.38,5.665,125.6,342.8,90,3.443,1.439,150,56.72,255.3,981.7,613.8,94.84,0.0903,440.9,0.8,0.6851,0.7654,0.7655,0.938,0.2463,0.1486,0.7673,0.2515,539.4,919.7,59.62,0.7349,734.3,1.5,314.7,0.646
40,child2,child,73.6038,24.000,0.000,24.000,90.000,-3.000,-37.867,0.860,3524.000,20.440,51.850,1386,2800,141.1,119.9,3.158,1.969,0.8151,1.217,11.4,0.01726,10.16,6.607,24.04,0.9654,20,0.1377,52.48,29.9,16.04,1.228,0.4843,1428,358.6,3.002,150.5,1.982,2.491,32.79,96.82,16.1,7.204,152.5,343.4,90,3.477,1.669,150,71.51,216.7,914,673.8,83.56,0.05369,489.6,0.7262,0.5724,1,0.5528,0.976,0.2639,0.1252,0.9303,0.3276,597.4,1096,50.63,0.6037,678,1.5,321.7,0.6666
40,child3,child,133.5016,32.000,2.000,30.000,156.000,33.000,277.850,2.168,4026.000,25.793,49.000,1743,2469,139.8,114,3.78,2,1.169,1.245,10,0.02042,10.61,6.23,20.53,0.9374,18,0.1781,51.11,34.58,14.94,1.557,0.3423,1562,261.6,3,103,1.899,2.269,33.91,109.1,17.38,7.291,144.5,364.8,83.28,3.62,1.342,150,62.42,282.6,920.2,741.8,107.9,0.07312,523.5,0.6029,0.6748,0.8761,0.6513,0.9797,0.2285,0.1385,1,0.2838,504,1119,62.76,0.7882,631.1,2.028,352.6,0.6011
40,child4,child,30.9314,9.000,0.000,9.000,71.000,-8.000,-131.783,-0.738,2121.000,10.820,46.717,1625,2800,140.4,120,4.263,1.702,1.182,1.341,12.64,0.01489,11.3,7.405,20.2,0.9241,18.95,0.1535,36.8,31.67,16.79,1.418,0.4864,1772,322.8,3.578,147.8,2.032,2.5,38.3,103.8,17.55,8.121,124,341.5,87.99,3.104,1.498,150,67.86,187.9,818.9,677.8,84.34,0.08754,544.2,0.6509,0.5,1,0.6795,0.9074,0.2298,0.1487,0.7891,0.2801,538.1,1181,52.78,0.6675,674.5,1.696,299.4,0.6712
40,child5,child,64.3277,19.000,0.000,19.000,81.000,18.000,149.700,1.131,3273.000,26.333,49.683,1363,2258,143.1,110.1,3.037,1.93,1.03,1.5,10.86,0.01701,11.9,8.461,21.81,1.017,19.87,0.1248,46.1,29.45,19.9,1.109,0.4076,1615,313.7,3,148.9,2.132,2.211,36.56,120,15,6.669,143.2,366,74.33,2.898,1.388,176.7,67.46,186.7,705.7,706.5,96.57,0.06963,398.2,0.6083,0.6086,0.9929,0.6261,0.881,0.293,0.1949,0.9214,0.3296,597,1200,49.49,0.5623,581.6,1.5,281.9,0.5412
40,child6,child,152.6209,38.000,0.000,38.000,156.000,24.000,154.233,2.788,4081.000,24.460,54.017,1690,2800,119.5,105.9,4.076,2,1.084,1.391,10.7,0.0194,12.89,6.11,21.18,1.166,18.74,0.1441,38.03,33.56,16.52,1.631,0.4289,1392,318.8,3.77,140.4,1.912,2.253,29.95,116.1,14.12,5.76,136.7,332,90,3.485,1.377,150,70.27,222.6,965.7,669.9,99.5,0.07644,447.9,0.6763,0.6235,0.9398,0.7085,1,0.2449,0.1722,1,0.2621,539.6,1135,44.7,0.5904,704.3,1.5,339,0.6512
40,child7,child,156.9248,32.000,0.000,32.000,187.000,55.000,262.983,1.296,4112.000,24.593,59.033,1526,2800,148.3,111,4.267,1.315,1.046,1.377,10,0.02262,12.44,6.551,23.09,0.931,17.32,0.1485,44.68,30.31,22.59,1.475,0.4847,1670,238.2,3,123.2,2.167,2.5,43.47,120,15.6,5.922,128.5,307.5,83.17,3.532,1.314,150,70.97,192.9,607.9,655.5,97.28,0.06868,393,0.663,0.5236,0.7251,0.6421,1,0.2427,0.133,0.9617,0.2682,604,1004,61.54,0.508,520.4,1.5,315,0.7089
40,child8,child,76.9777,25.000,1.000,24.000,86.000,10.000,95.250,2.521,3423.000,18.793,70.783,1449,2549,135.4,88.64,3.61,1.407,1.2,1.117,11.68,0.01688,11.19,6.644,20.63,0.8162,20,0.1619,43.89,31.68,21.6,1.626,0.4588,1511,235.6,3.305,121.4,2.03,2.017,38.37,93.8,21.96,5.314,154.2,318.1,90,3.731,1.169,150,52.48,177.7,971.5,568.6,89.37,0.09752,476.1,0.5428,0.8163,0.9079,0.5858,0.877,0.196,0.1692,0.9324,0.2477,610.5,905.8,63.07,0.5657,649.4,1.5,383.9,0.4985
40,child9,child,110.3667,24.000,1.000,23.000,141.000,49.000,326.617,0.151,3786.000,24.793,52.017,1415,2761,158.6,120,4.093,1.874,1.2,1.5,10,0.0181,13.37,7.58,24.34,0.896,20,0.1085,49.13,32.97,17.9,1.596,0.4648,1403,212.7,3,139.5,1.985,2.137,41.96,120,20.5,6.317,143.3,344.8,81.82,3.383,1.04,175.2,50.46,272.1,995.3,791.3,90.81,0.07254,408.7,0.7764,0.6602,0.8632,0.6917,1,0.2075,0.1371,0.8826,0.3188,659.4,1093,52.16,0.6375,573.5,1.5,374.7,0.5787
40,child10,child,146.8568,34.000,0.000,34.000,172.000,25.000,187.183,1.763,4168.000,24.733,66.150,1416,2604,161,120,4.196,1.662,1.135,1.397,10.75,0.0166,12.7,7.011,27.14,0.9529,20,0.1279,34.68,34.28,20.06,1.461,0.5275,1378,244.2,3,133.9,2.652,2.176,38.49,120,14.62,6.559,134.2,402.5,90,3.076,1.269,150,63.68,216.3,944.7,764.1,87.3,0.07196,468.6,0.5418,0.7504,1,0.6128,1,0.2776,0.178,0.8796,0.3022,647.2,809.1,48.36,0.6022,702.5,1.66,295.2,0.4451
40,child11,child,156.9197,35.000,0.000,35.000,175.000,31.000,232.767,2.276,4034.000,24.553,47.783,1672,2701,146.6,115.4,3.213,1.913,1.104,1.5,10,0.01855,11.95,5.949,24.3,1.044,20,0.144,40.29,29.95,16.82,0.9654,0.464,1459,268.5,3,151.6,2.11,2.306,39.11,114.7,17.42,6.023,138,397.6,88.37,3.515,1.251,186.7,59.62,244.3,697.5,672.7,112.8,0.07625,454.3,0.6758,0.5597,0.818,0.6515,1,0.2661,0.1724,0.9412,0.2673,701.4,1099,50.4,0.6186,692.1,1.5,287.9,0.6608
40,child12,child,127.7434,33.000,1.000,32.000,133.000,39.000,277.467,2.082,4077.000,24.653,59.117,1333,2523,141.3,110.6,3.834,1.791,1.032,1.459,11.99,0.0186,12.23,7.313,23.53,1.166,18.8,0.2025,42.47,39.4,19.49,1.659,0.5935,1317,309.2,3.284,130.3,2.494,2.5,36.16,115,17.63,6.24,149.4,330.1,83.86,3.135,1.651,150,69.02,260,918.1,767.8,97.41,0.06686,501.2,0.5111,0.5432,0.8828,0.6873,0.9005,0.2216,0.1633,0.9147,0.3384,604.8,1051,60.47,0.5964,634.2,1.5,363.1,0.6728
40,child13,child,88.2200,21.000,0.000,21.000,94.000,43.000,269.467,0.529,2855.000,18.453,56.383,1349,2800,127.4,113,3.863,2,1.134,1.331,12.17,0.0177,10.84,6.149,24.92,0.9229,15.03,0.1357,38.15,33.62,14.62,1.523,0.4708,1663,299,3,154.7,2.627,2.083,35.99,97.28,17.91,6.84,137.1,468.2,90,3.554,1.242,166.7,58.83,240.5,878.1,762.8,95.63,0.07635,437.4,0.6138,0.6948,0.7528,0.8645,0.8656,0.2469,0.1448,1,0.3234,496.4,1092,53.41,0.4875,800,1.672,352.3,0.601
40,child14,child,158.9022,36.000,0.000,36.000,166.000,38.000,304.283,0.718,3856.000,23.160,52.667,1320,2800,151.4,120,4.054,1.953,1.117,1.5,10,0.01627,9.292,7.94,22.52,0.7486,19.12,0.1603,41.9,28.21,16.42,1.369,0.5514,1682,283.6,3.217,152.3,2.619,2.319,32.69,120,17.15,5.672,159.7,433.2,90,3.063,1.557,155.5,65.79,246.9,986,775.9,96.93,0.06847,486.3,0.5598,0.598,0.8151,0.5772,1,0.2007,0.1978,0.7173,0.2606,503.8,951,57.53,0.5517,721,1.5,329.8,0.5487
40,child15,child,63.4467,20.000,2.000,18.000,85.000,3.000,43.117,0.459,2771.000,16.800,53.550,1729,2800,126.1,105.6,4.256,1.606,1.2,1.377,10,0.0146,11,7.588,23.24,0.8625,17.04,0.1625,36.1,31.93,20.95,1.238,0.4819,1674,302.8,3,157.1,2.08,2.01,38.98,95.11,14.08,6.066,128.4,287.6,86.84,3.549,1.417,153.6,70.56,238.6,992.3,670.5,110.9,0.07112,474.8,0.7177,0.549,0.7623,0.5649,1,0.283,0.2263,0.7732,0.2823,549.6,975.8,79.69,0.6705,723.4,1.549,371,0.677
41,parent,parent,153.6363,35.000,0.000,35.000,171.000,29.000,237.717,1.117,4036.000,24.880,51.283,1320,2800,151.4,120,4.054,1.953,1.117,1.5,10,0.01627,9.292,7.94,22.52,0.7486,19.12,0.1603,41.9,28.21,16.42,1.369,0.5514,1682,283.6,3.217,152.3,2.619,2.319,32.69,120,17.15,5.672,159.7,433.2,90,3.063,1.557,155.5,65.79,246.9,986,775.9,96.93,0.06847,486.3,0.5598,0.598,0.8151,0.5772,1,0.2007,0.1978,0.7173,0.2606,503.8,951,57.53,0.5517,721,1.5,329.8,0.5487
41,child0,child,133.0572,33.000,0.000,33.000,132.000,29.000,316.417,2.706,3767.000,24.507,53.033,1267,2800,136.6,110.4,3.863,1.64,1.068,1.356,10,0.01552,9.119,7.195,22.55,0.6958,20,0.15,46.25,32.76,18.47,1.29,0.4585,1565,296.5,3.063,138.8,2.765,2.339,31.19,116.8,18.23,6.604,175.8,421.4,90,2.999,2.195,150,55.31,281.5,850.4,685,80.89,0.05998,439.5,0.5728,0.577,0.941,0.5303,0.8694,0.1908,0.2062,0.6366,0.3126,502.8,781.3,67.62,0.5338,800,1.5,294.8,0.4939
41,child1,child,129.1897,34.000,3.000,31.000,151.000,22.000,247.700,2.118,4060.000,27.267,63.967,1023,2800,126.1,117.9,3.645,2,0.8669,1.407,12.76,0.01695,8.809,9.256,24.11,0.7306,17.91,0.1504,41.27,28.07,12.73,1.235,0.5898,1894,294.3,4.03,199,2.613,2.5,37.96,118.6,14.52,5.749,164.6,400.1,90,3.253,1.836,150,70.78,224.9,1282,762.4,98.71,0.06381,404,0.5948,0.6089,0.8202,0.5767,1,0.1755,0.2084,0.6436,0.2515,481.7,927.6,44.72,0.5678,778.9,1.764,314.7,0.4223
41,child2,child,139.6254,21.000,0.000,21.000,210.000,22.000,334.567,-2.850,3112.000,19.273,49.933,1043,2800,141.8,120,4.563,1.535,1.2,1.365,10,0.01828,9.341,9.135,21.99,0.8202,18.88,0.1809,32.45,25.82,20.64,1.284,0.5445,1463,239.3,3.306,157.3,3,2.419,29.31,119.5,17.09,5.667,178.6,447.8,90,2.992,1.785,151.9,72.35,244.7,977.1,900,103.3,0.06622,507.5,0.5786,0.6051,0.7658,0.4777,0.9424,0.1821,0.1826,0.5754,0.2598,463.1,1077,53.75,0.6158,688.5,1.646,344.8,0.5899
41,child3,child,110.9162,28.000,0.000,28.000,124.000,12.000,201.617,0.310,3472.000,22.327,47.183,1653,2709,182.8,109.4,4.448,1.909,1.198,1.198,11.43,0.01493,8.391,6.577,25.07,0.8111,16.8,0.1637,51,24.96,16.66,1.229,0.5527,1707,242.4,3,159,2.893,2.171,33.12,115.9,14.91,5.751,200.2,493.7,83.41,3.854,1.597,150,58.86,224.2,772.1,900,108.1,0.06973,558.5,0.5621,0.5572,0.9569,0.523,0.9172,0.2381,0.1928,0.5325,0.2612,462,845.8,60.42,0.6575,745,1.5,344.1,0.5331
41,child4,child,90.5593,22.000,1.000,21.000,117.000,19.000,239.567,-1.265,3151.000,19.813,54.083,1527,2800,156.2,118.4,3.361,1.943,1.053,1.466,10.67,0.01487,9.129,7.687,24.32,0.7797,17.87,0.1586,35.3,29.84,16.83,1.209,0.5321,1704,326.6,3,119.3,3,2.258,34.61,111.9,16.06,5.651,163.6,460.4,90,3.464,1.542,153.9,58.15,261.6,850.8,837.3,84.48,0.06712,515.5,0.5366,0.687,0.7956,0.4841,1,0.1962,0.2488,0.6343,0.2857,482.7,896.2,63.34,0.457,724.2,1.5,325.2,0.5644
41,child5,child,161.1790,34.000,0.000,34.000,137.000,54.000,356.583,2.913,2173.000,28.307,41.483,1186,2510,164.4,102.7,4.683,1.763,1.2,1.5,10,0.01721,10.03,7.548,20.71,0.7536,18.61,0.137,43.91,32.33,13.16,1.326,0.6501,1641,256.1,3.651,155.9,2.477,2.248,36.65,120,17.75,5.984,174.1,441.2,80.65,3.893,1.363,152.3,73.78,237.2,1094,826.8,112.1,0.06473,438.9,0.5196,0.6184,0.7998,0.5693,0.9686,0.183,0.2185,0.6618,0.2774,428,894.3,62.45,0.5344,800,1.795,342.4,0.4909
41,child6,child,179.7927,40.000,0.000,40.000,194.000,35.000,228.733,1.363,4185.000,26.200,49.933,1769,2800,136.7,119,4.508,1.6,0.9758,1.5,10,0.01809,12,9.574,23.17,0.887,20,0.144,38.57,36.33,15.65,1.08,0.5706,1500,329.2,3.365,157.5,2.569,1.977,36.1,120,15.7,4.928,149.8,350.1,88.33,3.415,1.508,150,63.7,270.3,982.4,677,94.89,0.06362,498.8,0.5819,0.5573,0.6347,0.4072,1,0.2289,0.1988,0.6562,0.2653,490.9,1027,64.17,0.6062,631.7,1.601,332.3,0.5348
41,child7,child,102.0577,26.000,0.000,26.000,115.000,14.000,170.183,0.035,3130.000,22.500,61.133,1493,2800,174.5,114.1,4.822,1.905,1.2,1.276,10,0.01575,9.309,7.858,22.74,0.8309,19.03,0.1748,37.61,27.45,15.54,1.401,0.5027,1421,278.8,3,138.3,2.836,1.819,38.34,120,17.51,5.54,178.4,464.6,83.34,2.865,1.292,150,83.21,265.2,1068,761.2,81.33,0.06402,484.8,0.614,0.5724,0.754,0.661,1,0.2012,0.1904,0.5327,0.2377,514.9,1200,58.74,0.5617,800,1.5,336.6,0.6031
41,child8,child,136.5472,41.000,2.000,39.000,120.000,29.000,182.817,2.096,4322.000,27.287,50.083,1394,2213,117.9,120,3.778,1.954,1.2,1.5,10,0.01828,9.207,6.215,25.94,0.7734,15.15,0.1745,43.87,32.55,16.79,1.254,0.5564,1809,383.3,3,134.1,2.176,2.099,29.41,100.3,12.37,6.753,162.7,456.2,77.78,3.651,1.64,156.7,68.91,238.9,989.1,670.3,84.26,0.07822,523.1,0.5501,0.5964,0.9421,0.5942,0.9254,0.1879,0.202,0.5738,0.262,478.5,929.6,57.23,0.5033,793.8,1.517,314.8,0.6573
41,child9,child,134.3898,29.000,0.000,29.000,163.000,14.000,187.667,0.310,3355.000,23.667,49.017,1133,2800,165.7,114,3.912,2,1.2,1.44,10,0.0145,10.17,8.418,21.24,0.709,19.18,0.1789,45.36,27.57,14.28,1.323,0.4499,1667,257.1,3,161.1,2.534,2.5,36.91,120,16.94,4.964,146.7,563.6,86.25,3.463,1.665,163.1,75.05,230.7,1092,762.2,103.4,0.06987,520.5,0.6093,0.5292,0.9076,0.4993,0.8937,0.2877,0.1564,0.6503,0.2381,460.4,881.4,63.63,0.5534,778.2,1.5,296.5,0.5591
41,child10,child,142.4128,28.000,0.000,28.000,194.000,25.000,188.400,-0.266,3906.000,23.420,58.200,1564,2491,122.1,117.9,3.777,1.661,0.9116,1.287,10,0.01747,8.535,7.901,27.15,0.7543,15.06,0.1718,38.1,25.18,18.2,1.251,0.5125,1615,220.8,3.348,150.1,2.754,2.128,30.15,120,18.03,5.332,168.8,433.8,86.74,2.783,1.661,150,52.81,256.6,893.4,839,95.37,0.08229,600,0.5137,0.584,0.7282,0.4943,1,0.1709,0.17,0.7292,0.2397,554.1,901.7,53.92,0.5086,693.3,1.5,264.6,0.504
41,child11,child,122.9490,23.000,0.000,23.000,135.000,33.000,362.483,-0.081,1974.000,23.220,52.983,1562,2615,133.1,111.6,3.59,1.562,1.179,1.5,10,0.02087,8.833,9.416,23.81,0.7605,20,0.1615,46.87,27.96,17.89,1.369,0.4682,1501,282.1,3,177.5,2.722,2.353,31.44,120,17.09,6.089,195.7,467.2,79.19,2.896,1.895,176.9,69.37,245.6,1061,804.7,98.23,0.09254,441.8,0.6185,0.5648,0.8479,0.5365,0.9391,0.2053,0.2069,0.809,0.2686,622.9,862,57.52,0.6298,610.6,1.54,400,0.5302
41,child12,child,131.5949,29.000,0.000,29.000,143.000,40.000,272.467,1.953,3464.000,21.827,45.083,1209,2611,130.8,111.2,4.145,2,1.105,1.43,10,0.01909,8.298,7.816,25.23,0.7927,19.59,0.1452,43.29,29.78,21.5,1.232,0.5869,1766,270.1,3,183.9,2.468,2.083,27.77,119.3,15.2,6.689,192.4,477.4,90,2.855,1.694,170.1,62.34,252.8,1025,589.9,101.8,0.06019,511.8,0.6073,0.5832,0.8151,0.5196,1,0.2381,0.2059,0.8443,0.2933,611.5,919.5,54.26,0.5279,800,1.5,355.4,0.5775
41,child13,child,93.0049,17.000,0.000,17.000,142.000,10.000,195.183,-1.052,2772.000,17.980,48.550,1278,2800,131.1,117.9,3.69,1.838,1.2,1.224,10.18,0.01599,8.412,7.731,20.54,0.7148,16.36,0.165,37.59,32.35,18.69,1.337,0.538,1752,333,3.153,143.2,2.893,2.171,27.29,120,15.67,5.579,166.8,392.1,90,3.399,1.62,159,78.04,215.1,961.9,671,103.2,0.05898,490.6,0.6057,0.6582,0.8607,0.6587,0.7279,0.2019,0.2352,0.5933,0.2645,430.4,811.1,53,0.5898,681.5,1.59,354.7,0.5428
41,child14,child,108.6099,28.000,0.000,28.000,111.000,25.000,240.200,1.188,3448.000,21.413,46.667,1280,2800,149.6,94.88,4.778,2,1.2,1.5,11.13,0.01938,9.045,7.747,24.31,0.8454,19.45,0.149,41.65,30.42,15.34,1.242,0.4865,1944,353.1,3,144.7,2.644,2.321,32.66,120,16.67,5.008,140.8,418.2,90,3.558,1.659,173.6,63.53,217.7,812.9,728.3,85.27,0.06756,459.2,0.6032,0.6414,0.6958,0.6601,1,0.1859,0.1818,0.643,0.3224,521,943.2,57.38,0.6203,800,1.5,290.2,0.602
41,child15,child,81.0100,22.000,0.000,22.000,93.000,8.000,160.933,0.679,3017.000,19.280,45.500,1712,2704,163,113.3,4.406,2,1.03,1.5,10,0.01703,8.768,8.961,20.51,0.7069,18.86,0.129,51.79,30.61,15.65,1.676,0.469,1633,285.4,3.21,187.4,2.432,2.275,38.84,107.5,14.13,5.562,147.2,418,90,3.248,1.557,150,64.12,227.3,965.6,900,100.2,0.0595,454.9,0.4507,0.5924,0.7564,0.5469,1,0.209,0.1912,0.7059,0.2639,537.5,1100,52,0.5463,623.9,1.627,302.1,0.6941
42,parent,parent,139.5124,35.000,0.000,35.000,138.000,30.000,221.400,0.825,3793.000,24.680,49.300,1769,2800,136.7,119,4.508,1.6,0.9758,1.5,10,0.01809,12,9.574,23.17,0.887,20,0.144,38.57,36.33,15.65,1.08,0.5706,1500,329.2,3.365,157.5,2.569,1.977,36.1,120,15.7,4.928,149.8,350.1,88.33,3.415,1.508,150,63.7,270.3,982.4,677,94.89,0.06362,498.8,0.5819,0.5573,0.6347,0.4072,1,0.2289,0.1988,0.6562,0.2653,490.9,1027,64.17,0.6062,631.7,1.601,332.3,0.5348
42,child0,child,137.8137,38.000,0.000,38.000,122.000,23.000,229.367,3.108,4087.000,25.327,45.250,1610,2211,125,98.7,4.584,1.497,0.9987,1.5,13.03,0.02097,9.793,9.699,22.52,1.014,18.01,0.131,34.73,40.46,17.62,0.9539,0.5452,1645,297.1,3.123,120.3,2.94,1.944,37.23,109.4,15.71,4.232,134.4,322.7,75.38,3.134,1.925,152.7,73.78,280.6,1238,698.4,92.46,0.0673,470.5,0.5511,0.5237,0.5387,0.3734,0.985,0.2385,0.2186,0.648,0.2908,631.1,930.5,50.68,0.6263,690.2,1.5,358.7,0.5839
42,child1,child,40.2877,22.000,1.000,21.000,44.000,-20.000,-203.000,0.076,2945.000,17.720,54.683,2006,2800,122.8,108.4,3.072,1.779,1.153,1.34,10.29,0.02212,12.04,11.07,24.81,1.078,18.45,0.1628,35.64,37.53,17.49,1.105,0.5137,1667,298.8,3.475,150.8,2.798,2.103,34.94,98.74,14.12,4.837,136.8,348.7,86.68,3.582,1.276,186.2,64.71,212.3,1123,749.7,103.3,0.09153,463.4,0.4908,0.6181,0.7766,0.3744,1,0.266,0.1677,0.7644,0.2737,424.9,902.7,58.94,0.5598,668.9,1.5,331,0.6045
42,child2,child,68.5924,21.000,0.000,21.000,79.000,10.000,78.417,-0.258,3008.000,20.433,52.233,1922,2712,167.1,120,4.341,1.563,1.02,1.433,11.43,0.01493,12.23,9.323,25.92,0.7303,17.15,0.1695,31.51,41.29,15.21,1.179,0.5567,1336,307.4,3,189.1,2.402,1.813,37.2,120,16.68,4.666,164.4,400,90,3.021,1.595,150,58.31,279.9,925,585.1,89.68,0.05947,517.6,0.7164,0.6126,0.7479,0.3487,1,0.2231,0.1784,0.5792,0.2604,463.7,901.5,72.48,0.6378,568.3,1.573,399.4,0.5298
42,child3,child,128.1390,33.000,0.000,33.000,133.000,30.000,208.050,0.492,3976.000,23.580,56.500,1658,2800,120.6,120,4.211,1.771,1.124,1.5,10,0.0202,14.06,8.69,24.84,0.8938,20,0.1499,35.59,32.58,15.84,1.121,0.4996,1462,334.2,3.907,159.3,2.529,2.039,36.8,106.4,15.06,5.605,159.5,271.9,83.13,2.818,1.318,195.4,47.89,288.5,1180,840.3,77.05,0.05857,555.7,0.6105,0.5549,0.6969,0.4278,0.958,0.2422,0.2002,0.6706,0.3059,446,835.3,70.64,0.6512,741.8,1.5,338.3,0.542
42,child4,child,118.8642,30.000,2.000,28.000,144.000,24.000,226.983,1.170,4020.000,24.540,44.067,1763,2800,122,114,4.297,1.849,0.959,1.5,10,0.02006,11.03,7.938,21.77,0.7746,20,0.1504,36.39,36.89,15.57,1.017,0.6131,1685,264.6,3.144,165.5,2.073,1.984,29.33,120,17.34,5.361,127.4,293,90,3.278,1.522,192.4,67.24,286.2,905.3,799.4,98.75,0.05591,551.6,0.5453,0.5737,0.5338,0.5255,0.8584,0.1727,0.2202,0.7217,0.2772,477.1,1086,57.09,0.5291,579.1,1.577,315.7,0.5441
42,child5,child,120.5622,34.000,0.000,34.000,109.000,11.000,256.017,3.311,3768.000,24.520,47.817,1659,2800,128.1,103,4.755,1.587,1.069,1.5,10,0.01399,10.7,9.52,21.99,0.8007,20,0.1458,37.17,41.71,15.42,1.183,0.8032,1962,361.1,4.302,188.9,3,1.668,35.52,107.6,15.22,5.678,150.1,400.5,82.97,3.441,1.373,150,61.8,213.7,982.2,607.5,83.19,0.06052,431.4,0.5458,0.5641,0.6744,0.3594,0.9516,0.2391,0.1784,0.6035,0.2904,453.8,994.3,64.04,0.6303,620.6,1.625,400,0.5574
42,child6,child,92.3001,34.000,1.000,33.000,68.000,11.000,18.950,2.502,3756.000,23.380,46.317,1782,2800,136.3,114.5,5.039,1.438,0.9495,1.285,10,0.01786,11.42,10.53,20.07,0.856,19.86,0.1268,50.53,42.89,17.06,1.155,0.612,1908,396.2,3.92,156.7,3,1.912,34.37,100.1,13.35,4.783,139,318.4,76.45,3.601,1.761,175.6,66.53,258,1024,729.9,84.87,0.07209,600,0.6388,0.5654,0.6687,0.4831,0.9429,0.2032,0.2265,0.8639,0.3046,579.8,968.5,88.09,0.7877,639.7,1.5,291.8,0.6397
42,child7,child,137.3194,30.000,0.000,30.000,154.000,27.000,208.483,0.002,3186.000,22.080,51.833,1534,2534,157.2,120,4.943,1.482,0.9995,1.5,10,0.01674,11.37,11.35,24.34,0.8467,20,0.141,39.48,32.59,16.31,1.341,0.3748,1578,330.8,3.526,192.9,2.736,2.5,32.15,120,13.76,4.352,164.3,378.1,90,3.458,1.476,150,56.69,308.9,989.4,623.5,101.5,0.07047,417.5,0.6351,0.5,0.6334,0.453,0.8486,0.2125,0.2157,0.5887,0.2581,452.2,1068,50.84,0.5721,645.9,1.5,366.8,0.4656
42,child8,child,107.8519,24.000,0.000,24.000,135.000,20.000,142.333,1.752,3242.000,20.440,49.067,2019,2614,110.1,120,4.658,1.556,1.122,1.417,10.6,0.02017,13.35,8.997,22.61,0.877,20,0.1411,38.63,36.01,12.16,1.142,0.528,1597,349.2,3.47,158.4,2.84,2.133,40.88,98.48,16.34,4.655,165,346.6,78.1,2.682,1.455,174.6,60.12,218.5,924.9,723.7,92.7,0.07845,491.9,0.5762,0.5716,0.5627,0.4251,1,0.2578,0.2127,0.6054,0.2712,480.1,1193,71.12,0.4649,562.2,1.5,292.7,0.6241
42,child9,child,77.1610,23.000,0.000,23.000,73.000,8.000,109.517,1.810,2578.000,22.860,49.683,1494,2707,148.5,105.8,5.402,1.434,0.9018,1.263,12.46,0.01673,11.56,9.701,26.41,0.7439,20,0.1163,37.05,39.15,16.16,1.089,0.5144,1484,323.9,3,153.5,2.274,1.793,39.13,115,15.09,5.53,134.9,346.3,75.6,3.419,1.676,170.2,56.76,247.1,950.3,766.3,93.33,0.06748,540.9,0.5078,0.6397,0.5911,0.4216,1,0.1875,0.2198,0.5975,0.3188,618.2,1022,54.49,0.8,665.8,1.661,277.6,0.5822
42,child10,child,121.6687,30.000,1.000,29.000,141.000,32.000,248.783,0.301,4022.000,24.073,47.300,1703,2493,128,109.8,4.904,1.709,0.9699,1.497,10.83,0.01827,11.99,10.43,21.44,0.8764,16.13,0.1574,38.01,31.3,16.3,1.219,0.5331,1384,303.9,3.184,138.8,2.675,2.104,39.14,120,13.03,5.633,174.4,359.8,90,4.393,1.608,150,61.47,298,879.1,636.2,117.3,0.06113,547.3,0.7169,0.5162,0.7716,0.4017,0.9708,0.1941,0.1539,0.6137,0.2775,527.7,1199,54.72,0.6108,699.3,1.566,328.5,0.5603
42,child11,child,26.0159,12.000,3.000,9.000,44.000,12.000,206.600,0.846,2349.000,21.540,42.950,1307,2777,121.9,100.8,4.949,1.802,1.2,1.5,10,0.017,9.584,9.451,21.12,0.8696,17.58,0.1195,40.45,36.49,16.93,1.22,0.6894,1421,362.4,3.63,161.2,2.792,1.911,35.55,120,20.78,4.273,139.4,316.8,81.49,3.715,1.792,150,56.86,270.9,964.1,682.9,78.64,0.04877,492.1,0.6494,0.6547,0.6677,0.4579,0.9079,0.241,0.2143,0.6235,0.2758,518.5,1098,67.41,0.6069,626.4,1.693,344.7,0.5073
42,child12,child,120.0084,28.000,0.000,28.000,140.000,21.000,229.033,1.156,3683.000,22.300,42.900,1946,2325,129.4,120,5.651,1.886,0.9159,1.5,10,0.01661,11.91,9.534,24.46,0.9737,19.49,0.1431,36.83,39.03,12.73,1.078,0.523,1467,318,3.084,156.6,2.823,2.294,39.13,120,14.73,4.706,124.1,296.8,90,3.353,1.752,154.1,58.28,314.4,900.4,753.6,97.36,0.0697,495.5,0.4666,0.5,0.5544,0.3766,1,0.2638,0.1838,0.6375,0.3277,555.4,1200,73.09,0.4899,561.4,1.5,289.1,0.5744
42,child13,child,118.6594,29.000,1.000,28.000,162.000,5.000,2.750,0.354,4055.000,23.060,47.167,1652,2800,152.4,114.2,4.731,1.347,0.9533,1.5,11.86,0.01939,13.15,8.507,24.18,1.01,20,0.1519,37.09,29.99,14.83,1.138,0.5028,1688,371.1,3.283,132,2.888,2.084,44.89,120,16.98,4.913,141.5,420.2,90,3.397,1.504,150,66.3,291.8,837,734.8,83.21,0.0716,492.8,0.5052,0.58,0.674,0.4003,0.8964,0.2414,0.2111,0.6825,0.2561,539.1,1007,77.55,0.5767,730.3,1.5,281.8,0.5299
42,child14,child,146.5941,34.000,2.000,32.000,176.000,28.000,209.750,0.695,3958.000,25.400,54.283,1584,2708,139.4,120,4.29,1.651,1.13,1.496,11.12,0.01501,12.14,9.142,24.23,0.7978,19.57,0.1419,35.93,30.69,15.5,1.022,0.5523,1753,370.9,3.947,190.2,2.536,2.192,38.06,105.1,15.77,5.724,180.2,402.1,79.1,3.524,1.44,151.6,59.05,254.5,1008,629.9,80.98,0.05082,534.7,0.6217,0.5994,0.7253,0.4448,0.9891,0.1917,0.2047,0.6769,0.2439,501.3,1033,46.35,0.5223,724.9,1.749,266.3,0.5173
42,child15,child,128.7137,33.000,0.000,33.000,141.000,16.000,132.417,1.581,4019.000,24.233,48.117,1567,2745,130,119.9,3.928,1.404,1.2,1.485,10,0.01555,13.08,8.96,23.92,1.023,18.07,0.1453,36.67,43.13,18.95,0.8797,0.4853,1555,304.6,3.789,187.8,2.438,1.713,36.77,118.8,15.93,4.26,157.1,309.7,83.1,2.818,1.943,173.2,66.06,290.7,693.5,629,111.8,0.05228,416.2,0.6311,0.6091,0.5779,0.4674,0.915,0.2125,0.2038,0.6363,0.311,562.8,954.1,66.31,0.663,604.4,1.5,315.6,0.4719
43,parent,parent,134.0339,35.000,3.000,32.000,157.000,13.000,108.950,1.180,3883.000,23.867,46.183,1584,2708,139.4,120,4.29,1.651,1.13,1.496,11.12,0.01501,12.14,9.142,24.23,0.7978,19.57,0.1419,35.93,30.69,15.5,1.022,0.5523,1753,370.9,3.947,190.2,2.536,2.192,38.06,105.1,15.77,5.724,180.2,402.1,79.1,3.524,1.44,151.6,59.05,254.5,1008,629.9,80.98,0.05082,534.7,0.6217,0.5994,0.7253,0.4448,0.9891,0.1917,0.2047,0.6769,0.2439,501.3,1033,46.35,0.5223,724.9,1.749,266.3,0.5173
43,child0,child,73.4119,23.000,1.000,22.000,80.000,8.000,104.800,2.375,2975.000,25.667,51.550,1602,2781,127.3,103.1,5.062,1.914,1.092,1.5,12.53,0.01257,12.98,9.166,24.27,0.9095,20,0.128,38.95,36.08,18.13,1.247,0.6613,1906,376.4,4.4,218.8,2.613,2.397,38.08,120,14.71,5.98,185.4,451.7,79.5,4.437,1.37,171.2,53.05,216.8,1131,724.8,73.51,0.05323,456,0.5815,0.604,0.8975,0.4679,1,0.1364,0.2198,0.6573,0.2354,503.8,942.5,49.73,0.559,659.4,1.857,253.6,0.5076
43,child1,child,127.0840,37.000,1.000,36.000,120.000,10.000,138.133,2.582,3920.000,27.313,50.383,1585,2341,147.9,107.9,3.499,1.937,1.2,1.386,11.78,0.01888,10.14,6.611,27.36,0.9469,20,0.1642,35.3,30.25,13.57,1.316,0.6856,1606,384.4,4.743,229,2.579,2.395,29.39,93.64,18.99,5.851,161.8,367.5,67.1,3.299,1.239,150,55.22,207.8,1209,650.4,90.39,0.05341,530.6,0.7847,0.5,0.8816,0.4262,0.925,0.1966,0.193,0.6037,0.228,529.5,1156,44.6,0.6023,678.2,1.5,317.4,0.4918
43,child2,child,122.5489,34.000,2.000,32.000,150.000,14.000,43.067,1.101,4411.000,29.647,55.883,1315,2800,126.7,120,4.274,1.651,1.177,1.172,12.12,0.01679,15.02,11.09,25.78,0.9102,18.95,0.1524,39.7,32.96,13.73,0.9635,0.593,1445,349.5,4.534,212.8,2.711,2.039,41.66,106.6,12.71,7.134,216.9,448.5,78.62,3.458,1.429,150,53.75,205.9,904.4,569.1,68.78,0.04387,570.3,0.563,0.5804,0.7581,0.4616,0.8396,0.1561,0.2198,0.5471,0.2658,537.3,867.1,48.73,0.6234,776.2,1.755,318.5,0.5331
43,child3,child,132.4620,28.000,0.000,28.000,157.000,29.000,256.017,1.155,3444.000,22.640,48.317,1857,2120,141.2,120,3.694,1.417,1.2,1.5,10,0.01634,11.61,8.075,23.94,0.6683,20,0.1482,35.7,27.27,13.86,1.033,0.4926,1796,393.2,3.321,237.5,2.167,2.468,38.03,120,14.78,7.203,148.2,486.9,90,3.876,1.584,152.4,70.48,269.8,1047,720.6,71.47,0.04851,537.3,0.424,0.687,0.6341,0.46,1,0.1584,0.161,0.5957,0.2464,496.3,1144,52.7,0.6161,748.1,1.782,253,0.4695
43,child4,child,144.1019,33.000,0.000,33.000,164.000,29.000,214.667,0.879,3835.000,23.593,67.217,1450,2800,147.5,118.4,4.572,1.956,1.2,1.5,11.68,0.01836,11.08,8.994,24.3,0.8697,20,0.1553,35.39,30.55,13.24,1.111,0.6091,1585,353.6,3.397,169,2.79,2.17,33.89,101.4,16.01,6.09,195.1,470.4,78.67,3.422,1.659,166.2,62.21,278.2,1052,597.5,73.61,0.05052,477.4,0.7703,0.5,0.88,0.5569,0.8276,0.1922,0.2172,0.6209,0.2231,626.3,1200,35.52,0.4393,684.4,1.95,237.1,0.4821
43,child5,child,74.4109,18.000,1.000,17.000,125.000,2.000,100.000,0.009,3416.000,20.220,53.117,1565,2800,159.5,113.1,4.638,1.619,0.742,1.182,10.78,0.01256,12.84,9.369,26.51,1.02,19.77,0.1429,36.42,30.34,11.24,1.011,0.5149,1774,377.7,4.547,179.1,2.226,1.941,31.83,101,17.17,4.651,162.5,349.7,87.38,3.085,1.338,153.9,67.17,187.8,888.4,643.3,82.93,0.06135,600,0.5054,0.7143,0.8425,0.4553,1,0.2089,0.196,0.6924,0.2171,497.6,1127,40.73,0.5607,800,1.836,282.8,0.5274
43,child6,child,35.4243,13.000,1.000,12.000,65.000,1.000,48.367,-0.547,2716.000,19.213,48.883,1545,2800,153,120,4.641,1.619,1.023,1.5,11.11,0.01471,12.27,10.27,23.14,0.8352,20,0.1201,39.19,25.97,13.74,1.184,0.4767,1737,369,3.395,204.2,2.849,2.5,48.62,120,15.8,5.683,145.1,414.6,79.58,3.644,1.428,150,49.35,249.7,1116,712.9,87.59,0.05652,569.2,0.6872,0.573,0.603,0.5158,0.8813,0.1948,0.223,0.8786,0.2093,534.3,846.4,44.5,0.5616,715,2.017,249.7,0.4851
43,child7,child,93.2553,28.000,1.000,27.000,116.000,-6.000,-51.517,0.807,3687.000,21.113,49.367,1450,2586,149.8,120,4.331,1.543,1.067,1.5,10,0.02094,10.17,8.574,27.42,0.6332,18.17,0.1474,37.93,28.28,13.19,1.256,0.4904,2000,358.3,3.998,243.5,2.592,2.307,38.3,106.9,16.15,6.235,143.3,452.9,86.82,3.667,1.571,157.7,50.33,211.1,1056,593.5,84.84,0.04811,540.6,0.6982,0.5154,0.7305,0.3851,1,0.1852,0.186,0.6305,0.1917,486,1113,35.33,0.5289,717.3,1.654,310.6,0.6332
43,child8,child,-3.1053,0.000,0.000,0.000,27.000,2.000,101.300,-3.496,1190.000,6.500,47.333,1493,2800,120.6,116.4,3.5,1.65,1.176,1.5,10.01,0.01401,10.41,8.755,24.17,0.784,17.88,0.149,40.46,28.5,17.51,1.025,0.4094,1692,289.7,3.497,203.5,2.683,1.959,40.54,97.62,15.21,5.817,169.2,433,90,3.008,1.269,150,59.74,234.3,800.7,598.6,80.14,0.05794,556.7,0.5941,0.7115,0.79,0.4534,0.9829,0.1975,0.2318,0.6652,0.2306,489.1,977.9,48.38,0.4662,578.8,1.691,254,0.6392
43,child9,child,149.1921,39.000,2.000,37.000,167.000,19.000,235.700,1.759,4609.000,27.613,58.500,1431,2544,148.5,106.8,4.199,1.867,1.2,1.46,11.19,0.01563,13.93,9.285,28.2,0.6427,20,0.1514,29.45,30.32,18.82,1.112,0.5257,1843,305.6,4.81,220.8,2.791,2.058,34.35,91.36,12.97,6.434,180.8,473.3,69.08,3.785,1.32,173.3,54.6,259.8,1038,694.8,90.36,0.05626,464.7,0.6611,0.6408,0.6502,0.4614,0.9155,0.1736,0.2072,0.7327,0.2746,531.2,909.3,45.57,0.4844,800,2.226,303.1,0.5434
43,child10,child,126.9616,31.000,0.000,31.000,149.000,25.000,112.267,0.968,3941.000,30.293,58.283,1484,2443,150.7,119.3,3.949,1.896,1.2,1.5,11.41,0.01426,12.81,9.877,24.71,0.8487,18.73,0.1848,36.43,32.45,17.56,1.022,0.534,1569,320.7,4.57,144.5,2.804,2.39,36.91,118.8,14.11,6.388,220.7,388.7,89.31,3.199,1.416,150.4,54.74,273.3,940.5,721.4,74.41,0.05811,546.9,0.6324,0.6315,0.6177,0.4664,0.8657,0.1673,0.1584,0.5787,0.2838,462.5,1108,41.21,0.4755,730,2.162,246.1,0.5979
43,child11,child,91.0329,23.000,0.000,23.000,120.000,13.000,34.217,0.450,3232.000,18.180,73.383,1863,2800,116.5,114.9,3.877,1.384,1.037,1.319,12.51,0.01455,10.91,9.272,26.47,0.6543,20,0.1288,30.63,33.14,12.61,1.347,0.5227,1396,286.4,3.661,195.3,2.273,2.5,35.56,104.8,18.04,5.551,177.8,399.7,89.62,3.466,1.575,150,60.65,221.7,978.6,741.6,68.06,0.05414,566.1,0.8,0.6701,0.7476,0.4088,1,0.1914,0.2368,0.7119,0.2204,499.1,1148,45.82,0.4841,627.8,1.59,248.2,0.5309
43,child12,child,108.9316,29.000,3.000,26.000,144.000,5.000,145.467,1.179,3810.000,25.040,49.633,1440,2385,124.9,98.42,4.67,1.978,1.2,1.394,12.94,0.01797,10.69,9.72,30.31,0.9476,19.13,0.1213,33.79,25.95,12.33,0.8324,0.4981,1571,328.7,4.001,179.3,2.81,2.326,48.88,108.1,11.81,5.038,182.7,397.6,88.44,3.438,1.508,187.1,61.6,247.3,953.6,657.3,94.5,0.05385,577.7,0.5027,0.6558,0.7983,0.4677,1,0.2422,0.1673,0.6273,0.2458,542.5,1200,50.71,0.5224,800,2.328,277.2,0.4962
43,child13,child,129.8937,35.000,2.000,33.000,136.000,29.000,259.183,3.952,4160.000,25.493,59.167,1495,2379,169.1,107,4.754,1.604,1.019,1.434,11.95,0.01327,14.62,8.789,25.42,0.94,20,0.1146,35.22,35.47,13.53,0.9843,0.599,1821,350.8,4.549,232.4,2.649,1.819,39.32,90.89,15.83,4.433,192.9,386.4,68.09,3.518,1.358,150,69.73,271.6,1178,583.4,74.48,0.04538,600,0.676,0.6078,0.6996,0.4558,0.93,0.1671,0.2042,0.5703,0.243,425,1088,54.12,0.5437,715.3,2.1,283.6,0.5512
43,child14,child,72.4910,25.000,2.000,23.000,83.000,4.000,-10.517,0.815,3085.000,18.713,62.850,1490,2800,136.3,113.1,3.726,1.794,1.079,1.5,10.6,0.01398,10.37,8.502,24.21,0.6434,15.44,0.1271,40.26,31.13,14.48,0.9657,0.5917,1867,357.1,3.644,197.7,2.251,2.126,41.13,89.39,13.86,5.951,205.4,342.4,81.88,3.772,1.278,150,61.07,249.9,827.8,567,71.63,0.05744,518.6,0.637,0.5856,0.7448,0.4027,0.895,0.185,0.197,0.7092,0.2094,519.6,1099,50.96,0.5294,679.7,1.802,232.3,0.5501
43,child15,child,111.5763,24.000,1.000,23.000,153.000,25.000,133.967,-0.278,3336.000,21.440,59.600,1464,2800,126.2,120,4.107,1.702,1.125,1.337,10.8,0.01419,12.75,8.075,23.17,0.9331,20,0.1424,41.44,36.17,13.01,0.902,0.5881,1924,305.3,3.4,194.3,2.636,2.5,38.7,105.6,14.69,5.473,165.1,460.5,71.66,3.644,1.662,158.2,73.2,273.8,783.6,613,82.41,0.05266,531.5,0.5717,0.5055,0.8065,0.4645,1,0.1985,0.2253,0.6879,0.2089,526.8,842.8,46.62,0.5146,722.6,1.87,270.6,0.6201
44,parent,parent,114.6078,29.000,0.000,29.000,132.000,16.000,220.000,2.198,3635.000,24.013,83.400,1431,2544,148.5,106.8,4.199,1.867,1.2,1.46,11.19,0.01563,13.93,9.285,28.2,0.6427,20,0.1514,29.45,30.32,18.82,1.112,0.5257,1843,305.6,4.81,220.8,2.791,2.058,34.35,91.36,12.97,6.434,180.8,473.3,69.08,3.785,1.32,173.3,54.6,259.8,1038,694.8,90.36,0.05626,464.7,0.6611,0.6408,0.6502,0.4614,0.9155,0.1736,0.2072,0.7327,0.2746,531.2,909.3,45.57,0.4844,800,2.226,303.1,0.5434
44,child0,child,10.0414,8.000,1.000,7.000,31.000,-6.000,-13.300,-2.266,1807.000,13.347,44.550,1425,2583,165.7,107.2,4.36,1.946,1.2,1.5,12.5,0.01337,12.48,11.83,24.52,0.6731,18.02,0.15,30.05,33.76,16.53,1.13,0.5419,1773,345.3,5.41,217.8,2.731,2.278,28.85,90.4,11.7,7.166,222,368.4,82.27,3.79,1.355,150,55.3,280.9,971.2,644.5,79.86,0.06013,467.2,0.7085,0.5531,0.7263,0.431,0.84,0.184,0.1946,0.6522,0.265,580.1,692.5,48.38,0.4993,754.9,2.349,329.1,0.5438
44,child1,child,18.7102,9.000,0.000,9.000,52.000,-26.000,-314.767,-0.900,1732.000,11.947,38.300,1213,2800,134.5,115,4.583,1.566,1.152,1.412,12.26,0.01203,15.08,9.911,30.33,0.6572,20,0.1309,29.68,36.81,19.59,1.013,0.5536,1855,296,5.196,179.3,2.645,1.84,28.01,79.28,15.42,5.798,183.7,493.8,74.94,3.984,1.733,170.1,64.07,262.8,1003,595.6,104.7,0.04456,440.8,0.6534,0.5464,0.7017,0.5209,1,0.1867,0.2028,0.673,0.2601,577.8,855.2,43.52,0.474,687.2,2.637,294,0.668
44,child2,child,95.6960,25.000,3.000,22.000,157.000,6.000,85.950,-0.321,4153.000,27.160,73.167,1313,2800,156.8,119.1,3.833,1.725,1.2,1.31,11.58,0.01807,16.25,8.032,26.92,0.717,17.78,0.1658,26.01,30.24,18.02,1.342,0.637,1813,296.5,4.366,231.4,2.494,2.18,32.17,104.9,13.82,5.128,170.9,439.8,81.36,3.611,1.236,202.6,64.37,215.7,1057,579.8,94.99,0.05377,484.8,0.6617,0.6825,0.589,0.4627,0.8636,0.1476,0.198,0.7469,0.2341,498.2,1002,58.12,0.5102,800,2.289,268.6,0.4409
44,child3,child,117.4439,19.000,1.000,18.000,163.000,46.000,327.850,0.531,2571.000,29.553,54.133,1582,2425,151.4,120,3.624,1.711,0.95,1.5,10,0.01661,12.16,10.87,30.3,0.6932,16.08,0.1282,32.27,26.89,18.32,1.069,0.4937,2000,300.2,4.56,235,3,2.311,33.33,101.5,12.61,7.658,180.3,432.3,55.43,4.014,1.358,211.9,62.61,264.2,1316,499.7,104.6,0.06131,443.2,0.4348,0.5175,0.5389,0.5697,0.8538,0.1676,0.2026,0.8866,0.2603,642.5,869.9,44.15,0.5039,697.8,2.118,313.5,0.6228
44,child4,child,25.5689,11.000,1.000,10.000,59.000,10.000,100.867,1.262,2996.000,29.860,56.333,1697,2278,171.4,90.22,3.943,1.997,1.2,1.36,10.09,0.0147,14.05,7.944,22.51,0.5901,20,0.1383,30.01,32.68,19.53,1.081,0.6828,1420,339,5.564,223.2,2.383,2.12,35.12,109.3,13.94,7.076,177.9,523.1,55.95,4.002,1.345,221,51.19,300.9,1048,747.6,79.07,0.05199,404.4,0.6623,0.685,0.5738,0.4377,0.8988,0.1584,0.195,0.8067,0.2381,551,1128,48.84,0.4929,800,2.324,334,0.505
44,child5,child,-16.2983,1.000,1.000,0.000,5.000,10.000,-0.333,-2.175,1482.000,9.027,39.817,1886,2473,158.4,93.25,3.501,2,1.2,1.5,14.33,0.01276,16.18,8.495,25.86,0.6211,16.47,0.1714,27.64,28.33,19.19,1.143,0.6492,1984,262.3,4.753,267.2,2.87,2.172,33.56,75.5,14.3,7.069,171.6,495.8,83.3,4.919,1.234,150,59.53,286,910.4,560.8,95.74,0.04391,408.8,0.5707,0.6263,0.6832,0.4974,0.9235,0.1905,0.2521,0.8632,0.3304,482,801.4,51.51,0.519,696.9,2.903,315.9,0.5419
44,child6,child,-7.8500,2.000,0.000,2.000,15.000,1.000,-71.833,-2.386,1384.000,9.053,41.750,1394,2535,119.3,120,4.409,2,1.2,1.356,12.1,0.01415,12.9,8.616,24.87,0.6424,18.35,0.1664,42.42,29.61,16.19,1.047,0.5334,2000,315.4,4.344,175.8,2.936,1.9,39.08,73.72,12.27,7.081,173.4,435.6,76.19,3.769,1.57,223.4,54.6,278.2,1180,641.4,117.4,0.05891,449.3,0.8,0.5467,0.79,0.431,0.7427,0.184,0.1657,0.6214,0.2936,552,855.3,47.3,0.5545,777.4,2.423,302,0.7004
44,child7,child,67.4843,23.000,1.000,22.000,91.000,3.000,-101.283,1.975,3351.000,26.360,74.317,1324,2060,139.7,106.7,4.953,2,1.155,1.369,13.12,0.01374,16.68,7.935,25.8,0.622,20,0.1459,27.54,28.36,18.11,1.002,0.568,2000,309.8,4.323,244.3,2.813,1.832,29.58,85.59,12.32,6.95,169.9,461.1,67.5,3.714,1.363,186.8,63.38,282,1054,796.2,77.28,0.05609,564.9,0.6583,0.5592,0.6882,0.4703,1,0.1424,0.1982,0.705,0.2708,547.7,866.6,44.18,0.5535,754.7,1.993,284,0.6276
44,child8,child,97.9838,25.000,0.000,25.000,129.000,8.000,57.283,1.324,3630.000,27.340,58.900,1503,2530,130.3,91.77,4.712,1.826,1.195,1.316,10.6,0.01601,15.89,7.595,33.14,0.5407,19.72,0.1463,30.1,26.78,15.88,1.033,0.5676,1604,292.3,5.479,241.9,2.453,1.998,29.43,85.04,12.34,6.571,163.7,420.7,73.63,4.043,1.227,174.1,65.62,266,1082,607.9,103.7,0.0511,406.1,0.6018,0.5458,0.634,0.5594,1,0.1685,0.1968,0.8307,0.2487,568.8,1017,45.13,0.4932,800,2.012,290.8,0.5382
44,child9,child,128.7146,35.000,0.000,35.000,140.000,11.000,124.133,1.599,4233.000,30.560,63.817,1346,2429,142.8,97.25,4.277,1.672,1.144,1.318,11.78,0.01265,13.53,9.976,25.18,0.6724,20,0.15,26.17,25.66,19.55,1.14,0.5792,1587,310.2,5.593,202,2.78,2.149,31.78,91.1,10.59,6.989,192.1,629.7,68.09,4.44,1.171,171.3,45.4,285.2,1158,595.8,96.92,0.0658,457.4,0.7055,0.6171,0.8082,0.4103,0.9219,0.1662,0.2051,0.7553,0.2533,508.4,843.6,44.55,0.509,770,2.354,292.2,0.5327
44,child10,child,63.9996,21.000,1.000,20.000,107.000,-24.000,-187.850,1.647,3429.000,22.687,52.083,1573,2406,138.3,90.97,4.241,2,1.2,1.5,13.06,0.01472,14.11,9.855,28.09,0.7168,20,0.1532,33.07,35.21,20.06,0.9689,0.5848,2000,295.5,4.853,201.8,2.847,1.791,40.89,92.03,13.83,6.904,181.5,407.6,65.1,4.006,1.25,150,61.74,268.6,859.4,698.9,87.37,0.06167,566,0.7189,0.6408,0.7042,0.4174,1,0.177,0.183,0.6992,0.2413,506.2,974.6,43.79,0.404,701.1,2.329,276.7,0.5206
44,child11,child,156.9333,28.000,1.000,27.000,177.000,59.000,542.033,2.163,2760.000,29.420,57.467,1675,2211,177,96.61,4.049,1.805,1.021,1.5,12.72,0.01491,11.28,9.019,27.7,0.5193,18.76,0.1527,29.28,30.84,21.44,1.016,0.6802,1927,276.1,4.425,212.8,3,2.135,33.94,102.5,11.03,5.734,155.5,427.4,59.72,3.905,1.14,191.2,48.26,297.1,986.6,657.7,96.05,0.04573,550.3,0.6581,0.6829,0.7778,0.5934,0.776,0.1456,0.1951,0.7292,0.2354,621.1,1081,41.39,0.426,800,2.269,258.3,0.5435
44,child12,child,118.3198,31.000,0.000,31.000,123.000,35.000,218.933,2.456,3906.000,27.253,70.017,1366,2693,144.1,93.1,6.405,1.552,1.2,1.5,11.46,0.01294,12.34,8.935,25.9,0.6458,20,0.1556,38.02,30.88,20.71,1.013,0.5486,1703,306.7,3.974,191.1,2.041,1.777,34.65,87.37,12.77,7.251,169.2,508.1,57.5,4.051,1.246,171,54.43,266,1065,670,80.9,0.0564,556.7,0.5271,0.6424,0.6942,0.3904,0.7905,0.1639,0.2269,0.7382,0.2443,624,1140,43.23,0.4785,800,2.784,243.6,0.6236
44,child13,child,110.3613,28.000,0.000,28.000,121.000,21.000,221.983,1.662,3420.000,24.827,69.267,1435,2468,171.5,108.7,4.957,1.87,1.2,1.5,11.67,0.01486,12.37,10.36,29.36,0.627,20,0.1236,26.1,35.08,21.23,1.158,0.5788,1884,335.5,4.249,279.5,2.881,2.179,41.52,88.73,13.97,6.094,183.9,566.8,69.37,3.845,1.214,150,55.07,307.8,1301,624.7,95.42,0.05875,553.7,0.6199,0.5876,0.5911,0.4569,0.7342,0.2184,0.14,0.6372,0.291,604.6,893.6,45.95,0.5202,800,1.8,301.4,0.385
44,child14,child,80.3923,28.000,0.000,28.000,88.000,-15.000,-138.717,1.511,3342.000,24.920,66.767,1633,2800,164.4,120,4.513,1.954,1.2,1.441,11.85,0.01981,12.82,9.278,30.71,0.5304,20,0.165,32.88,29.28,17.96,1.02,0.5575,1927,270.5,4.614,245.6,3,1.93,36.84,86.76,15.71,7.752,177.5,478.6,65.81,4.392,1.289,167.2,56.83,278.9,1056,726.5,77.05,0.06514,472,0.7733,0.6825,0.6286,0.5447,1,0.1751,0.2349,0.6243,0.2407,469.8,913,41.36,0.4493,716.2,2.242,266.3,0.5421
44,child15,child,75.7179,19.000,1.000,18.000,120.000,7.000,22.733,0.546,3199.000,22.513,61.683,1470,2635,117.3,107.4,3.893,1.854,1.141,1.5,10,0.01719,11.42,12.29,31.33,0.5659,20,0.171,28.78,30.31,18.32,1.18,0.4575,2000,363.2,5.378,207.2,3,2.217,29.98,89.92,10.3,5.499,164.3,534,74.49,2.705,1.083,214.3,52.02,262.9,1024,646.3,74.32,0.05777,423.4,0.6941,0.7666,0.6951,0.5244,0.8178,0.2029,0.1908,0.6801,0.3058,431.2,799.9,49.75,0.5581,800,1.865,272,0.5125
45,parent,parent,97.4293,18.000,0.000,18.000,126.000,24.000,231.867,0.655,2217.000,26.940,44.717,1675,2211,177,96.61,4.049,1.805,1.021,1.5,12.72,0.01491,11.28,9.019,27.7,0.5193,18.76,0.1527,29.28,30.84,21.44,1.016,0.6802,1927,276.1,4.425,212.8,3,2.135,33.94,102.5,11.03,5.734,155.5,427.4,59.72,3.905,1.14,191.2,48.26,297.1,986.6,657.7,96.05,0.04573,550.3,0.6581,0.6829,0.7778,0.5934,0.776,0.1456,0.1951,0.7292,0.2354,621.1,1081,41.39,0.426,800,2.269,258.3,0.5435
45,child0,child,15.0430,7.000,1.000,6.000,48.000,12.000,158.867,0.811,2534.000,30.013,45.983,1766,2112,162.2,98.35,5.062,2,1.086,1.36,12.72,0.01966,8.683,9.02,25.56,0.556,20,0.1564,34.77,28.97,18.24,1.006,0.6185,1967,271.8,4.556,163.7,2.697,1.914,34.18,113.6,8.8,5.07,198,357.5,58.65,5.022,1.077,170.7,50.05,314.4,1060,845,94.39,0.05068,455.5,0.8,0.646,0.9369,0.7224,0.7301,0.1512,0.1641,0.7191,0.1947,577.1,1200,53.32,0.4353,800,2.088,235.9,0.5299
45,child1,child,44.6178,13.000,0.000,13.000,62.000,21.000,229.483,1.296,2619.000,29.880,56.417,1636,1836,180.8,105.6,4.64,1.543,1.187,1.5,10.75,0.01631,12.85,8.837,26.88,0.5,18.75,0.1672,27.54,31.03,20.86,1.056,0.6155,2000,236.3,4.918,230.7,2.904,1.844,30.55,102,11.09,5.177,170.4,471.1,66.89,3.585,1.207,188.9,44.58,303.3,1117,765.9,78.79,0.04415,465.7,0.6293,0.6354,0.7984,0.648,0.7158,0.1783,0.1887,0.68,0.259,603,1200,40.48,0.4088,800,2.781,245.8,0.5514
45,child2,child,23.3741,15.000,3.000,12.000,58.000,14.000,31.383,1.982,3719.000,33.993,54.550,1804,2438,177.4,120,4.636,1.874,1.015,1.466,14.04,0.01491,12.38,10.85,28.88,0.5122,16.01,0.1658,32.76,29.54,20.3,1.028,0.7754,2000,261.5,4.262,204.2,2.98,2.394,24.93,113,11.1,6.139,146.5,522.5,51.7,4.179,1.13,168.3,48.41,239.7,868.5,725.1,101.3,0.0416,519.8,0.6172,0.6806,0.8509,0.6375,0.8441,0.1392,0.1805,0.9627,0.237,507.9,1179,38.94,0.4531,771.4,2.037,346.9,0.5311
45,child3,child,148.5832,37.000,1.000,36.000,171.000,15.000,92.267,1.684,4170.000,27.927,61.117,1923,2192,155.4,119.5,4.108,1.871,0.9821,1.5,13.82,0.01251,11.39,9.306,26.01,0.5053,17.98,0.1601,32.02,30.79,21.66,1.153,0.7897,1882,336.6,4.25,179.8,3,2.121,39.23,83.06,12.67,5.552,171.5,524.4,59.1,3.292,0.9859,206.4,53.02,307.9,878.5,672.2,105.4,0.03807,483.1,0.6277,0.7405,0.8192,0.5774,0.8551,0.1831,0.1654,0.8898,0.1895,649.4,1033,33.36,0.6015,800,2.275,254,0.4777
45,child4,child,38.7406,11.000,0.000,11.000,62.000,21.000,234.817,0.343,2535.000,31.073,58.700,1656,1981,220,87.79,4.82,1.769,1.149,1.5,12.81,0.0138,9.198,9.262,26.97,0.5,19.14,0.1595,24.06,23.97,20.98,1.248,0.6852,1671,281.4,5.641,230.8,2.807,1.799,32.46,115,10.7,6.888,137.7,395.3,62.8,3.877,1.006,173.7,54.67,267.3,978.9,663.3,81.26,0.04809,490.5,0.5534,0.6428,0.7484,0.7682,0.7972,0.1422,0.1754,0.6683,0.2494,637.1,1182,36.08,0.4205,714,2.333,216.7,0.4582
45,child5,child,58.0850,18.000,1.000,17.000,80.000,22.000,193.850,0.626,3215.000,30.867,62.683,1983,2634,174.8,96.99,4.505,1.348,0.9172,1.5,11.29,0.01154,11.63,11.71,25.98,0.5054,17.81,0.17,23.97,32.56,21.3,1.111,0.6627,2000,254,4.383,217.6,2.844,2.208,30.65,109.8,9.702,4.646,151.2,504.6,57.24,4.27,1.091,233.3,55.43,310.4,1033,661.5,111.9,0.04566,484.2,0.8,0.6949,0.6359,0.6008,0.9263,0.1476,0.1628,0.7754,0.2635,505.8,1090,42.07,0.4444,728.9,2.204,256,0.4639
45,child6,child,105.5742,27.000,1.000,26.000,124.000,30.000,201.450,2.193,3651.000,23.047,67.367,1462,2480,193.5,88.06,2.911,1.692,0.7536,1.443,10.18,0.01336,9.785,7.478,27.54,0.5775,18.3,0.1474,28,30.15,23.68,0.8799,0.7085,1729,283,3.937,198.6,2.874,2.5,31.54,90.45,12.45,6.181,172.1,526.5,54.53,4.261,1.192,203.6,39.78,261,1141,678,82.66,0.05019,497.6,0.5769,0.6279,0.8643,0.5489,0.8605,0.1541,0.2221,0.7101,0.2086,535.4,968.1,36.31,0.3817,800,2.269,246.2,0.4678
45,child7,child,-5.4916,11.000,7.000,4.000,23.000,24.000,147.200,1.722,2881.000,26.533,61.333,1975,2248,132.2,92.71,3.393,1.697,1.008,1.146,12.44,0.0124,9.309,9.628,23.77,0.5,16.95,0.1401,24.89,38.27,23.24,1.031,0.6356,1826,258.6,4.768,278.6,2.599,2.404,29.83,103.1,11.34,6.412,150,492.7,56.85,4.216,1.091,190.7,46.03,215.2,981.7,704.2,92.06,0.05221,548.4,0.6632,0.663,0.8453,0.5859,0.7487,0.1698,0.1929,0.7747,0.2651,780.3,1048,37.25,0.3789,747.1,1.886,300.3,0.5034
45,child8,child,9.3533,10.000,2.000,8.000,22.000,28.000,225.417,1.267,2757.000,29.220,58.967,1603,2272,163.7,101.7,4.026,2,1.002,1.5,12.46,0.01696,9.988,9.699,25.28,0.516,17.86,0.1494,27.56,26.23,28.74,1.112,0.6152,1926,255.6,4.302,199.5,2.794,2.354,41.55,104.5,10.61,5.587,160.2,462,58.79,4.352,1.243,198.1,51.7,287.6,936.3,520.1,81.14,0.05172,434.4,0.6871,0.6206,0.854,0.6059,0.958,0.1379,0.1644,0.9071,0.2462,463.3,1001,44.24,0.4402,800,2.175,324.6,0.5018
45,child9,child,74.4803,25.000,2.000,23.000,93.000,5.000,-6.767,3.039,3571.000,29.087,47.850,1834,2291,175.5,100.8,3.577,2,0.98,1.5,13.32,0.01618,11.57,10.43,30.27,0.5608,17.34,0.1648,29.45,30.11,23.96,0.8861,0.6454,2000,318.9,4.487,215.5,2.476,1.707,33.7,120,10.32,7.232,172.1,426.6,76.7,3.726,1.252,191.9,49.97,241.6,1011,578.8,103.7,0.04668,476.5,0.6701,0.6334,0.9351,0.524,0.8151,0.1469,0.2264,0.8483,0.2435,681.1,896.4,37.45,0.4836,800,2.433,281.7,0.5964
45,child10,child,94.6200,22.000,0.000,22.000,97.000,23.000,180.633,1.421,2084.000,22.667,56.967,1773,2143,182.3,98.61,3.58,1.499,1.021,1.5,12.28,0.01323,12.41,10.18,25.07,0.5105,17.79,0.1604,30.34,31.07,22.82,1.016,0.6698,1526,297.3,3.76,177,2.619,2.356,33.65,93.12,10.79,4.984,121.5,455.2,51.08,3.723,1.23,190.9,56.76,276,1020,616.2,93.76,0.05162,442.5,0.6634,0.5943,0.8228,0.5335,0.8287,0.1431,0.1453,0.6896,0.2089,539.9,1200,41.55,0.4119,800,2.142,244.5,0.5038
45,child11,child,0.8406,7.000,2.000,5.000,28.000,6.000,158.617,1.076,2446.000,23.367,62.733,1885,2079,194,79.21,2.898,1.933,0.9015,1.5,17.52,0.01662,12.17,10.39,24.84,0.5255,20,0.1599,38.27,32.11,18.01,1.142,0.5612,1993,331.7,4.861,244.5,3,2.398,29.16,108.5,12.14,6.497,158.9,459,59.16,3.613,1.407,196.5,56.22,311.7,973,631.5,87.55,0.04403,481.8,0.8,0.592,1,0.6142,0.7,0.1656,0.2158,0.7273,0.2012,614.5,1096,37.41,0.403,736.3,2.37,231.4,0.4642
45,child12,child,133.1592,34.000,0.000,34.000,127.000,26.000,208.167,2.252,3495.000,23.000,55.800,1839,1867,196.1,99.74,3.565,1.501,0.9632,1.5,11.8,0.01484,11.18,8.025,29.56,0.5516,20,0.1181,37.33,29.04,20.6,0.7811,0.7274,2000,369.9,3.997,206,3,2.189,32.83,86.75,13.14,6.398,153.5,520.1,59.62,3.75,1.333,186.6,48.08,374.8,1025,578.8,117.1,0.04671,565,0.6481,0.5904,0.6989,0.5761,0.9294,0.1442,0.1978,0.5557,0.2438,718.4,1160,41.36,0.4527,800,1.739,201.3,0.5124
45,child13,child,6.6978,11.000,2.000,9.000,36.000,-1.000,33.350,0.564,2897.000,34.193,66.617,1645,2018,168.9,94.84,3.824,1.779,0.911,1.5,11.52,0.01146,12.41,9.865,25.74,0.5235,20,0.125,26.6,29.79,21.48,1.192,0.8808,1682,283.4,4.073,206.7,3,1.925,32.51,120,11.48,4.946,139.9,442.8,58.76,3.7,1.059,191.3,51.04,267.8,927.3,543.2,78.66,0.04839,504.8,0.7243,0.6314,0.802,0.5279,0.7257,0.1514,0.1836,0.7069,0.2012,612.7,1200,36.67,0.4389,772.7,2.178,224.9,0.5386
45,child14,child,134.1171,33.000,1.000,32.000,158.000,32.000,231.383,1.356,4377.000,32.200,55.983,1451,2530,177.6,103.6,4.216,1.627,1.061,1.327,12.44,0.01378,11.09,12.03,25.84,0.5,20,0.1978,33.94,29.86,23.62,0.8612,0.6575,2000,283.8,4.057,227.2,3,2.248,32.42,97.58,9.684,5.419,148,418.8,68.13,3.934,1.109,163.7,56.25,262.8,1045,791.6,120,0.04036,584.3,0.5236,0.6383,0.6715,0.5522,0.7512,0.1556,0.1934,0.9301,0.2616,795.3,1098,46.35,0.5318,800,2.171,230.9,0.5427
45,child15,child,-17.4132,11.000,5.000,6.000,4.000,-8.000,-70.417,3.190,2747.000,28.347,56.950,1773,2733,174.1,120,4.4,1.43,1.143,1.402,12.4,0.01329,9.551,8.304,24.87,0.5912,19.81,0.1565,27.53,36.6,18.22,1.023,0.8146,1943,253.3,4.425,169.3,3,2.147,28.57,110,12.61,6.765,133.8,492.7,64.26,3.739,1.287,197.1,45.07,284,930.4,523.5,95.17,0.04964,600,0.7195,0.7428,0.7958,0.7021,0.7718,0.1375,0.185,0.8117,0.2127,456.2,1048,31.92,0.3952,800,2.205,256,0.4774
46,parent,parent,146.9479,38.000,1.000,37.000,149.000,22.000,176.617,2.356,3835.000,27.660,65.467,1923,2192,155.4,119.5,4.108,1.871,0.9821,1.5,13.82,0.01251,11.39,9.306,26.01,0.5053,17.98,0.1601,32.02,30.79,21.66,1.153,0.7897,1882,336.6,4.25,179.8,3,2.121,39.23,83.06,12.67,5.552,171.5,524.4,59.1,3.292,0.9859,206.4,53.02,307.9,878.5,672.2,105.4,0.03807,483.1,0.6277,0.7405,0.8192,0.5774,0.8551,0.1831,0.1654,0.8898,0.1895,649.4,1033,33.36,0.6015,800,2.275,254,0.4777
46,child0,child,83.4618,26.000,3.000,23.000,105.000,9.000,30.633,1.456,3291.000,20.273,62.417,1573,1610,160.2,113.9,4.088,1.929,1.181,1.5,12.85,0.01312,10.28,7.956,29.91,0.5,16.33,0.1632,36.13,26.53,18.71,1.07,0.8159,1844,367.7,3.898,216.4,2.888,1.866,43.51,76.9,13.92,5.012,216,557.8,59.72,3.74,1.243,180.9,53.1,347,769.5,553.6,120,0.03883,487.8,0.5678,0.6445,0.9038,0.5039,1,0.1543,0.1525,1,0.1632,698.9,954.4,41.78,0.5911,745.5,2.035,250,0.5391
46,child1,child,94.6548,26.000,0.000,26.000,95.000,19.000,207.833,2.929,3249.000,23.947,53.817,1651,1884,166.6,106.1,4.637,1.587,1.046,1.166,14.66,0.009364,11.26,10.05,28.65,0.5,18.54,0.1703,31.83,41.74,24.04,1.223,0.7948,1891,274.4,4.044,182.4,3,1.956,36.65,73.97,11.34,5.807,152.1,510,54.24,3.337,1.037,197,46.17,296.3,913.4,639.2,120,0.03988,572.6,0.5507,0.7721,0.5968,0.6895,0.8929,0.1805,0.1651,0.854,0.2165,733.7,912.2,32.64,0.6819,672.6,2.12,222.7,0.4384
46,child2,child,-22.7958,18.000,9.000,9.000,-3.000,-18.000,-45.083,2.819,3394.000,28.453,84.183,2076,2800,131.9,108.2,3.711,1.82,0.9486,1.423,16.21,0.01283,11.18,12.18,34.43,0.5742,15.69,0.1737,30.21,29.91,21.11,1.038,0.7106,1586,417.4,4.785,181.9,3,2.313,47.14,102.5,13.27,3.981,189.3,562.5,56.77,3.324,0.9978,223.3,56.02,294.6,874.8,620.4,120,0.03647,546.9,0.5116,0.8122,0.9639,0.609,0.9239,0.2305,0.1443,1,0.1841,755.6,1152,37.71,0.67,800,1.738,312.2,0.4628
46,child3,child,143.6211,36.000,0.000,36.000,151.000,25.000,257.283,1.933,4331.000,32.260,44.550,1949,2110,134.4,102.6,5.023,1.586,1.145,1.5,13.18,0.01278,11.85,8.437,26.57,0.5,14.62,0.1684,36.39,33.3,18.54,0.8884,0.8122,1949,351.5,4.239,144.8,2.634,1.94,35.26,90.34,15.27,4.714,165.5,605.8,62.08,2.79,0.9686,232,57.47,334.7,859.7,631.9,120,0.04536,493.9,0.6257,0.7162,0.9181,0.5546,0.9695,0.1549,0.1705,0.9308,0.1809,645.1,1177,26.57,0.6033,746.1,2.357,284.4,0.3262
46,child4,child,91.6308,30.000,0.000,30.000,98.000,-12.000,98.950,4.688,4162.000,21.387,55.333,1625,1718,135.4,118.7,4.024,1.645,1.053,1.486,16.6,0.01232,11.45,11.62,24.31,0.5,17,0.1745,25.19,28.76,27.54,1.086,0.9434,2000,358.8,5.069,183.5,3,2.032,36.61,78.81,12.57,6.126,133.3,497.3,57.76,3.367,1.309,205.2,47.53,327.2,750.2,698.8,101,0.03849,441.2,0.7407,0.5967,0.8079,0.657,0.8979,0.1514,0.1526,0.8346,0.276,686.6,1099,40.58,0.6318,703.6,2.322,291.1,0.5595
46,child5,child,123.2176,26.000,0.000,26.000,168.000,19.000,172.150,0.564,3720.000,30.160,60.917,2067,2259,166.5,110.6,4.786,1.864,0.8405,1.5,11.46,0.01249,10.09,8.125,24.07,0.5725,18.83,0.1569,32.23,38.19,20.23,1.328,0.7835,2000,339.4,4.016,177.5,3,2.058,42.15,96.49,13.8,5.94,155,588.7,65.35,3.167,1.02,185.7,60.68,258.1,765.9,523.5,120,0.03492,484,0.5968,0.693,0.7817,0.5122,0.7168,0.1664,0.1561,1,0.1955,666.5,1132,33.03,0.6336,800,3.277,264,0.4775
46,child6,child,108.1453,25.000,0.000,25.000,146.000,12.000,95.700,1.859,3513.000,26.513,73.167,2020,2104,163.4,103.2,4.08,1.792,0.9297,1.436,10.91,0.0137,12.79,8.186,27.73,0.5,14.71,0.1857,31.79,30.88,21.27,1.284,0.7636,1896,308.4,4.743,174.8,2.371,2.049,45.82,76.14,10.24,6.028,168.7,518,58.18,3.615,0.9722,199.8,51.06,317.9,1061,755.8,110.5,0.0307,514.2,0.6219,0.691,0.8649,0.531,0.7487,0.1704,0.129,0.8545,0.2107,715.8,1021,32.49,0.6291,800,2.342,283.9,0.5241
46,child7,child,92.2108,31.000,1.000,30.000,98.000,-3.000,-78.950,3.595,3821.000,23.393,58.583,1839,2279,133.4,97.83,4.514,1.949,0.8699,1.5,13.76,0.01528,12.32,7.294,17.89,0.5703,19.04,0.1492,31.73,36.44,28.09,1.298,0.821,1995,316.1,5.164,177,3,2.046,42.96,70.14,12.88,6.197,162.3,534.1,64.47,3.617,0.9931,216,49.84,293.4,834.7,602.8,112.8,0.03381,464.3,0.5961,0.7931,0.8118,0.5649,0.8374,0.1912,0.1733,0.9833,0.1701,660.7,1196,27.91,0.5561,744.1,2.473,276.3,0.5036
46,child8,child,133.7690,34.000,0.000,34.000,137.000,24.000,237.400,1.025,3889.000,33.767,45.250,1689,2298,143.8,102.8,4.041,1.797,1.117,1.426,12.12,0.01221,11.04,10.97,29.27,0.5,18.6,0.1499,41.09,26.49,25.1,1.136,0.7302,1912,349.7,4.458,185.4,3,1.972,35.56,86.14,13.18,4.469,190.9,534.9,56.97,3.116,0.8092,240.4,63.95,285.4,723.6,640.9,120,0.03485,409,0.5256,0.8384,0.7552,0.5095,0.8074,0.1843,0.1516,0.9021,0.1858,610.1,972.4,35.68,0.6915,774.6,2.276,284.8,0.4267
46,child9,child,91.8762,26.000,2.000,24.000,106.000,26.000,253.283,-0.161,3477.000,21.073,64.317,2200,2651,119.6,113.1,3.901,2,0.912,1.35,11.65,0.01096,9.198,9.32,23.87,0.5,18.98,0.1653,28.41,26.98,24.12,1.352,0.6986,1870,364,3.602,224.5,3,2.118,42.67,95.2,16.21,6.081,157,540.1,66.44,2.684,0.8684,239.6,48.97,261.5,866.9,900,106.6,0.04238,460.4,0.6024,0.6084,0.9322,0.6233,0.782,0.2188,0.1548,0.6664,0.1921,691.4,1112,32.61,0.5866,800,2.096,222.4,0.4505
46,child10,child,138.3909,30.000,0.000,30.000,154.000,35.000,260.283,0.527,3383.000,23.167,49.317,2200,2386,148.8,105.8,4.968,2,1.124,1.5,12.08,0.01401,13.2,9.108,28.43,0.5757,16.07,0.1506,31.36,30.51,21.52,1.302,0.9095,1830,319.4,3.865,185.7,2.852,2.487,37.82,82.9,12.41,5.1,182.3,704.3,54.82,3.09,1.218,210,51.23,307.7,840.5,778.9,85.8,0.03205,522.3,0.5778,0.6466,0.7143,0.4558,0.766,0.1865,0.1546,0.9638,0.2197,609.7,850.8,35.56,0.5189,741.6,2.132,313.5,0.5063
46,child11,child,82.7123,22.000,0.000,22.000,96.000,11.000,68.467,1.183,2768.000,25.467,52.217,2066,2096,167.1,113.7,4.054,1.86,1.2,1.43,12.49,0.01313,11.81,8.241,27.97,0.5266,20,0.2069,29.16,37.44,21.02,0.9971,0.8274,1657,406.9,4.794,168.2,3,2.154,57.96,98.87,13.65,5.917,129.2,467,55.56,3.008,1.044,180.7,63.63,332.1,842.3,786.6,108.7,0.03012,498,0.6888,0.7044,0.8567,0.5554,0.8161,0.2196,0.1702,0.7994,0.168,621.3,1200,36.26,0.4435,800,1.854,279.9,0.5096
46,child12,child,87.8412,25.000,0.000,25.000,112.000,-2.000,-12.867,0.151,3329.000,20.953,71.917,1885,2145,182.1,107.6,4.394,1.888,0.8857,1.394,11.98,0.01503,10.34,10.14,28.43,0.5,18.03,0.1648,34.06,31.58,17.59,1.252,0.7355,1854,307.1,4.922,179,3,1.992,35.12,71.53,14.76,4.659,180.7,523.9,63.21,3.077,1.128,214,60.45,330,997.3,630.2,84.28,0.03671,545.7,0.6124,0.5546,0.8568,0.5134,1,0.1609,0.1402,0.9073,0.1976,681.3,1037,32.76,0.6329,800,1.821,264.7,0.5326
46,child13,child,108.6183,24.000,0.000,24.000,143.000,18.000,96.450,0.029,3288.000,20.720,54.733,2200,2277,149.5,119,4.045,1.834,0.9439,1.477,12.51,0.01238,10.97,8.125,25.46,0.5588,20,0.1797,25.03,33.8,17.01,1.123,0.7121,1697,276,5.739,125.7,3,2.126,37.23,73.36,11.77,5.579,140.8,439.2,58.87,3.006,0.9554,182.9,68.92,323.3,797.4,741.6,108.1,0.03744,596.1,0.7575,0.8727,0.7361,0.606,0.8019,0.2168,0.1731,0.8852,0.1634,636.7,792.8,36.97,0.6883,602.8,2.197,268.3,0.5279
46,child14,child,83.6388,25.000,1.000,24.000,93.000,11.000,137.283,1.340,3144.000,23.467,66.900,1808,2036,177.4,111.4,4.598,2,1.108,1.5,12.49,0.01218,10.75,8.369,28.37,0.5414,19.31,0.1399,35.43,28.95,22.46,1.289,0.9859,1547,458.6,4.493,147.4,3,2.5,41.29,91.59,11.86,5.077,175.6,542.7,74.11,3.266,1.283,187.8,48.21,295.6,970,859.3,113.1,0.03497,491.4,0.5511,0.7487,0.848,0.6102,0.852,0.1851,0.1543,0.7904,0.175,607.6,1007,41.47,0.6237,800,2.621,264.8,0.4225
46,child15,child,113.4444,28.000,0.000,28.000,133.000,22.000,49.950,0.981,3523.000,23.000,54.150,1614,2298,151.3,101.5,3.572,1.869,0.9263,1.5,15.51,0.01297,10.88,9.997,25.19,0.5,19.99,0.1642,28.03,23.31,20.21,1.086,0.8231,2000,437,3.844,177.1,2.729,2.312,35.37,77.83,12.77,5.578,194.6,514.7,58.36,3.656,0.9353,222.3,57,360.4,972.2,542.2,116.7,0.04205,527.3,0.4841,0.8899,0.7505,0.5183,0.8495,0.1704,0.17,0.8313,0.2321,587.4,1096,37.74,0.5965,800,2.081,299.8,0.5185
47,parent,parent,121.7170,32.000,1.000,31.000,126.000,34.000,237.500,2.528,3816.000,26.687,62.683,1923,2192,155.4,119.5,4.108,1.871,0.9821,1.5,13.82,0.01251,11.39,9.306,26.01,0.5053,17.98,0.1601,32.02,30.79,21.66,1.153,0.7897,1882,336.6,4.25,179.8,3,2.121,39.23,83.06,12.67,5.552,171.5,524.4,59.1,3.292,0.9859,206.4,53.02,307.9,878.5,672.2,105.4,0.03807,483.1,0.6277,0.7405,0.8192,0.5774,0.8551,0.1831,0.1654,0.8898,0.1895,649.4,1033,33.36,0.6015,800,2.275,254,0.4777
47,child0,child,94.1157,23.000,0.000,23.000,120.000,19.000,-31.867,2.135,3104.000,20.693,60.050,2200,1955,141.4,117.1,4.473,2,0.8605,1.044,16.02,0.01325,9.466,8.591,22.64,0.5157,20,0.1705,38.02,35.61,19.8,1.205,0.9175,1898,340.8,3.904,219.3,2.802,1.8,29.21,96.3,13.98,6.246,136.1,521.3,68.64,4.309,1.036,204.8,49.69,349.6,982.7,566,99.38,0.03953,410.2,0.696,0.6363,0.8895,0.5599,0.7859,0.158,0.1982,1,0.1553,524.9,1023,34.02,0.713,688.4,2.255,232.8,0.5347
47,child1,child,110.2811,31.000,0.000,31.000,114.000,4.000,37.400,3.556,3487.000,23.947,57.800,1740,2572,152.7,90.26,4.216,2,0.8137,1.349,12.84,0.01829,11.23,10.78,24.14,0.5575,16.68,0.174,32.21,35.79,19.48,1.14,0.8627,2000,350.7,4.087,156.6,2.703,2.042,50.69,84.69,12.32,5.741,158.2,505,67.95,3.317,0.9859,179.4,50.85,318.2,922.5,589.2,120,0.04112,448.5,0.659,0.9055,0.8948,0.6193,0.7,0.234,0.1592,0.8762,0.1885,622.5,1047,31.02,0.4433,768.3,2.021,241.4,0.4362
47,child2,child,94.6198,22.000,0.000,22.000,149.000,-10.000,40.483,0.354,3480.000,23.133,77.533,2146,2370,187,110.4,4.039,1.597,1.183,1.374,13.81,0.01095,10.23,9.173,27.64,0.642,17.64,0.1679,27.25,33.6,19.57,1.418,0.8815,1829,284.8,4.791,158,2.529,1.987,37.72,64.04,11.74,5.682,235.1,610.2,50.08,4.194,0.9544,188.8,49.03,287,979.9,665.6,94.39,0.03681,559.2,0.5482,0.7877,0.8672,0.5882,1,0.2034,0.1334,1,0.1907,825.9,1178,30.12,0.5029,800,2.481,204.5,0.477
47,child3,child,119.8360,32.000,1.000,31.000,124.000,25.000,297.617,3.792,4065.000,25.073,48.550,1805,2032,115.8,105.2,4.926,1.83,1.151,1.162,14.59,0.01206,10.99,11.42,30.9,0.5,16.53,0.1301,35.6,28.55,22.4,1.35,0.7485,2000,309.3,4.675,181.3,2.949,2.042,38.85,79.31,16.18,4.085,168.1,444.5,56.39,3.182,0.7447,156.6,44.13,350.8,915.1,800.8,97.12,0.03633,431.2,0.6399,0.6718,0.8353,0.5007,0.7948,0.1967,0.1329,0.6855,0.1877,748.3,992.6,32.73,0.6444,800,2.093,279.3,0.4542
47,child4,child,60.3470,21.000,2.000,19.000,93.000,6.000,-33.367,1.130,3567.000,27.473,58.333,2200,2195,220,114.4,3.885,1.7,0.9573,1.49,14.32,0.01019,12.48,12.12,24.94,0.5055,19.14,0.1317,34.56,25.02,24.73,1,0.9975,1638,384.2,5.257,152.5,3,2.496,33.4,89.69,12.89,7.061,208.3,586.1,55.08,3.395,0.825,178.3,68.15,274.7,813.4,766.8,109,0.03281,478.2,0.61,0.8812,0.771,0.5,0.9442,0.2223,0.1431,0.9445,0.1939,552.2,1200,27.32,0.5776,800,2.06,317.6,0.458
47,child5,child,126.9661,33.000,0.000,33.000,137.000,26.000,145.450,2.551,4015.000,23.733,73.950,1834,2176,128.3,120,4.076,1.715,0.96,1.471,11.11,0.01279,10.49,8.721,28.37,0.5,17.54,0.1652,28.51,33.59,20.93,1.098,0.8723,1625,329.4,4.463,181.7,2.913,2.134,41.16,68.51,13.96,5.474,164.5,490.2,52.39,2.967,0.9516,217.2,52.9,273.6,894.9,782.1,99.73,0.0359,489.2,0.7646,0.8703,0.8067,0.608,0.921,0.178,0.1929,0.8263,0.1897,562,991.8,32.66,0.6017,800,1.817,281.5,0.3906
47,child6,child,38.9319,16.000,1.000,15.000,68.000,-8.000,-41.600,-0.201,3065.000,16.473,52.383,1484,2510,174.5,120,3.713,2,0.9491,1.5,14.21,0.01244,10.64,10.69,19.4,0.6621,14.46,0.1349,31.48,31.96,21.12,1.288,0.6881,1500,305.9,4.555,190.4,3,2.5,39.63,71.11,11.38,5.633,170.3,482.7,61.06,3.027,1.164,192.1,52.55,355.5,1021,630.6,115.9,0.04076,532.5,0.6803,0.6875,0.8602,0.6016,0.8332,0.2095,0.1383,0.9607,0.1755,658,1145,30.99,0.7472,797.5,1.966,249.3,0.5535
47,child7,child,49.6519,13.000,0.000,13.000,79.000,15.000,92.917,0.794,2660.000,25.353,49.683,1615,2103,153.3,120,3.906,1.878,1.157,1.379,13.33,0.01325,11,8.09,25.59,0.5129,17.67,0.1457,27.92,29.94,19.1,1.371,0.6824,1753,370.1,4.265,172.3,2.678,2.098,39.74,89.13,11.89,5.48,186,542.9,57.01,2.986,0.8746,207,51.94,279.7,969.2,623.8,108.8,0.03346,396.6,0.5486,0.7393,0.7504,0.7528,1,0.1694,0.1631,0.8116,0.203,700.7,972.7,31.88,0.5613,730.8,1.993,286,0.5133
47,child8,child,82.4053,22.000,0.000,22.000,129.000,-2.000,-41.067,0.213,3944.000,19.447,55.950,2029,1997,129.8,111.2,4.198,2,0.9205,1.5,12.33,0.01184,11.29,8.775,26.42,0.5,18.66,0.1759,32.2,26.32,16.74,1.412,0.6107,1602,375.4,3.087,213.8,2.951,2.5,40.26,78.72,14.35,5.466,210.1,443.8,65.96,3.142,0.9655,189.4,58.61,356.3,1064,622.1,103.6,0.02673,499.4,0.6894,0.9305,0.9066,0.6533,1,0.1813,0.1705,0.9497,0.1579,672.6,1036,28.04,0.5605,753.6,2.42,266,0.4542
47,child9,child,86.8299,19.000,1.000,18.000,125.000,22.000,133.583,0.997,2891.000,22.587,60.717,1835,2334,149.2,120,4.636,2,1.152,1.5,12.04,0.01427,10.81,9.063,22.11,0.5319,18.67,0.157,30.36,28.06,20.22,1.169,0.7623,1986,347.8,3.657,211.1,3,2.119,44.91,96.85,12.75,4.517,186.9,548.6,58.29,3.715,1.039,169.3,53.46,279.6,781.7,753.9,115.3,0.03664,501.6,0.4297,0.8143,0.817,0.6757,0.7977,0.1884,0.1533,0.8136,0.2072,639.4,1101,34.62,0.6267,645.8,2.453,280.5,0.4896
47,child10,child,134.7334,35.000,2.000,33.000,158.000,18.000,137.783,1.845,4213.000,24.347,59.800,1730,2409,146.2,120,4.265,2,0.9337,1.5,14.68,0.01439,10.38,8.019,27.32,0.5549,18.31,0.1341,25.31,36.19,22.86,1.158,0.7587,1967,297.9,3.876,176.5,3,2.431,34.79,79.92,12.51,5.724,148.2,577.1,55.36,3.635,0.925,176.2,54.46,250,859.1,836.5,111.2,0.03382,600,0.6405,0.636,0.8778,0.5979,0.7,0.1815,0.1844,0.9596,0.1686,623.2,940.7,38.67,0.5314,615.6,2.12,258.2,0.4211
47,child11,child,137.9543,34.000,1.000,33.000,145.000,40.000,162.900,1.827,3771.000,25.507,54.567,1985,2138,153.1,120,4.476,1.886,1.02,1.5,10,0.01079,12.17,11.11,24.58,0.5105,15.76,0.1755,30.56,28.73,18.13,0.9345,0.6881,1646,330.5,4.543,198.7,2.272,2.31,32.27,77.83,13.33,5.329,199.4,534.4,52.48,2.959,0.9092,244.5,56.77,265.2,881.6,766.5,101.3,0.04354,498.9,0.5466,0.6517,0.8007,0.6491,0.7,0.1722,0.1476,0.8699,0.1729,640.2,925.4,33.57,0.6264,800,2.041,290.1,0.4448
47,child12,child,129.4926,28.000,0.000,28.000,171.000,25.000,190.500,0.339,4112.000,23.887,54.783,2022,2542,145.3,102.7,3.864,1.885,0.8722,1.5,13.79,0.01294,11.33,7.9,27.82,0.5,16.28,0.1908,35.37,30.58,23.12,1.122,0.8137,2000,370.1,4.488,165.9,2.714,2.122,44.49,93.14,11.18,5.415,127.2,649.8,67.09,3.02,1.254,181.9,44.77,349.3,1040,604.7,120,0.03703,503.7,0.6597,0.7226,0.9415,0.5631,0.811,0.1477,0.1541,1,0.1795,687.1,1120,43.14,0.7008,800,2.411,206.9,0.4362
47,child13,child,94.5728,21.000,0.000,21.000,154.000,1.000,123.867,0.365,4040.000,19.987,58.883,1670,2190,176.8,108.5,3.927,1.44,0.9501,1.5,12.04,0.01168,9.122,10.16,25.86,0.5934,17.14,0.1472,32.49,30.5,20.94,1.149,1.056,1781,351.4,4.162,214.4,3,2.169,40.12,76.02,11,5.833,161.4,514.8,71.3,3.4,1.022,204.9,60.36,381.6,875,657.6,113.6,0.03107,502.7,0.5559,0.965,1,0.4628,1,0.1869,0.1892,1,0.1745,590.4,928.7,34.76,0.4928,800,2.459,274.6,0.4917
47,child14,child,41.7342,22.000,3.000,19.000,56.000,-1.000,-87.450,0.220,3393.000,18.753,56.217,2185,2174,163.6,116.6,4.108,1.798,1.2,1.496,14.73,0.01207,9.745,11.72,30.35,0.5239,20,0.1376,27.48,33.25,16.28,1.053,0.7044,2000,342.3,3.78,212.4,2.461,2.143,43.21,80.78,12.85,5.42,178.9,571.9,64.88,3.016,1.137,186.1,55.76,305.3,1059,665.8,101.7,0.041,392.4,0.6252,0.8779,0.6998,0.5089,0.7168,0.1826,0.1562,0.844,0.1763,663,1132,31.55,0.5323,800,2.381,329,0.4405
47,child15,child,87.0628,25.000,0.000,25.000,120.000,-3.000,-43.167,0.875,3958.000,20.980,52.333,2188,1955,126,113.6,4.412,1.799,0.7645,1.5,15.22,0.01416,11.41,9.675,21.05,0.5,17.21,0.1619,31.25,27.96,20.62,1.048,0.8289,1911,338.9,3.866,164.3,3,2.025,40.32,77.5,14.17,5.717,180.4,504.3,53.36,3.749,1.352,191.6,41.2,367.1,820.6,602.6,120,0.03174,523.2,0.5666,0.6919,0.8156,0.5701,0.975,0.1905,0.1653,0.8601,0.1856,631.6,922.8,30.55,0.57,800,2.349,255.6,0.433
48,parent,parent,154.2820,35.000,0.000,35.000,163.000,40.000,329.850,2.237,3971.000,29.900,52.333,1985,2138,153.1,120,4.476,1.886,1.02,1.5,10,0.01079,12.17,11.11,24.58,0.5105,15.76,0.1755,30.56,28.73,18.13,0.9345,0.6881,1646,330.5,4.543,198.7,2.272,2.31,32.27,77.83,13.33,5.329,199.4,534.4,52.48,2.959,0.9092,244.5,56.77,265.2,881.6,766.5,101.3,0.04354,498.9,0.5466,0.6517,0.8007,0.6491,0.7,0.1722,0.1476,0.8699,0.1729,640.2,925.4,33.57,0.6264,800,2.041,290.1,0.4448
48,child0,child,4.7347,12.000,4.000,8.000,9.000,24.000,388.867,1.473,2931.000,29.860,47.833,1884,1910,152,106.5,3.863,1.698,0.9411,1.36,10,0.01256,13.22,12.04,25.66,0.5468,16.01,0.1765,27.86,33.49,15.95,0.9834,0.6721,1500,405.6,4.742,222.1,2.086,2.296,32.69,95.47,17.48,5.074,208.8,494.7,46.75,3.172,0.858,259.9,54.69,281.8,880.5,764.4,103,0.03734,545.1,0.5485,0.6827,0.7561,0.6895,0.7631,0.1608,0.1637,1,0.2318,816,1125,30.04,0.612,710.4,1.927,273.7,0.3857
48,child1,child,168.4720,38.000,0.000,38.000,180.000,42.000,344.500,2.150,4261.000,29.913,62.917,2009,2112,190,120,4.363,1.788,1.111,1.5,11.58,0.01216,14.22,9.082,24.38,0.5155,16.79,0.1934,34.43,33.63,21.83,1.026,0.7028,1549,369.9,4.711,188.1,2.603,2.103,35.48,77.21,11.16,5.786,218.5,522.7,54.29,2.658,1.015,262.3,54,274.8,887.6,753.1,115,0.03699,484.3,0.4585,0.6199,0.9517,0.648,0.7,0.1782,0.1303,0.9465,0.2087,568.1,832,30.69,0.7847,723.1,2.115,303.7,0.4357
48,child2,child,121.9306,30.000,0.000,30.000,143.000,20.000,82.983,2.511,3718.000,24.680,68.367,2149,1714,164.1,107.6,4.56,1.581,1.2,1.491,10.39,0.01205,10.61,10.45,28.49,0.5,12.64,0.1256,30.47,31.06,14.76,1.097,0.8424,1647,327.4,4.563,211.4,2.134,1.841,31.94,78.48,16.08,4.552,234.1,584.5,60.25,2.785,0.7959,263.6,59.4,228.1,794.8,753.7,80.99,0.04384,483.8,0.5453,0.6326,0.8078,0.6789,0.7,0.1586,0.137,0.9681,0.2092,617.9,897.7,37.23,0.6091,800,2.357,271.2,0.4142
48,child3,child,33.0242,14.000,1.000,13.000,63.000,-9.000,-93.083,0.014,2537.000,16.147,68.367,2069,2347,164.5,112,4.273,1.639,1.141,1.478,10.31,0.01023,12.14,11.28,23.17,0.5857,20,0.1874,27.91,26.48,14.89,0.8788,0.6571,1665,320,3.706,208.8,2.598,2.237,31.72,73.13,12.95,5.361,172.6,509.9,55.82,2.964,0.7868,202.5,59.67,257,723.8,743.9,109.2,0.04194,501.9,0.6479,0.7317,0.8432,0.6504,0.7,0.1645,0.1273,0.6681,0.162,617.4,891,36.83,0.6464,800,1.788,243,0.4409
48,child4,child,144.1264,33.000,1.000,32.000,152.000,57.000,411.617,1.676,3937.000,27.887,61.850,2200,2273,167.6,117.9,4.847,1.875,1.091,1.5,10,0.009081,12.07,14.41,26.93,0.5,15.53,0.1699,28.95,31.43,17.01,0.8544,0.7163,1703,386.9,4.158,177.7,2.113,1.926,33.48,77.64,14.51,5.17,223.3,681.3,57.59,3.487,0.9067,254.6,51.86,282.1,744,758.8,84.9,0.04479,510.4,0.6132,0.5587,0.7414,0.679,0.7838,0.2094,0.1564,0.9103,0.1703,608.9,979.3,40.6,0.594,775.5,2.069,318.4,0.4835
48,child5,child,149.7164,36.000,2.000,34.000,172.000,32.000,198.850,1.796,4045.000,31.233,59.850,1768,2231,170.6,118.1,5.213,1.891,1.2,1.289,11.58,0.01173,14.74,9.639,19.69,0.5127,14.05,0.151,31.57,35.85,23.04,1.064,0.5149,1737,327,4.679,197.7,2.268,2.5,30.69,76.43,11.71,6.449,185.5,657.9,52.14,2.66,0.9457,204.4,47.02,263.1,834.8,717.1,109.7,0.05046,482.9,0.591,0.6451,0.9032,0.8781,0.7521,0.1755,0.1478,0.7447,0.183,633.8,904.6,34.95,0.5941,800,2.143,291.7,0.4594
48,child6,child,7.4378,8.000,0.000,8.000,11.000,8.000,62.517,-1.196,1898.000,12.460,40.883,2050,2800,145.7,120,4.447,2,1.084,1.5,10,0.01177,11.18,10.67,21.08,0.5,10.71,0.1752,29.14,30.64,16.61,0.8624,0.6746,1802,307.2,3.877,191.4,2.07,2.207,40.9,60.64,11.06,4.936,211.8,539.2,61.99,3.013,0.7587,243.2,58.65,247.9,885.3,895.4,113.8,0.0355,591.7,0.4552,0.5982,0.7852,0.5724,0.8025,0.1739,0.1486,0.9258,0.1642,542,1200,34.31,0.7184,798.7,1.976,307.4,0.4264
48,child7,child,86.0822,21.000,0.000,21.000,107.000,17.000,89.900,0.431,2875.000,17.447,53.367,2200,1962,174,101.7,4.693,1.853,1.109,1.5,10,0.01092,11.72,10.54,19.98,0.567,15.1,0.1692,29.09,23.3,17.2,0.9713,0.7441,1533,442.9,4.141,161.4,2.848,2.362,31.94,68.91,12.79,6.525,221,504.9,55.75,3.167,1.065,290.1,58.71,235,985.8,740.3,98.22,0.0489,393.1,0.4624,0.7178,0.8418,0.602,0.8082,0.1811,0.1457,0.9431,0.1828,548,765.1,28.8,0.6402,761.2,2.028,265.5,0.5346
48,child8,child,174.1894,44.000,0.000,44.000,170.000,25.000,182.433,3.524,4530.000,28.813,50.400,2102,2082,147.6,120,4.323,1.564,1.154,1.5,10,0.009969,11.22,11.18,24.22,0.5531,15.58,0.1732,37.82,25.09,20.14,0.7893,0.668,1444,330.1,5.144,188.6,2.103,2.195,36.94,75.26,12.97,4.327,190.8,527.9,55.77,2.958,0.8159,229.2,52.51,256,714.9,690.3,97.21,0.04683,600,0.5429,0.6456,0.8404,0.7836,0.7,0.168,0.1291,0.8944,0.1712,498.9,958.1,37.95,0.6381,749,2.093,367.2,0.4107
48,child9,child,129.5078,34.000,0.000,34.000,141.000,22.000,126.483,2.720,4248.000,27.733,60.283,1910,1989,137.5,109.3,4.949,1.613,1.04,1.271,10,0.01178,11.92,9.199,24.05,0.5461,12.91,0.1765,28.77,28.83,19.31,0.982,0.6209,1480,339.8,5.137,203,2.132,2.5,36.09,73.54,11.61,6.127,169.6,520.7,56.33,3.039,0.9795,252.6,56.88,243.7,811.7,783.1,120,0.04337,450.3,0.5852,0.5878,0.6765,0.6656,0.7,0.1897,0.1713,1,0.1817,531.1,692.5,30.63,0.5749,800,2.049,265.3,0.4489
48,child10,child,122.5569,30.000,0.000,30.000,137.000,32.000,280.833,0.329,3984.000,26.760,56.083,2086,2371,173.4,113.8,5.193,2,0.9579,1.5,10,0.01238,14.07,11.01,23.13,0.5546,16.1,0.1755,28.97,28.11,15.16,0.7634,0.6932,1482,278.5,4.4,174.7,2.421,2.444,31.9,76.66,14.06,5.192,167.7,579.3,52.61,2.829,0.7603,256.8,65.03,307.2,869.1,777.7,95.87,0.03837,507.3,0.604,0.6345,0.8156,0.5202,0.7,0.1928,0.168,0.9284,0.1684,535.8,1088,31.79,0.5991,653.2,1.581,301.7,0.4296
48,child11,child,125.5104,34.000,1.000,33.000,126.000,18.000,164.450,3.558,3599.000,28.027,63.650,1722,1906,154.3,118,4.039,1.978,0.9976,1.483,11.84,0.0119,15.36,9.653,20.87,0.5227,13.16,0.1819,30.01,30.63,19.35,1.09,0.5749,1505,314.3,4.736,196.9,2.132,2.213,32.89,68.24,16.39,5.187,194.5,499.8,44.29,2.937,0.9008,204.5,69.32,289.5,906.2,798.2,109.3,0.04923,504.6,0.5812,0.6525,0.7948,0.7517,0.7,0.1532,0.1048,0.8694,0.1596,620,997,44.97,0.6245,707,1.744,354.3,0.4475
48,child12,child,96.6194,22.000,0.000,22.000,126.000,17.000,251.133,1.258,3303.000,27.287,56.733,2200,1948,148.3,98.61,3.643,1.787,0.9267,1.5,10,0.01153,11.14,10.73,24.08,0.5,14.9,0.1918,25.38,36.72,18.51,0.8794,0.5867,1465,411.5,4.153,186.9,2.049,2.129,38.82,87.23,13.98,5.889,200.6,426.1,47.87,2.723,0.7957,221,59.52,215.2,987.3,594.3,93.85,0.0493,559.3,0.4978,0.5955,0.7122,0.5321,0.8662,0.1942,0.1425,0.8523,0.1693,717.6,859.2,35.18,0.6747,787.4,1.978,278.7,0.3808
48,child13,child,106.6342,29.000,1.000,28.000,117.000,16.000,235.500,0.448,3600.000,31.447,48.550,2200,2176,201.3,105.4,4.615,1.89,0.8579,1.5,10,0.01195,11.36,11.7,25.18,0.5048,14.93,0.194,32.9,29.77,19.73,1.054,0.7099,2000,285.9,4.142,225.8,2.991,2.356,32.47,85.83,14.1,6.701,208.1,623.4,53.36,3.007,0.9518,237.6,55.18,229.4,814.4,714.6,86.59,0.04227,413.2,0.6023,0.5772,0.7129,0.7809,0.7,0.1974,0.1379,0.7601,0.1671,661.6,991.3,31.58,0.5496,712.6,1.802,273.1,0.438
48,child14,child,125.3068,28.000,2.000,26.000,160.000,27.000,241.850,1.372,3457.000,29.693,60.767,2189,2284,154.5,120,4.166,2,1.117,1.246,10.81,0.01157,13.36,11.1,32.11,0.5,18.25,0.2045,35.74,29.61,17.31,0.9435,0.5684,1971,405.5,4.392,205.1,2.312,2.5,33.24,75.14,15.81,5.815,253.1,629.4,52.71,3.082,0.892,271.1,58.52,275.1,924.2,783.9,104.7,0.04565,600,0.5764,0.7038,0.6703,0.5769,0.7,0.1504,0.1656,1,0.1689,658.1,953.5,34.52,0.6186,800,1.561,263.1,0.474
48,child15,child,81.3804,25.000,0.000,25.000,89.000,12.000,16.167,1.150,3260.000,28.313,59.867,1975,2287,174.9,120,4.769,1.583,0.9847,1.48,10,0.01306,10.08,11.74,20.75,0.5071,15.09,0.1811,27.84,27.61,19.96,1.093,0.7256,1721,385.3,4.336,189.6,2.431,2.5,32.15,78.07,12.01,5.6,196,550.1,44.26,2.34,0.8351,232.2,51.14,241.9,971.3,769.4,104,0.03911,525.6,0.5654,0.8081,0.6966,0.5408,0.7,0.2071,0.1225,0.8867,0.2105,685,819.3,38.01,0.6682,800,1.958,212.5,0.3967
49,parent,parent,144.0947,32.000,0.000,32.000,167.000,29.000,179.550,3.125,3681.000,29.020,66.467,2102,2082,147.6,120,4.323,1.564,1.154,1.5,10,0.009969,11.22,11.18,24.22,0.5531,15.58,0.1732,37.82,25.09,20.14,0.7893,0.668,1444,330.1,5.144,188.6,2.103,2.195,36.94,75.26,12.97,4.327,190.8,527.9,55.77,2.958,0.8159,229.2,52.51,256,714.9,690.3,97.21,0.04683,600,0.5429,0.6456,0.8404,0.7836,0.7,0.168,0.1291,0.8944,0.1712,498.9,958.1,37.95,0.6381,749,2.093,367.2,0.4107
49,child0,child,93.3763,27.000,0.000,27.000,86.000,24.000,194.967,2.435,3031.000,28.587,73.717,1946,1963,158.2,120,4.888,1.79,1.2,1.409,11.16,0.0103,12,13.33,25.09,0.5,16.17,0.2064,35.24,23.45,18.24,0.8024,0.7476,1266,303.5,4.974,220.4,2.084,1.81,31.16,84.1,14.68,4.43,202.8,592.8,55.28,2.916,0.7231,196.5,56.63,234.8,690.2,719.3,95.1,0.0611,433.4,0.5386,0.6831,0.9732,0.7129,0.7074,0.1446,0.1174,0.6692,0.1598,462.3,794,37.91,0.6452,694.2,1.998,337.8,0.4217
49,child1,child,158.6487,34.000,0.000,34.000,194.000,39.000,253.217,2.096,4477.000,29.153,65.783,2061,1976,159.3,120,5.122,1.403,1.2,1.494,10,0.01024,13.04,12.65,28.44,0.6141,17.65,0.1667,32.28,22.88,17.6,0.8655,0.7391,1464,377.2,5.302,219.7,1.981,2.086,34.33,69.08,11.09,5.662,187.7,513.3,54.35,3.129,0.7863,259,61.24,246.1,716.3,867.7,109.3,0.04522,598,0.5215,0.5448,0.9524,0.7463,0.7429,0.2198,0.1229,1,0.2182,467.6,1090,35.99,0.5593,800,1.998,326,0.3671
49,child2,child,118.0473,32.000,1.000,31.000,116.000,37.000,156.667,3.969,3675.000,28.207,59.000,2200,2092,153.1,120,4.698,1.532,1.082,1.468,10,0.008805,11.21,14.13,26.21,0.6013,15.41,0.1746,35.52,22.22,22.64,0.8232,0.5538,1541,303.7,5.231,147.7,2.153,2.121,40.82,73.67,14.28,4.092,194.8,517.4,50.69,2.739,0.8056,210.6,44.53,297.5,659.9,755.8,100.4,0.04176,600,0.4849,0.6216,0.8169,0.9,0.7066,0.1575,0.1424,0.931,0.1928,482.8,925.5,48.78,0.7396,800,1.912,321,0.5101
49,child3,child,130.3243,30.000,0.000,30.000,142.000,44.000,257.867,0.790,3643.000,24.247,61.733,1912,1916,140.1,120,3.896,1.635,1.2,1.388,12.05,0.01046,10.55,11.89,22.7,0.6014,13.01,0.1901,39.94,26.53,21.19,0.733,0.7519,1674,289.3,3.758,182.2,1.778,1.65,38.69,78.88,12.03,3.676,188.2,546.1,63.72,2.429,0.8503,188.7,55.76,215.4,685,635.7,84.64,0.05114,600,0.543,0.6879,0.7825,0.5783,0.7672,0.141,0.1513,1,0.1773,478,1080,33.17,0.6299,696,2.209,400,0.4085
49,child4,child,-4.8622,2.000,0.000,2.000,22.000,2.000,-30.550,-2.652,1434.000,12.967,46.883,2200,1938,150,110.6,5.13,1.833,0.9751,1.488,10,0.009571,9.783,12.1,26.66,0.6253,17.2,0.1535,39.09,29.27,20.78,0.8692,0.904,1527,293.7,4.777,147.2,2.424,2.447,35.6,64.99,10.32,4.809,204.1,432.1,60.95,3.3,0.9112,191.8,55.64,277,621,616.6,72.58,0.03723,600,0.5941,0.655,0.9371,0.7625,0.72,0.1624,0.1283,0.729,0.1485,421.6,885.4,40.22,0.6578,695.8,1.943,400,0.4857
49,child5,child,161.1150,39.000,0.000,39.000,166.000,37.000,287.667,2.492,4430.000,28.993,60.850,1915,2247,172.1,120,4.159,1.721,1.107,1.5,10.09,0.00977,13.26,13.97,22.03,0.5,14.72,0.1753,34.54,26.82,20.38,1.035,0.539,1442,359.9,5.522,152.1,2.527,2.267,33.67,78.65,16.43,4.877,209.4,533.1,59.69,3.36,0.9354,222.1,52.41,221.1,685.1,704.8,85.69,0.03887,559,0.6315,0.7103,0.8001,0.8225,0.7189,0.2077,0.1519,0.8775,0.1586,400.4,1083,33.31,0.6424,750.3,2.188,400,0.4047
49,child6,child,97.6004,27.000,1.000,26.000,113.000,11.000,51.400,0.589,3147.000,37.153,52.367,1902,2163,142.4,120,3.625,1.657,1.2,1.5,10.19,0.01009,11.89,10.31,27.75,0.6295,17.78,0.1972,39.87,28.95,17.42,0.7361,0.717,1763,360.7,4.467,220.1,2.647,2.257,34.39,74.56,15.07,4.826,179.1,530.4,43.27,3.159,0.7084,216.1,55.44,285.6,774.3,688.5,97.26,0.0425,600,0.4851,0.63,0.7903,0.9,0.7109,0.2014,0.1145,0.9609,0.201,548.1,1051,38.65,0.607,706.3,2.573,348.1,0.434
49,child7,child,58.2644,18.000,2.000,16.000,98.000,1.000,24.133,-0.125,3190.000,15.873,58.683,2200,2256,134.1,120,4.423,1.509,1.104,1.408,11.07,0.01124,11.68,8.607,21.5,0.5254,15.32,0.172,32.65,22.31,19.15,0.7296,0.8096,1277,350.6,3.927,198.7,2.329,2.415,31.73,78.52,15.77,4.361,192.3,548.6,63.26,2.943,0.7639,233.8,48.62,249.4,734.2,663.9,93.13,0.04794,600,0.4741,0.6258,1,0.8484,0.7,0.1939,0.1228,0.8894,0.1606,564.7,1057,39.04,0.6804,800,2.06,351.5,0.4122
49,child8,child,82.6397,19.000,0.000,19.000,117.000,8.000,55.433,-0.722,2802.000,18.713,53.167,1695,2344,129.2,120,3.982,1.595,1.164,1.44,11.45,0.008349,11.7,12.64,24.16,0.6147,16.87,0.1706,33.7,26.42,21.57,0.6587,0.7447,1453,289.2,5.104,176.5,1.908,2.224,34.75,63.66,13.41,4.125,182,613.2,54.3,3.158,0.7673,233,39.3,332.1,817,700.6,107.6,0.04796,453.4,0.4722,0.789,0.8893,0.5965,0.7,0.1737,0.1404,0.9461,0.1832,454,890.9,38.31,0.5755,800,2.303,383.8,0.4792
49,child9,child,139.0563,38.000,1.000,37.000,126.000,27.000,301.650,2.283,3946.000,26.847,53.733,1656,2495,140.2,120,3.913,1.574,1.2,1.5,10,0.008153,12.02,11.92,21.23,0.6152,17.36,0.1508,49.57,26.2,20.32,0.6959,0.6016,1542,286.9,6,224.7,2.055,2.142,31.47,65.78,13.46,4.039,190.5,456.8,48.94,3.768,0.8268,245.3,53.39,241.9,651.6,719.7,97.53,0.05469,414.3,0.5425,0.6668,0.8362,0.8726,0.7004,0.1847,0.1227,0.8202,0.1842,483.9,1010,35.53,0.5368,579.1,1.977,400,0.4311
49,child10,child,135.4050,38.000,0.000,38.000,128.000,20.000,120.133,1.380,4135.000,25.127,58.250,1950,1907,187.3,115.5,4.142,1.537,0.9257,1.451,10.24,0.009598,12.83,12.1,31.84,0.5,18.17,0.1732,39.76,28.55,22.44,0.8726,0.7108,1305,306.7,4.087,185.7,2.091,2.5,40.72,69.27,13.79,4.77,166.9,546.7,60.9,3.637,0.6697,186.2,39.16,262.8,636.6,630,101.9,0.04473,600,0.4819,0.6896,0.7845,0.8015,0.7,0.1746,0.1389,0.862,0.1531,561.4,1024,41.18,0.6239,748.3,1.704,336,0.4502
49,child11,child,94.7523,23.000,1.000,22.000,120.000,29.000,190.150,1.765,3290.000,28.547,59.783,2200,2129,143.6,120,4.728,1.729,1.149,1.195,10,0.01074,9.867,10.99,21.02,0.6143,15.1,0.1732,41.98,22.8,20.8,0.7916,0.7197,1833,373.1,5.232,213.9,1.886,2.344,40.36,77.49,12.75,3.957,267.4,567.4,46.47,3.336,0.7394,193.8,41.86,239.1,771.3,723.8,104.6,0.04229,536.7,0.5717,0.6206,0.9933,0.7526,0.7,0.1563,0.1164,0.8743,0.1595,486.1,974.8,35.33,0.7185,651.7,1.65,372.1,0.4472
49,child12,child,126.5761,34.000,1.000,33.000,135.000,21.000,199.883,2.298,4009.000,30.407,61.400,1665,2328,159,107.8,4.426,1.894,1.137,1.48,10.53,0.009641,11.29,10.87,27.64,0.6233,15.3,0.1962,41.85,27.3,23.61,0.6994,0.6211,1889,347.7,5.051,201.4,1.791,2.108,32.78,73.71,11.93,4.136,196.6,648.1,63.87,3.677,1.086,193.3,54.24,275.9,722.1,805.9,102,0.04995,477.8,0.4524,0.7512,0.834,0.9,0.7,0.1492,0.151,0.793,0.1713,470.3,847.9,39.24,0.5683,752.1,2.199,353.3,0.3514
49,child13,child,91.2066,23.000,1.000,22.000,100.000,25.000,174.600,2.012,2676.000,24.947,50.367,2050,1923,126.7,110.8,4.839,1.49,1.132,1.127,10,0.01011,10.34,10.92,27.88,0.5548,17.9,0.1984,35.05,26.28,19.57,0.8914,0.6601,1248,344.7,4.186,221.4,2.614,2.003,37.15,87.39,14.65,3.769,173.8,571.8,60.08,2.828,0.8994,221.7,54.83,257.5,665.8,579.5,100.5,0.04585,464.4,0.6804,0.6812,0.6924,0.9,0.7521,0.1797,0.1237,0.7072,0.1714,551.5,964,39.32,0.6564,728.5,2.603,400,0.3974
49,child14,child,102.1363,24.000,0.000,24.000,142.000,3.000,-2.583,0.209,3394.000,23.633,52.133,2200,2507,114.8,100.5,4.345,1.624,1.03,1.377,10,0.01129,9.813,11.97,25.08,0.5,13.03,0.2121,43.97,21.76,20.52,0.8175,0.6781,1278,346.1,5.188,215.1,1.792,1.945,48.11,62.95,14.54,3.632,198.5,576.1,51.91,3.432,0.7994,249.4,49.72,251.6,709.6,726.5,115.2,0.0441,420.5,0.4831,0.583,0.65,0.8017,0.7431,0.184,0.1412,0.7959,0.157,594,966.9,36.11,0.6048,800,2.122,385.1,0.4601
49,child15,child,110.9401,29.000,1.000,28.000,133.000,19.000,188.633,1.048,3814.000,29.567,65.600,2144,1637,125.4,99.98,5.042,1.427,1.2,1.5,10.58,0.0107,12.63,10.51,22.87,0.5881,16.08,0.1658,35.13,30.97,22.72,0.9742,0.5981,1499,373,4.982,161.8,2.39,2.392,37.19,71.97,14.79,4.17,172.3,448.5,56,3.146,0.7782,276.1,59.24,265.8,609.9,678.9,114.3,0.05165,600,0.5934,0.6349,0.7605,0.7806,0.8668,0.1509,0.1515,0.9417,0.1984,523.8,1113,30.42,0.6309,707.3,2.131,347.7,0.389
50,parent,parent,163.1132,37.000,0.000,37.000,186.000,23.000,249.933,1.293,4287.000,30.787,51.833,1915,2247,172.1,120,4.159,1.721,1.107,1.5,10.09,0.00977,13.26,13.97,22.03,0.5,14.72,0.1753,34.54,26.82,20.38,1.035,0.539,1442,359.9,5.522,152.1,2.527,2.267,33.67,78.65,16.43,4.877,209.4,533.1,59.69,3.36,0.9354,222.1,52.41,221.1,685.1,704.8,85.69,0.03887,559,0.6315,0.7103,0.8001,0.8225,0.7189,0.2077,0.1519,0.8775,0.1586,400.4,1083,33.31,0.6424,750.3,2.188,400,0.4047
50,child0,child,28.5624,6.000,0.000,6.000,56.000,19.000,91.600,-3.332,1562.000,13.287,44.550,2200,2300,187.7,116.8,4.415,1.62,1.123,1.417,10,0.007275,10.03,12.83,18.29,0.5,13.48,0.1789,38.12,27.21,17.71,1.176,0.4696,1569,367.9,5.589,146.8,2.261,2.5,38.18,71.03,13.24,4.42,157.6,548.4,65.63,3.283,1.04,235.5,53.84,217.1,818.9,883,89.74,0.03654,545,0.8,0.8229,0.6205,0.9,0.7,0.1965,0.1294,0.7586,0.1726,395.2,1200,34.49,0.5511,697.3,1.89,349.9,0.342
50,child1,child,116.1244,27.000,1.000,26.000,146.000,12.000,173.567,-0.216,3239.000,21.520,60.967,1660,2675,164.2,120,4.004,1.897,0.9989,1.45,10,0.009327,14.52,15.44,22.66,0.5927,15.19,0.1448,27.31,22.21,19.84,1.048,0.5376,1360,383.8,6,124.2,2.73,2.497,35.26,71.8,18.29,4.916,251.3,539,53.69,3.028,0.9706,274.8,41.43,253.6,741.6,713.8,97.17,0.03715,577.6,0.7327,0.735,0.7433,0.8131,0.7875,0.2015,0.1766,0.8159,0.1572,498.5,1200,30.42,0.6167,800,1.902,381.4,0.417
50,child2,child,116.6250,28.000,1.000,27.000,146.000,26.000,147.717,0.976,3823.000,24.807,53.067,2015,2628,152.1,110.3,4.171,1.935,1.035,1.5,10,0.008999,12.63,12.45,23.31,0.5297,12.43,0.1363,33.03,29.73,22.19,1.081,0.474,1367,356.5,5.807,181.9,2.108,2.371,33.44,78.62,17.32,5.518,218.9,606.5,66.04,3.617,0.838,246.8,60.27,247.6,710.7,692.6,104.3,0.03734,548.9,0.5624,0.6557,0.6981,0.8696,0.7626,0.2408,0.1596,0.8067,0.1943,478.8,949,40.09,0.6892,742.2,2.074,400,0.3603
50,child3,child,3.7746,1.000,0.000,1.000,32.000,9.000,184.733,-2.227,1490.000,10.200,36.867,1331,2545,158.5,120,4.777,1.494,1.094,1.5,10.87,0.01019,13.5,15.14,30.42,0.5552,15.8,0.1559,29.27,24.6,19.59,1.017,0.5358,1738,386.5,5.436,177.3,2.678,2.052,33.71,71.47,16.54,4.107,168.6,589,71.11,2.838,0.9402,218.1,44.28,223.2,652.3,770,84.34,0.04186,494,0.575,0.6269,0.7349,0.8548,0.7367,0.2043,0.1728,0.8317,0.1647,329.6,1058,32.22,0.6496,800,2.082,299.7,0.3938
50,child4,child,111.8808,27.000,0.000,27.000,129.000,23.000,60.833,1.030,3209.000,25.560,53.050,1744,2662,153.8,107.4,4.21,1.847,1.2,1.347,10,0.01049,10.64,12.75,27.86,0.5,13.49,0.1588,35.33,22.75,21.12,1.141,0.4281,1289,358.7,4.89,153.2,2.8,2.5,31.25,90.31,20.7,4.383,214.1,528.5,51.34,3.143,0.9947,222.5,53.41,209.5,794.9,747.6,77.52,0.03622,567.4,0.6917,0.6005,0.9905,0.8597,0.7,0.2367,0.1443,0.8512,0.1794,406.2,991.8,31.65,0.6438,800,2.502,400,0.3885
50,child5,child,144.2896,28.000,1.000,27.000,187.000,49.000,244.233,2.528,3856.000,29.973,46.017,1863,2800,148.7,120,4.101,1.944,1.2,1.5,12.41,0.00891,10.14,16.35,26.39,0.5,15.16,0.2053,31.54,28.48,17.95,0.9875,0.5366,1715,366,6,179.8,1.917,1.466,30.6,79.33,15.44,5.99,220.9,486.6,54.27,3.07,0.9526,239,50.82,207.1,677.1,767,56.68,0.0459,541.8,0.6777,0.701,0.7843,0.7769,0.7622,0.1814,0.1404,0.9724,0.1752,431.3,1082,30.17,0.5222,731.1,2.029,343.3,0.4119
50,child6,child,41.1934,16.000,1.000,15.000,47.000,22.000,177.333,2.124,2853.000,26.400,51.450,2200,2481,204.2,120,3.713,1.645,0.961,1.5,10.99,0.009992,12.84,12.76,20.51,0.503,14.52,0.1716,30.59,24.37,21.95,1.207,0.5047,1223,338.9,5.2,144,2.876,2.424,36.62,95.82,14.11,4.568,189.7,537,51.55,4.279,0.9865,200.9,47.22,239,615.4,736.1,72.7,0.03736,553,0.6373,0.7442,0.816,0.7254,0.7472,0.1532,0.1962,0.9679,0.1737,445.8,1147,29.05,0.7506,735.3,2.584,360.4,0.4627
50,child7,child,128.0010,32.000,3.000,29.000,159.000,32.000,164.383,1.362,3910.000,37.460,60.217,1745,2481,152.6,120,4.297,1.806,1.131,1.44,10,0.01107,18.47,14.65,23.19,0.5,15.66,0.1668,38.85,23.21,19.37,1.035,0.5832,1460,399.3,5.129,177,2.756,2.5,34.62,82.81,13.56,5.619,226.1,628.3,54.92,3.628,0.8467,263.4,51.08,232.6,652.5,645.7,80.6,0.04062,509.2,0.7879,0.5769,0.7409,0.7348,0.7513,0.2023,0.1631,0.8687,0.1613,404.3,1200,36.55,0.5411,691.2,2.355,389.1,0.4429
50,child8,child,25.8611,11.000,1.000,10.000,54.000,-3.000,-14.867,2.121,2296.000,28.653,54.767,1499,1940,160.1,120,4.05,1.586,0.964,1.5,10,0.01031,16.65,12.39,28.4,0.5473,12.48,0.178,31.02,27.79,15.94,1.016,0.5138,1428,316.7,6,137.5,2.599,2.247,38.91,105.2,15.05,4.814,198.8,508.5,53.63,3.204,1.006,279.6,52.23,237.2,692.8,675.7,95.48,0.04073,555.8,0.5684,0.8363,0.8932,0.9,0.8989,0.2821,0.1635,1,0.1528,322.6,958.6,30.54,0.5558,713,2.221,365.7,0.3843
50,child9,child,153.6089,34.000,0.000,34.000,186.000,35.000,255.733,3.253,4659.000,27.973,57.450,1755,2145,158.3,120,5.026,1.409,1.174,1.436,10,0.01035,17.24,15.19,20.92,0.5596,14.97,0.171,32.73,25.93,20.66,1.087,0.5249,1401,351.9,5.645,131.7,2.237,2.5,36.16,70.18,14.31,4.445,208.4,488.4,54.53,3.776,1.053,192.5,45.54,228,606.5,778,92.79,0.03869,583,0.5501,0.6431,0.7951,0.9,0.8343,0.258,0.1659,0.9566,0.1884,422.4,1200,33.51,0.535,665.7,1.877,400,0.4318
50,child10,child,162.1707,37.000,1.000,36.000,189.000,24.000,168.617,1.703,4141.000,29.313,50.117,1910,2369,193.5,117.1,4.265,1.73,1.2,1.5,12.8,0.009201,13.37,14.54,20.08,0.5,18.25,0.1776,32.68,25.62,18.14,1.076,0.6383,1300,348.6,5.314,149.4,2.658,2.5,36.13,91.06,15.23,4.952,190,623.5,62.62,3.65,0.8861,229.8,60.37,223.2,671.7,801.1,81.6,0.03943,534.4,0.5396,0.8003,0.7335,0.7811,0.7,0.2693,0.1298,0.7426,0.1736,449.4,1166,35.81,0.8,597.9,1.87,400,0.3855
50,child11,child,10.2824,5.000,0.000,5.000,28.000,7.000,144.333,-2.676,1505.000,13.047,53.117,1828,2191,176.2,120,3.679,1.645,1.038,1.391,10.95,0.008217,13.51,16.19,22.13,0.5155,13.5,0.1741,40.74,27.68,20.05,1.022,0.5006,1408,298.3,5.662,172,3,2.209,33.38,66.64,16.45,4.713,244,595.3,67.7,3.207,0.9257,245.6,48.67,184.2,703,872.4,81.01,0.04247,600,0.6398,0.7015,0.7806,0.9,0.805,0.2297,0.1838,0.6655,0.1475,441.8,1200,31.02,0.6851,779.4,2.109,400,0.4002
50,child12,child,132.5063,36.000,0.000,36.000,135.000,18.000,104.100,1.513,4115.000,28.987,53.833,1827,1758,159.5,114.2,4.098,1.672,1.2,1.5,10,0.01026,10.8,15.51,19.7,0.5,15.66,0.1768,35.17,27.85,21.34,1.223,0.6353,1438,406.7,4.539,128.6,2.495,1.939,36.02,71.34,14.95,3.755,201.2,526.4,52.99,3.774,0.9416,194.9,56.13,259.3,716.8,731.2,75.62,0.03466,588.7,0.6318,0.8252,0.9161,0.9,0.7464,0.1796,0.1427,0.7887,0.1631,535.4,1098,34.17,0.623,772.9,2.018,400,0.3509
50,child13,child,46.8410,17.000,1.000,16.000,58.000,4.000,32.850,-0.998,2416.000,15.220,54.350,1820,2562,175.6,120,4.433,2,1.195,1.5,10,0.009731,15.49,11.49,17.66,0.5,12.32,0.2101,33.13,23.55,18.58,1.001,0.4838,1213,309.5,5.333,122.5,2.572,1.914,31.26,68.18,16.06,5.022,187.7,504.5,52.22,2.952,1.127,255.9,59.15,228,504.6,617.6,103.9,0.03936,600,0.5087,0.8968,0.7505,0.8259,0.7019,0.1929,0.1555,0.8424,0.1589,345.4,1035,34.51,0.7524,774.8,1.824,366,0.4371
50,child14,child,127.7890,33.000,0.000,33.000,113.000,27.000,226.333,3.268,3003.000,26.100,66.317,1958,2049,199.6,108,4.302,1.346,1.007,1.5,10.36,0.008219,12.4,13.44,21.63,0.5064,14.11,0.1602,30.59,27.68,22.21,1.045,0.5151,1360,374.3,5.45,137.2,3,2.5,36.49,85.46,15.63,5.051,253.7,630.9,61.11,2.824,0.934,212.5,61.7,216.1,658.9,772.8,88.29,0.03948,600,0.657,0.6862,1,0.8408,0.7153,0.182,0.1563,0.8875,0.2012,438.5,997.9,41.91,0.6898,763.4,1.992,400,0.3653
50,child15,child,137.5748,37.000,0.000,37.000,140.000,15.000,16.533,1.786,3859.000,27.553,63.033,1839,2163,151.7,120,3.675,1.88,0.9554,1.5,10.12,0.008577,16.64,14.55,25.25,0.5409,15.58,0.1679,33.4,27.77,22.88,1.193,0.5921,1355,249.3,4.773,128.6,2.354,1.923,30.86,79.26,13.99,5.692,212.2,498,52.86,3.634,1.009,248.3,45.18,183.6,725.5,589.2,80.23,0.04558,523.3,0.6928,0.7717,0.6973,0.8884,0.7,0.2127,0.1535,1,0.1519,384.1,873,30.98,0.5614,683.9,1.914,400,0.4313
51,parent,parent,158.9831,34.000,0.000,34.000,195.000,22.000,129.300,3.043,3986.000,27.627,64.017,1915,2247,172.1,120,4.159,1.721,1.107,1.5,10.09,0.00977,13.26,13.97,22.03,0.5,14.72,0.1753,34.54,26.82,20.38,1.035,0.539,1442,359.9,5.522,152.1,2.527,2.267,33.67,78.65,16.43,4.877,209.4,533.1,59.69,3.36,0.9354,222.1,52.41,221.1,685.1,704.8,85.69,0.03887,559,0.6315,0.7103,0.8001,0.8225,0.7189,0.2077,0.1519,0.8775,0.1586,400.4,1083,33.31,0.6424,750.3,2.188,400,0.4047
51,child0,child,-10.0928,2.000,0.000,2.000,5.000,-9.000,0.500,-1.298,1173.000,5.407,38.833,1940,2800,177,118,3.801,1.641,1.2,1.5,11.24,0.01073,12.4,17.11,26.36,0.5519,13.8,0.1533,33.21,22.9,18.2,1.198,0.6071,1412,299.9,6,137.3,2.3,2.386,31.83,66.16,14.49,4.926,201.3,461.7,54.98,2.814,0.9491,217.3,44.02,180.8,602.6,650.3,97.83,0.03409,600,0.5674,0.6453,0.8027,0.8142,0.9532,0.2029,0.1312,1,0.1586,427.2,1200,36.61,0.7883,633.2,2.12,362.4,0.3656
51,child1,child,-25.5392,4.000,3.000,1.000,2.000,-7.000,-67.133,-2.454,1991.000,11.313,45.283,1858,2463,156.1,120,3.947,1.653,1.2,1.5,10,0.009423,10.1,13.93,28.57,0.5,12.3,0.1764,38.04,25.72,23.6,1.049,0.4722,1255,363.9,5.337,166.8,2.2,2.065,33.61,70.61,15.64,3.536,205.5,560.5,74.73,2.918,0.8466,207.6,55.69,264.9,885.6,586.2,82.55,0.03399,541.2,0.7201,0.8868,0.6935,0.7549,0.7,0.1965,0.1293,0.8374,0.1606,379.2,1200,29.23,0.7134,794.8,2.137,400,0.4079
51,child2,child,87.4984,25.000,1.000,24.000,111.000,-27.000,-254.200,1.733,2298.000,29.073,44.967,1683,2324,195.9,120,4.985,1.817,0.9769,1.473,10,0.009622,13.13,14.74,22.79,0.5025,15.31,0.1782,29.81,27.16,22.87,0.9323,0.4834,1386,316.7,5.646,158.5,2.299,1.886,36.28,98.29,14.79,4.635,221.5,461.9,55.94,3.004,0.8057,194.9,56.87,239.1,821,748.8,98.55,0.03913,597.3,0.6415,0.8244,0.9101,0.8999,0.7,0.1988,0.1703,0.9678,0.1974,444.1,991.3,33.61,0.6832,800,2.287,371.6,0.4443
51,child3,child,29.0086,9.000,0.000,9.000,51.000,10.000,19.850,-1.447,1864.000,11.533,53.717,2052,2097,171,105.5,4.617,1.721,1.023,1.5,10.3,0.01098,13.74,16.35,22,0.5126,17.7,0.1343,33.37,28.6,20.49,1.162,0.6045,1336,324.6,5.473,178.3,3,2.238,31.98,69.43,17.64,4.894,204.9,539.9,63.52,2.942,0.9206,240.6,45.7,190.1,744,779.2,87.44,0.03468,517.2,0.7136,0.8418,0.8206,0.6264,0.7352,0.2105,0.1342,0.8586,0.1622,379.8,1057,36.09,0.5555,705.5,2.16,399.4,0.3748
51,child4,child,110.7501,29.000,0.000,29.000,117.000,18.000,144.567,3.194,3479.000,24.580,55.900,1710,1995,194.3,108.3,4,1.466,1.085,1.41,10,0.008022,14,14.8,21.28,0.5,20,0.1966,31.27,31.72,19.29,0.9005,0.598,1260,301.7,5.377,152.5,2.33,1.78,30.74,74.91,17.89,6.557,176.6,563.3,51.8,3.783,0.8546,266.1,55.03,252.5,586.1,743.2,80.53,0.039,569.1,0.4574,0.6117,0.7412,0.6067,0.7,0.1918,0.1683,0.8819,0.1892,437.9,1027,37.25,0.6767,703.1,2.121,400,0.4381
51,child5,child,38.0096,9.000,0.000,9.000,72.000,3.000,-15.367,-1.114,1796.000,12.980,54.683,2040,2560,149,120,4.502,1.755,1.151,1.209,10,0.01018,12.09,12.85,19.14,0.5234,14.64,0.1733,33.18,30.52,20.74,1.069,0.5366,1384,436.1,5.858,156.4,2.221,2.5,33.74,82.71,16.58,4.526,213,525.1,75.61,3.263,1.044,224.9,43.22,194.2,645.8,845.1,78.62,0.036,600,0.6337,0.8235,0.8837,0.7136,0.7,0.1715,0.1458,0.9834,0.1598,452.1,1056,28.29,0.7602,698.4,2.825,378.7,0.4229
51,child6,child,120.3213,34.000,2.000,32.000,135.000,11.000,75.567,1.671,3981.000,30.073,49.083,2064,2137,180,120,5.236,1.622,0.8702,1.5,11.65,0.007794,12.23,16.2,23.19,0.5,14.9,0.1853,39.65,28.53,19.89,0.9548,0.52,1352,358.4,4.227,159.2,2.512,2.379,36.09,77.98,16.24,5.723,230.4,519.9,48.49,3.399,0.9137,196.4,55.81,208,601.1,687.5,92,0.04178,516.5,0.644,0.8215,0.8806,0.9,0.7,0.1897,0.1456,0.813,0.1752,402.2,1175,34.42,0.5324,658.9,1.865,400,0.2917
51,child7,child,151.5353,40.000,0.000,40.000,154.000,7.000,92.833,2.550,4074.000,26.280,66.283,2098,2070,158.6,120,4.407,1.862,1.062,1.345,10,0.01066,12.85,10.59,24.54,0.5352,17.07,0.1806,31.01,21.41,20.22,0.9104,0.5498,1439,432.8,5.271,115.4,2.595,2.5,35.15,73.59,15.96,4.034,207.9,540.3,58.06,3.441,0.8677,208.2,52.66,226.9,687.1,693.7,89.3,0.04456,527.4,0.6959,0.6913,0.8642,0.867,0.7,0.2432,0.1687,0.879,0.1641,432.8,950.8,33.37,0.6959,737.4,2.069,400,0.3938
51,child8,child,106.1260,28.000,0.000,28.000,120.000,15.000,121.917,1.180,3528.000,26.340,59.883,1870,2237,173.6,117.3,3.587,1.577,1.105,1.363,13.07,0.009756,13.39,18.31,19.83,0.5,12.09,0.1853,41.33,29.16,24.73,1.105,0.4695,1691,443.9,6,126.4,2.629,2.265,33.74,74.86,16.64,5.167,192.4,471,65.89,2.527,1.057,241.8,57.02,238,813.4,736.5,94.67,0.03453,600,0.5464,0.7414,0.8865,0.8059,0.7,0.1761,0.1978,0.8391,0.1729,368.2,1001,29.56,0.5228,714.3,1.967,400,0.3747
51,child9,child,113.6577,36.000,4.000,32.000,136.000,-7.000,-27.567,2.079,4118.000,29.720,52.783,2101,2481,172.7,120,4.02,1.692,1.2,1.446,10,0.0104,12.98,16.5,23.54,0.5,13.3,0.1888,28.25,20.79,20.19,0.8965,0.5709,1632,398,5.273,125,2.715,2.162,34.03,83.48,18.46,4.746,200,538.1,60.3,2.736,0.9438,206.2,48.24,199.8,564.6,745.5,89.15,0.03738,572.7,0.5438,0.6267,0.9103,0.9,0.7675,0.2099,0.1758,0.8051,0.1825,400.6,1159,34.75,0.5878,703.9,2.156,400,0.3674
51,child10,child,11.7379,6.000,0.000,6.000,38.000,-8.000,-85.083,-1.815,1572.000,10.613,42.717,1858,1983,146.4,120,5.387,1.51,1.2,1.494,11.1,0.009836,11.93,12.14,23.15,0.5396,11.17,0.2058,36.53,26.18,21.91,1.388,0.5561,1443,282.7,5.299,177.8,2.586,2.074,31.63,68.29,16.53,4.926,237.2,612.9,65.34,3.651,0.9116,228.3,51.76,204.9,713.4,740.9,94.15,0.03473,570.1,0.6512,0.9208,0.7379,0.9,0.7,0.2406,0.1562,1,0.1829,381.1,1200,35.88,0.6246,651.3,2.067,383.6,0.3337
51,child11,child,-7.1976,0.000,0.000,0.000,12.000,8.000,138.983,-3.176,1138.000,6.507,39.583,1759,2340,146,120,4.246,1.478,1.2,1.5,10,0.008891,13.1,18.23,22.51,0.5,14.03,0.1842,30.82,23.8,20.79,0.8881,0.5627,1319,319.6,5.059,148.7,2.467,2.5,30.26,61.52,16.26,4.596,209.1,451.9,60.09,2.836,1.035,219.8,43.77,202.9,852.1,704.4,91.19,0.03674,511,0.5318,0.618,0.612,0.8075,0.7,0.2119,0.1901,0.7742,0.1541,344.8,1069,35.16,0.5873,676.1,2.007,400,0.4756
51,child12,child,14.3862,8.000,0.000,8.000,27.000,12.000,94.033,-1.295,2066.000,14.020,46.850,2198,2800,153.5,111.4,4.158,1.419,1.047,1.426,10,0.01115,11.58,15.17,28.09,0.6058,15.29,0.1811,34.76,22.57,22.38,1.2,0.5653,1806,300.2,5.15,145.1,2.375,2.027,34.28,75.02,14.25,4.533,207.7,659.4,57.26,4.004,0.9237,243.7,57.79,246.4,598.5,788.7,85.95,0.03223,600,0.5775,0.663,0.8723,0.9,0.7,0.2117,0.1487,0.8375,0.1509,456,1155,31.9,0.5475,769.4,2.466,392.7,0.4952
51,child13,child,14.3383,7.000,0.000,7.000,32.000,-2.000,-40.333,-2.053,1572.000,8.833,38.250,2090,2093,170.4,120,3.436,1.689,1.099,1.5,11.73,0.01116,13.67,12.16,19.9,0.5,17.51,0.1792,38.13,29.3,23.87,1.16,0.5853,1456,360.3,5.247,154.3,2.884,2.028,34.92,67.1,18.64,4.524,216.9,516.6,67.6,3.386,0.859,257.5,59.79,189,555.3,758.5,73.11,0.04765,549.8,0.6253,0.6529,0.7957,0.7454,0.7,0.2424,0.1679,0.7639,0.1903,439.3,880.1,31.9,0.5634,543.4,1.601,400,0.3974
51,child14,child,125.8567,31.000,0.000,31.000,140.000,12.000,220.400,2.803,3532.000,27.613,72.717,2200,1964,182,119.2,3.63,1.577,1.14,1.39,11.18,0.01026,13.52,13.27,23.32,0.5734,15.42,0.2008,35.93,24.76,19.09,0.9341,0.5335,1858,313.8,5.963,173.3,2.757,2.104,31.84,69.46,12.97,5.699,172.6,459.4,51.01,3.159,0.8782,242.1,45.63,303.3,772.2,656.8,96.43,0.03551,600,0.5293,0.6652,0.742,0.8432,0.7405,0.2265,0.1521,0.8978,0.1383,471.4,997.8,31.77,0.6322,623.3,2.712,400,0.4622
51,child15,child,-46.0321,4.000,4.000,0.000,-22.000,-12.000,-164.967,-2.508,2207.000,14.520,45.567,2101,2772,204.9,120,3.543,1.242,0.9462,1.5,12.67,0.008491,14.69,13.27,24.98,0.5,16.97,0.1909,30.85,33.27,22.04,1.119,0.5059,1275,286.2,6,128.5,2.369,2.49,32.51,61.9,18.97,4.276,212.2,465.5,71.79,3.176,1.1,223.9,53.04,207.9,687,651.6,90.71,0.03922,528.3,0.6384,0.5606,0.8805,0.7519,0.7027,0.205,0.1942,0.8975,0.1472,391.9,1030,41.82,0.5916,790.9,2.511,356.7,0.3548
52,parent,parent,170.2314,37.000,1.000,36.000,209.000,48.000,300.533,1.674,5003.000,28.113,58.750,1915,2247,172.1,120,4.159,1.721,1.107,1.5,10.09,0.00977,13.26,13.97,22.03,0.5,14.72,0.1753,34.54,26.82,20.38,1.035,0.539,1442,359.9,5.522,152.1,2.527,2.267,33.67,78.65,16.43,4.877,209.4,533.1,59.69,3.36,0.9354,222.1,52.41,221.1,685.1,704.8,85.69,0.03887,559,0.6315,0.7103,0.8001,0.8225,0.7189,0.2077,0.1519,0.8775,0.1586,400.4,1083,33.31,0.6424,750.3,2.188,400,0.4047
52,child0,child,68.2970,20.000,1.000,19.000,89.000,10.000,40.350,1.734,2977.000,25.620,45.450,1653,1930,158.3,120,3.963,1.662,1.091,1.36,11.67,0.009403,14.03,14.69,23.1,0.5249,14.86,0.1819,31.63,25.47,22.26,1.074,0.5923,1299,260.3,5.276,172.8,2.116,2.34,29.98,95.05,16.17,4.307,201.4,506.9,58.62,3.506,0.7688,215.2,56.85,206.3,704.1,688.1,76.34,0.03762,566.6,0.5786,0.8,0.5668,0.9,0.7,0.2575,0.206,1,0.1352,444.8,1063,35.91,0.5812,800,2.062,400,0.4561
52,child1,child,123.5316,22.000,0.000,22.000,182.000,32.000,135.917,1.426,3401.000,28.147,64.750,2041,2242,173.8,120,5.09,1.74,1.2,1.482,10,0.01009,14.96,13.49,21.54,0.5,14.73,0.1481,39.74,24.07,22.79,1.182,0.5661,1759,360.8,5.711,159.5,2.134,2.174,35.73,80.1,15.55,4.778,229.5,590.6,62.11,3.537,1.027,198.5,50.25,217.5,681.1,762.6,86.59,0.03898,463.2,0.6736,0.5883,0.9216,0.9,0.7206,0.195,0.1437,0.8108,0.138,411.5,855.3,27.43,0.6296,800,2.551,400,0.4323
52,child2,child,152.3497,34.000,0.000,34.000,179.000,15.000,276.217,1.641,3955.000,28.633,60.817,2200,1700,171.6,112.8,5.001,1.982,1.09,1.319,14.09,0.008761,13.33,16.21,24.27,0.5087,14.45,0.1816,35.67,30.54,18.99,1.2,0.522,1687,306.6,4.684,159.7,2.82,2.43,34.8,85.2,16.29,3.728,185.4,536.1,64.82,3.166,1.147,216.3,56.2,223,615.3,622.1,83.43,0.03558,493,0.6519,0.6988,0.6708,0.7566,0.7293,0.2144,0.2014,0.8739,0.1391,379.9,1195,34.36,0.7938,696.8,2.016,400,0.4109
52,child3,child,157.5166,37.000,0.000,37.000,175.000,28.000,186.017,1.702,4308.000,28.100,52.650,2139,2421,193.9,120,3.802,1.702,1.04,1.5,11.5,0.0109,12.78,15,20.15,0.5,15.24,0.1716,46.72,27.25,19.21,1.459,0.5016,1303,352.1,5.297,147.8,3,2.453,34.39,67.12,15.26,4.683,230.2,578.3,53.19,3.433,1.068,271.7,56.11,207.8,764.1,686.7,83.49,0.03774,596.2,0.7211,0.6871,0.6797,0.7947,0.7111,0.1898,0.1495,0.7852,0.1979,464.8,1132,42.16,0.5811,800,2.072,359.9,0.4726
52,child4,child,142.7987,33.000,0.000,33.000,155.000,28.000,275.250,1.296,3730.000,29.593,51.950,1768,2000,181.3,120,3.813,1.915,0.954,1.374,11.37,0.009359,12.99,14.39,20.62,0.5,13.97,0.2242,36.32,30.77,18.56,0.9746,0.4771,1314,389.3,4.607,185.5,2.57,2.5,39.56,88.58,22.03,5.147,248.8,492.2,62.1,3.692,1.051,245.2,44.95,227.1,555.5,811.5,89.13,0.04662,472.8,0.5971,0.626,1,0.6375,0.7,0.2122,0.1739,0.7718,0.1833,360.6,1017,39.46,0.559,725.3,2.225,392.7,0.3523
52,child5,child,6.1621,8.000,3.000,5.000,40.000,7.000,106.067,-1.910,2487.000,16.127,49.217,1539,2431,195.8,120,3.854,1.322,1.098,1.421,12.47,0.009249,12.22,12.37,23.14,0.5905,13.92,0.1287,31.76,23.82,17.84,1.086,0.5109,1458,364.5,5.22,155,2.871,2.5,29.02,63.33,17.15,4.515,208.5,646,68.65,3.203,0.7419,206.9,55.56,249.1,809,777.9,100.1,0.03929,600,0.5904,0.7905,0.7102,0.8324,0.7,0.2345,0.1697,1,0.1568,404.2,1195,37.32,0.766,762.4,1.991,400,0.3662
52,child6,child,110.6628,28.000,1.000,27.000,117.000,32.000,326.583,3.544,3547.000,30.793,49.917,1597,1939,218.7,120,3.749,1.717,1.145,1.5,10,0.01119,14.54,14.06,22.12,0.5,19.68,0.1845,34.04,26.66,23.22,1.099,0.5991,1297,369.1,5.278,150.5,2.218,1.965,38.59,77.84,17.51,4.45,193.6,605.3,52.13,3.422,0.9759,235.9,61.95,171.3,705.4,635.8,84.1,0.04129,556,0.5541,0.5962,0.8263,0.6943,0.8501,0.2453,0.1665,0.9705,0.1583,425.5,1032,31.75,0.5552,800,2.449,373.9,0.3325
52,child7,child,128.3581,30.000,0.000,30.000,138.000,40.000,200.200,3.150,3557.000,24.027,62.483,1825,2345,162.2,117.8,4.813,1.597,1.2,1.5,11.06,0.01137,11.41,11.73,20.17,0.5,15.88,0.1515,36.5,24.13,21.07,1.159,0.654,1364,382.3,6,151.7,2.549,2.263,29.35,92.18,14.04,4.922,190.2,415.4,63.99,3.555,0.8182,230.7,58.23,194.6,735,693.4,105.1,0.03736,524.5,0.6561,0.685,0.8123,0.7622,0.7598,0.1943,0.1556,0.8674,0.1698,403.1,919.9,34.41,0.6053,693.4,2.419,398.8,0.4898
52,child8,child,156.8467,35.000,0.000,35.000,173.000,38.000,240.767,2.124,4000.000,29.340,51.967,2177,2095,145.4,117.3,5.252,1.829,1.2,1.436,10,0.009748,15.64,12.26,20.55,0.5,16.35,0.1486,30.56,29.92,22.3,1.04,0.4987,1457,339.1,5.992,144.2,2.509,2.075,34.61,68.4,19.08,5.287,222.3,523.5,42.35,3.311,0.8357,185.7,51.73,215.1,663.2,764.5,73.69,0.04835,485.2,0.5536,0.7562,0.8852,0.9,0.7187,0.1946,0.1663,0.9459,0.1329,353,986,31.38,0.6295,721.2,1.877,355.6,0.4381
52,child9,child,73.7332,21.000,1.000,20.000,112.000,-14.000,32.433,-0.607,3083.000,38.820,51.000,2083,2630,181.1,120,4.191,1.731,1.2,1.5,10.2,0.006964,10.65,12.96,18.14,0.5,13.34,0.1811,36.65,25.7,20.13,0.9044,0.532,1637,378.8,4.976,141.2,2.675,2.5,33.21,85.98,24.49,4.89,175.8,694.8,51.01,3.336,0.9975,216.9,54.05,244.2,537.9,805.3,84.56,0.03642,600,0.6704,0.6307,0.8585,0.7034,0.745,0.249,0.1756,0.7199,0.1211,345.9,1200,41.29,0.6712,733.2,2.42,382.2,0.4911
52,child10,child,74.3979,17.000,0.000,17.000,98.000,38.000,133.650,-1.368,2853.000,18.947,47.667,2200,2636,148.2,115.7,4.963,1.693,1.117,1.322,10,0.009277,15.72,13.15,19.75,0.5,15.39,0.2087,29.31,27.3,19.96,0.9531,0.4924,1788,326.1,5.712,158.8,2.409,2.103,32.15,77.2,18.02,4.673,200.2,470,64.34,3.3,0.8936,261.8,57.61,214.1,878.5,812,80.77,0.03314,600,0.6845,0.6616,0.726,0.9,0.7285,0.1751,0.14,0.8465,0.1516,477,881,34.13,0.693,750.3,2.54,364.1,0.3591
52,child11,child,71.2858,19.000,0.000,19.000,76.000,37.000,208.400,-0.933,2664.000,15.807,65.950,1915,2361,138.9,118,4.073,1.587,1.2,1.474,10.41,0.009974,13.7,14.41,18.46,0.5648,14.99,0.205,32.73,25.79,16.14,1.035,0.5468,1511,506,5.883,158.8,3,1.73,41.1,77.62,19.93,4.554,205.2,569.5,66.22,2.592,0.9598,282,54.81,221.6,678.6,731.4,92.77,0.04141,482.5,0.726,0.7811,0.8704,0.8406,0.7,0.1635,0.1675,0.9155,0.1573,516.4,1006,32.11,0.533,616.7,1.734,362.8,0.4007
52,child12,child,130.8072,32.000,1.000,31.000,152.000,29.000,153.467,1.319,3983.000,23.667,55.250,1526,2541,197.7,118.7,4.801,2,1.118,1.407,10,0.009986,11.88,13.36,22.22,0.6097,14.3,0.1486,36.68,26.35,28.64,0.9257,0.5251,1257,407.4,4.976,132.2,2.885,2.5,31.47,80.59,12.61,5.077,166.4,587.5,65.69,3.881,1.194,225.5,68.11,187.8,802,643.1,92.68,0.04082,600,0.5673,0.6458,0.7482,0.8171,0.7,0.2627,0.1555,0.8182,0.164,425.9,1200,33.19,0.7255,800,2.056,400,0.4147
52,child13,child,127.3920,33.000,0.000,33.000,133.000,18.000,140.417,2.012,3742.000,29.440,51.583,1833,2430,163.2,120,4.769,1.663,1.081,1.5,12.09,0.009827,13.66,14.65,23.43,0.5,16.45,0.1979,34.53,25.16,18.62,0.9839,0.4932,1396,377.9,5.38,161.5,2.462,2.5,32.8,82.89,15.73,5.105,241.7,504.3,55.11,2.911,0.8486,279,46.74,263.9,831.7,552.3,110,0.03132,504.1,0.5788,0.6827,0.7095,0.7634,0.7213,0.1886,0.1325,0.8816,0.1712,412.6,1157,31.04,0.7132,717,1.916,396.7,0.4069
52,child14,child,86.7644,23.000,2.000,21.000,129.000,13.000,63.283,0.863,3566.000,27.960,65.767,1934,2205,150.6,120,4.156,2,1.062,1.478,10,0.01149,12.92,13.48,23.29,0.562,13.7,0.1867,39.03,28.78,22.07,1.187,0.6054,1369,372.6,5.669,180.5,2.811,2.477,31.78,80.5,14.75,5.185,230.3,529,46.15,2.75,1.085,242.8,60.16,259.8,657.2,667.6,96.4,0.03881,600,0.5778,0.7277,0.776,0.7808,0.7479,0.2031,0.1419,0.918,0.1873,305.9,1200,29.76,0.5732,800,2.159,400,0.3876
52,child15,child,34.2039,7.000,0.000,7.000,69.000,6.000,19.667,2.028,1611.000,23.453,54.483,2018,1903,153,120,4.505,1.528,1.056,1.427,10,0.01009,15.16,14.25,19.97,0.5,15.98,0.2085,39.32,25.48,20.93,1.094,0.5512,1548,284,6,138.7,2.616,2.285,32.62,102.8,17.47,5.927,228.3,509.1,57.98,4.805,0.9249,280,58.61,214.6,811.2,780.2,71.17,0.03887,585,0.7085,0.6058,0.8037,0.9,0.7493,0.1852,0.1557,0.6753,0.1823,525.5,1200,40.05,0.7037,800,2.329,317.5,0.3745
53,parent,parent,137.4549,36.000,2.000,34.000,149.000,36.000,243.883,2.076,4449.000,26.240,50.467,1915,2247,172.1,120,4.159,1.721,1.107,1.5,10.09,0.00977,13.26,13.97,22.03,0.5,14.72,0.1753,34.54,26.82,20.38,1.035,0.539,1442,359.9,5.522,152.1,2.527,2.267,33.67,78.65,16.43,4.877,209.4,533.1,59.69,3.36,0.9354,222.1,52.41,221.1,685.1,704.8,85.69,0.03887,559,0.6315,0.7103,0.8001,0.8225,0.7189,0.2077,0.1519,0.8775,0.1586,400.4,1083,33.31,0.6424,750.3,2.188,400,0.4047
53,child0,child,8.7762,4.000,0.000,4.000,30.000,11.000,84.600,-1.664,1617.000,8.353,42.783,1982,2021,164.8,120,4.082,1.694,1.134,1.195,11.42,0.008596,15.69,12.94,25.95,0.5815,13.27,0.174,32.71,29.09,19.05,1.072,0.5316,1271,356.9,6,141.8,2.718,2.138,40.01,62.82,17.67,4.745,237.3,578.2,63.1,3.356,0.7896,206.6,64.96,238.7,560.8,758.1,87.4,0.0426,600,0.665,0.7482,0.6991,0.833,0.7,0.2327,0.1735,0.8992,0.1619,461,970.8,39.98,0.5507,800,2.272,400,0.3561
53,child1,child,69.7400,19.000,0.000,19.000,100.000,12.000,77.717,-0.221,3091.000,28.153,73.783,1903,2278,203.3,118,3.818,1.741,1.181,1.448,10.92,0.01086,15.17,12.75,20.43,0.5,15.7,0.2104,36.51,25.13,19.24,1.129,0.4743,1377,340.7,4.781,166,2.758,2.119,34.55,86.73,15.66,4.1,217.9,567.7,54.53,3.53,0.9684,172.1,52.69,234.4,766.5,706.9,83.32,0.03309,600,0.7036,0.6601,0.8323,0.7519,0.7,0.2093,0.1415,0.8786,0.1634,407.4,964,29.4,0.622,800,2.578,400,0.3523
53,child2,child,137.7608,40.000,1.000,39.000,143.000,23.000,62.100,1.890,4880.000,33.093,54.167,2200,2151,159.7,113,4.788,1.713,1.2,1.5,10,0.008725,9.937,15.96,20.64,0.5361,14.82,0.2046,30.79,30.43,22.59,1,0.6515,1656,345.3,6,144.6,2.577,2.5,36.37,68.6,16.21,5.369,163.1,571.5,49.9,4.006,1.097,256.9,58.69,228.4,694.6,671.8,83.36,0.03375,507.4,0.5844,0.7181,0.7763,0.8379,0.7,0.1855,0.2036,0.8165,0.1725,436.4,1032,35.1,0.6883,674.3,2.021,366.9,0.3487
53,child3,child,150.5904,28.000,0.000,28.000,188.000,41.000,285.883,1.729,3272.000,33.433,61.283,1990,2143,163.7,120,4.912,1.869,1.2,1.26,11.05,0.00878,11.45,12.13,17.73,0.5447,19.37,0.1973,29.1,24.22,20.2,0.8474,0.5586,1338,413.6,5.281,166.8,2.049,2.382,31.31,77.83,16.24,5.092,236.4,461,51.21,3.207,0.8683,268.8,53.39,252.4,646,655,80,0.04373,467.8,0.768,0.8578,0.7406,0.8635,0.7,0.2054,0.1438,1,0.1471,349.7,1200,33.02,0.7081,800,2.563,343.7,0.4666
53,child4,child,66.5170,18.000,1.000,17.000,89.000,26.000,145.450,-0.997,2928.000,19.220,53.917,2200,2374,162.5,120,3.95,1.715,1.042,1.468,10,0.009463,12.29,17.11,22.3,0.5046,12.89,0.2001,40.75,34.46,19.62,1.054,0.584,1312,387.7,5.288,145,2.415,2.061,33.33,73.51,13.84,4.197,237.8,462.8,67.11,3.165,1.165,226.3,61.51,195.9,679.3,731,91.5,0.05099,518.8,0.7765,0.7523,0.8903,0.7502,0.7202,0.2083,0.1771,1,0.1516,403.3,1057,32.49,0.8,795.7,1.793,355.6,0.4367
53,child5,child,5.4003,4.000,1.000,3.000,39.000,2.000,75.833,0.020,1701.000,27.013,53.150,1683,1718,177.9,120,3.597,1.678,0.9531,1.5,10,0.01006,17.12,13.93,23.78,0.5,18.02,0.1597,33.03,24.85,18.83,0.954,0.5572,1757,319.3,6,159.5,2.163,2.111,28.06,86.05,16,4.976,204.9,579.2,49.67,3.83,1.075,309.1,43.28,181.9,705.9,773.6,88.8,0.03681,546.8,0.6994,0.6552,0.7071,0.9,0.7,0.2194,0.1508,0.8461,0.1801,354.9,1200,31.37,0.6077,800,2.474,375.5,0.3382
53,child6,child,58.3687,13.000,1.000,12.000,85.000,3.000,69.500,3.110,1644.000,23.480,48.883,1617,2028,175.3,105.1,4.05,1.834,1.183,1.5,10,0.008101,15.22,18.29,24.52,0.5178,16.98,0.1518,36.14,24.17,20.04,0.951,0.5834,1663,335.3,6,124.1,1.876,2.162,37.98,86.1,17.99,3.554,216,417.1,49.56,3.209,0.8693,226.2,47.23,220.4,622.6,752.8,89.18,0.03252,454.5,0.6889,0.6647,0.7062,0.7707,0.7009,0.1977,0.1781,0.9331,0.1506,525.5,1033,32.86,0.714,800,2.301,400,0.3319
53,child7,child,154.9174,38.000,0.000,38.000,175.000,24.000,108.483,1.910,4470.000,28.140,69.933,2188,2194,139.9,111.1,4.448,1.46,1.144,1.5,10.13,0.008879,11.38,13.36,23.26,0.5243,12.41,0.1817,31.15,28.2,22.07,1.09,0.4632,1251,357,5.378,148.8,2.387,2.452,40.16,88.48,19.55,5.267,206.8,541.7,73.93,3.384,0.9932,227.9,51.17,210.1,696.6,702.1,68.11,0.04457,600,0.6409,0.7735,0.6394,0.9,0.7058,0.1876,0.1465,0.8465,0.1548,410.4,1012,31.95,0.7594,563.6,2.105,390.5,0.3893
53,child8,child,9.9274,5.000,0.000,5.000,32.000,-2.000,16.167,-1.238,1545.000,8.820,40.450,1815,2136,174.2,120,4.439,2,1.039,1.5,11.66,0.01144,12.05,11.91,21.5,0.5663,14.39,0.1963,32.63,22.81,15.34,1.022,0.6104,1349,415.7,5.286,167.8,2.463,2.5,40.14,69.18,17.55,4.332,213.4,581.6,65.47,3.485,0.6542,214,49.52,198.8,521.4,610.7,93.63,0.03805,600,0.6024,0.7262,0.852,0.9,0.8154,0.23,0.1342,0.8979,0.1658,356.2,1168,34.18,0.5667,800,1.951,400,0.4338
53,child9,child,23.8617,17.000,3.000,14.000,44.000,1.000,-54.567,-0.635,3180.000,17.260,54.033,1606,2605,174.3,120,4.231,1.439,1.08,1.287,10.61,0.008984,12.22,16.85,20.61,0.6156,11,0.1615,27.53,26.16,21.17,1.209,0.5243,1396,334,6,135.4,2.196,2.026,36.36,76.49,13.29,4.416,260,622.6,60.03,3.28,0.7616,176,47.73,194.7,780.7,607.9,88.7,0.04145,504.8,0.6506,0.8372,0.9015,0.8642,0.7858,0.2065,0.1709,0.8894,0.1655,353.1,960,32.53,0.6518,800,1.968,400,0.4171
53,child10,child,-7.3926,0.000,0.000,0.000,9.000,11.000,159.783,-1.953,1136.000,6.700,42.817,1849,2432,147.1,119.7,3.943,1.641,0.9839,1.5,11.77,0.01126,9.794,14.32,23.13,0.502,14.2,0.1762,40.34,22.02,18.9,0.9892,0.4797,1530,355.8,5.637,159.4,2.368,1.587,33.09,65.9,16.62,4.645,218.8,429.9,67.39,3.461,1.078,232.4,60.67,227.7,635.9,645,77.74,0.04158,585.1,0.7974,0.5886,0.8959,0.9,0.7,0.2366,0.1385,0.7357,0.174,463.4,1135,40.6,0.718,583,2.153,382.7,0.4662
53,child11,child,88.7202,20.000,0.000,20.000,139.000,6.000,-63.467,0.028,3021.000,28.147,77.000,2200,1865,141,120,4.192,1.859,1.2,1.5,10,0.00921,15.1,16.67,19.67,0.5,14.18,0.1701,35.11,25.29,17.69,1.013,0.5207,1398,314.2,5.728,165.2,3,2.175,32.76,72.3,14.28,4.551,227.6,529.3,59.06,3.205,1.062,236.7,51.11,237.3,617.9,879.9,77.97,0.03801,561.1,0.7411,0.6505,0.7275,0.7366,0.7221,0.1893,0.1676,0.805,0.1429,369.1,1176,33.85,0.5496,787.5,2.496,375.6,0.3995
53,child12,child,122.9489,28.000,2.000,26.000,162.000,18.000,152.100,2.790,3578.000,25.013,58.067,1734,2153,184.8,120,4.034,1.853,0.9913,1.499,10,0.009496,15.14,15.83,24.46,0.5171,13.43,0.1958,35.3,26.26,17.86,1.063,0.6073,1609,353.7,6,156.3,2.397,2.428,27.02,85.49,12.69,5.029,236.8,562.8,62.29,3.282,0.8446,244.6,54.79,210,704.6,770.8,91.09,0.02972,504.5,0.6394,0.8523,0.8568,0.7309,0.7,0.169,0.1396,0.859,0.1799,431.6,1014,34.14,0.6685,694.5,2.241,400,0.4596
53,child13,child,75.2428,24.000,4.000,20.000,120.000,2.000,8.767,0.155,3821.000,24.533,47.467,1931,2187,209.4,109.4,4.258,1.344,0.9873,1.5,10,0.007939,12.81,14.8,23.1,0.5,12.19,0.1985,34.12,26.11,24.88,0.9723,0.5348,1727,309.5,4.518,162.8,2.677,2.423,33.33,89.17,17.77,4.771,245.4,533.1,60.04,3.264,0.9927,208.2,55.48,215.6,601.1,650.6,76.96,0.03733,567.1,0.6653,0.5818,0.8172,0.9,0.7,0.1962,0.1337,0.9568,0.1735,493.3,1089,30.53,0.6682,800,2.07,400,0.4051
53,child14,child,70.0382,19.000,0.000,19.000,79.000,3.000,-12.767,2.876,1993.000,26.227,56.917,2198,2184,191.7,120,3.948,1.702,1.056,1.483,10.52,0.008279,15.76,15.13,21.21,0.5341,12.25,0.169,39.59,30.55,20.64,1.179,0.521,1507,347.5,6,171.9,2.504,2.296,33.64,91.61,16.15,4.056,231.4,511.6,45.21,3.357,0.8618,190.2,57.77,219.6,754.3,714.2,85.95,0.03942,600,0.6006,0.6607,0.8619,0.8652,0.7761,0.1914,0.1242,0.9276,0.1569,364.8,960.8,31.4,0.5971,658.9,1.87,400,0.4874
53,child15,child,66.1716,14.000,0.000,14.000,89.000,21.000,226.283,3.150,2111.000,23.473,71.717,1738,2030,209.9,120,4.368,1.985,1.2,1.49,10,0.01093,10.49,14.6,19.69,0.5,13.07,0.1487,32.63,27.14,19.28,1.09,0.5098,1556,342.5,6,149.8,2.268,2.411,30.23,94.34,17.51,4.934,232.8,483.3,67.83,2.55,1.123,198,39.9,256.5,624.3,824.9,78.5,0.02995,600,0.6093,0.8023,0.7979,0.8822,0.8012,0.1576,0.158,0.7997,0.1435,392.9,1016,36.67,0.6187,800,2.645,400,0.4307
54,parent,parent,117.8929,29.000,0.000,29.000,149.000,13.000,-24.617,1.368,3885.000,26.087,49.400,2188,2194,139.9,111.1,4.448,1.46,1.144,1.5,10.13,0.008879,11.38,13.36,23.26,0.5243,12.41,0.1817,31.15,28.2,22.07,1.09,0.4632,1251,357,5.378,148.8,2.387,2.452,40.16,88.48,19.55,5.267,206.8,541.7,73.93,3.384,0.9932,227.9,51.17,210.1,696.6,702.1,68.11,0.04457,600,0.6409,0.7735,0.6394,0.9,0.7058,0.1876,0.1465,0.8465,0.1548,410.4,1012,31.95,0.7594,563.6,2.105,390.5,0.3893
54,child0,child,171.4593,40.000,0.000,40.000,184.000,40.000,291.183,2.317,4715.000,28.547,55.183,2178,2239,134.5,120,4.315,1.5,1.071,1.251,10,0.00883,11.5,12.18,23.73,0.5447,17.1,0.1602,32.86,33.63,25.88,1.358,0.4861,1150,334.6,5.754,151,2.163,2.462,37.38,79.86,20.45,5.549,210.8,531,64.21,3.752,1.04,252.6,48.33,219.8,638,678.9,68.55,0.05309,600,0.6636,0.7368,0.6842,0.7632,0.7527,0.205,0.1562,0.9146,0.1478,469.2,907.9,33.53,0.8,502.4,2.034,400,0.4166
54,child1,child,65.5750,17.000,0.000,17.000,100.000,3.000,-8.117,-0.523,2924.000,16.893,46.717,2200,2798,140.1,105.4,4.449,1.407,0.9824,1.5,10,0.008761,15.66,15.08,24.94,0.555,12.42,0.2021,28.44,27.41,20.12,1.14,0.4626,1463,366.7,5.137,140.4,2.607,2.143,35.44,93.54,23.22,4.475,199.5,521.2,82.14,3.065,1.115,203.8,46.37,184.1,690.6,682.4,64.63,0.04904,600,0.5763,0.7125,0.67,0.9,0.7,0.2074,0.1119,0.8037,0.1397,358.2,1043,31.39,0.7434,652,2.227,360.2,0.3594
54,child2,child,114.7073,26.000,1.000,25.000,163.000,12.000,148.700,-0.365,3750.000,34.607,60.233,2200,2615,147.5,120,4.196,1.22,1.004,1.5,10.56,0.009799,10.7,10.77,19.85,0.5,13.21,0.1697,32.59,27.86,21.29,0.9099,0.3964,1201,289.1,4.939,156.9,2.526,2.003,52.4,101.3,22.1,4,191.6,515.1,68.52,2.61,0.7615,229,57.14,235.1,752.7,832.2,76.9,0.05328,593.7,0.7374,0.6736,0.5867,0.784,0.7,0.1839,0.1573,0.8792,0.1517,402,942.6,26.98,0.6489,567.8,2.086,400,0.3836
54,child3,child,126.6143,25.000,0.000,25.000,178.000,15.000,189.933,0.493,3473.000,31.473,65.533,2200,2462,125.3,92.51,4.611,1.293,1.183,1.5,11.33,0.009562,12.08,14.99,27.89,0.6494,11.56,0.1596,32.09,28.91,23.79,0.9854,0.5974,1293,389.3,5.274,145.8,2.407,2.5,40.06,101.4,19.79,4.567,193.2,524.6,70.25,3.001,1.236,243.1,59.92,201.7,608.9,759.2,55.68,0.05819,546.1,0.5057,0.8461,0.6511,0.8589,0.7,0.1554,0.1574,1,0.1463,386.8,1093,35.68,0.6115,467.2,2.301,361.8,0.4397
54,child4,child,132.8378,30.000,0.000,30.000,157.000,28.000,205.550,1.059,3732.000,25.060,60.767,2200,2217,138,96.18,5.754,1.477,1.187,1.5,11.54,0.008165,12.69,14.55,25.56,0.5007,13.93,0.218,26.41,22.77,21.82,1.192,0.4514,1183,379.9,4.618,162,3,2.212,42.77,97.95,19.52,5.978,215.2,627.9,76.22,3.225,1.066,245.9,49.81,227.3,696,736.7,58.43,0.04356,600,0.6589,0.801,0.6563,0.8915,0.8431,0.1834,0.1431,0.7886,0.144,454,909.3,29.34,0.8,489.7,1.991,355.5,0.4013
54,child5,child,151.3534,34.000,1.000,33.000,171.000,58.000,298.217,1.546,4190.000,26.673,69.167,2200,2406,139.1,112.5,2.992,1.479,1.143,1.5,10,0.009084,12.42,16.87,22.7,0.5,9.989,0.1713,32.58,33.56,17.99,1.008,0.4921,1349,332.9,4.792,145.7,1.974,2.27,34.33,86.62,21.46,5.091,197.5,559.6,65.98,2.932,1.054,196.6,52.99,204.1,749.4,779.6,64.54,0.05633,600,0.6188,0.75,0.6609,0.7917,0.8413,0.1935,0.1615,0.9265,0.1666,404.8,1125,32.15,0.7354,653.7,1.932,323.9,0.3801
54,child6,child,110.8567,30.000,1.000,29.000,125.000,25.000,121.867,1.536,3623.000,26.353,79.833,2200,1948,143.8,120,5.331,1.571,1.2,1.415,10.07,0.008729,14.61,17.06,20.12,0.5175,11.32,0.2024,25.49,31.43,26.1,0.9595,0.4036,992,332.1,4.823,170.9,2.328,2.443,49.04,84.68,21.88,5.335,195.8,637.7,63.86,3.162,1.205,234.4,50.49,210.4,675.4,800,58.86,0.0445,600,0.7265,0.8349,0.5784,0.9,0.7807,0.1585,0.1527,0.8708,0.1456,339,1067,31.6,0.7582,601.4,1.574,325,0.4303
54,child7,child,125.9124,23.000,1.000,22.000,172.000,58.000,330.450,0.666,3703.000,25.293,50.700,2200,2113,128.4,116.4,4.314,1.397,1.2,1.5,10.82,0.008739,9.33,14.23,25.54,0.5698,13.13,0.1873,32.76,25.5,25.66,0.9364,0.4553,1066,395.5,5.5,148.2,2.557,2.452,40.57,78.06,20.45,5.459,180.8,730.4,63.91,3.504,1.071,294.6,57.95,223.8,700.2,655.3,64.05,0.03044,550.6,0.8,0.6213,0.6217,0.9,0.8472,0.1844,0.1544,0.8935,0.1558,360.7,1095,29.66,0.8,647.1,2.491,347.1,0.3928
54,child8,child,137.8978,31.000,0.000,31.000,157.000,38.000,220.350,1.283,3683.000,24.073,70.133,2200,2148,136.3,115.5,4.546,1.151,1.191,1.5,10,0.009808,12.63,14.61,23.85,0.5434,12.43,0.1875,32.45,25.07,30,0.9834,0.4891,1269,347.7,4.962,158.4,2.376,1.778,36.79,105.8,22,3.505,186.3,467.1,90,3.498,0.8336,268.4,47.68,198.1,748.1,768.7,71.78,0.04772,596.9,0.8,0.6774,0.7672,0.8999,0.7788,0.1863,0.147,0.7416,0.1506,437.8,884.6,36.6,0.8,555,2.352,400,0.3857
54,child9,child,63.3819,18.000,1.000,17.000,81.000,24.000,209.617,0.002,2753.000,33.567,62.250,1983,2326,143.4,106.5,5.556,1.519,1.2,1.362,10,0.007931,9.798,14.53,21.96,0.5712,10.7,0.199,29.68,27.63,22.26,0.9941,0.4197,1055,376.9,4.674,111.6,2.481,2.298,39.95,101.1,15.88,6.798,209.6,613.5,65.11,2.848,0.8134,257.4,54.44,210.3,699.7,735,83.78,0.05166,558.5,0.6042,0.9326,0.7282,0.9,0.7,0.1964,0.1371,0.849,0.1583,322.3,1024,33.63,0.8,603.6,2.089,369.8,0.34
54,child10,child,34.1064,10.000,0.000,10.000,71.000,2.000,-97.433,-0.337,2442.000,12.613,39.950,2200,2428,124.7,120,4.334,1.491,1.047,1.5,10,0.008108,9.994,13.3,28.89,0.5,11.42,0.1801,31.36,30.2,27.74,1.06,0.5328,1173,475.1,5.019,149.9,2.196,2.5,43.07,70,20.04,4.074,196.1,504.3,74.34,3.053,0.9256,219,55.66,222.4,793.4,658.9,60.12,0.03805,600,0.721,0.7677,0.5789,0.8506,0.7,0.1668,0.1427,0.858,0.1587,414.5,1069,30.18,0.8,487.3,1.581,383.2,0.3497
54,child11,child,34.6178,14.000,1.000,13.000,46.000,9.000,7.467,-0.836,2398.000,12.567,36.767,2151,1862,130.1,114.1,4.398,1.691,1.2,1.466,10,0.00899,9.28,10.76,25.08,0.5,12.78,0.2112,31.27,29.79,21.28,1.093,0.4472,1368,356.6,4.579,140.7,2.296,2.5,43.49,86.84,19.89,5.113,219.8,594,86.39,3.336,0.9841,290.3,49.08,256.7,739.7,650.1,68.86,0.04911,555.9,0.6164,0.8657,0.6943,0.9,0.8309,0.1985,0.1876,0.9323,0.1699,448.6,1154,29.52,0.8,604.4,1.96,378.4,0.4212
54,child12,child,56.7321,18.000,0.000,18.000,65.000,5.000,64.633,0.005,2676.000,15.213,37.817,2200,2138,144.2,117.7,4.462,1.432,1.2,1.5,10,0.00801,10.48,18.62,27.99,0.5,11.75,0.1986,30.32,32,23.02,1.053,0.4131,1101,366.2,4.912,173.1,2.446,2.335,32.65,73.99,19.83,4.983,154.1,654.5,75.53,3.281,1,218.1,48.55,166.9,909.8,636.3,69.04,0.04959,523.5,0.7966,0.8336,0.6879,0.9,0.7,0.1514,0.1353,0.9897,0.2003,474.5,1065,26.95,0.7807,759.5,2.088,380.7,0.3523
54,child13,child,55.7884,17.000,0.000,17.000,89.000,-1.000,-64.000,1.402,3266.000,18.527,44.200,1688,2024,143.8,116.2,4.263,1.619,1.2,1.345,13.38,0.007377,11.35,12.72,20.63,0.59,13.14,0.166,29.99,31.39,24.55,1.245,0.5342,1516,348.8,5.267,179.8,2.164,2.5,33.55,83.44,21.34,5.279,226.9,663.8,87.98,3.195,0.9447,210.4,46.64,234.2,689.8,651.6,71.74,0.04863,535.7,0.6079,0.7925,0.6763,0.8551,0.9359,0.1576,0.1531,0.972,0.1704,496.6,867,29.47,0.6789,710.6,1.943,333.3,0.3874
54,child14,child,35.3328,13.000,0.000,13.000,49.000,16.000,179.950,0.252,2595.000,28.907,62.517,1864,1789,130.4,120,3.842,1.367,1.2,1.328,10,0.007711,10.98,13.53,26.66,0.5,12.76,0.1866,26.12,24.82,21.45,1.085,0.4206,1670,305.4,5.688,145.6,2.759,2.5,46.65,99.78,18.9,5.211,232.9,594.7,51.82,2.9,1.165,275.9,46.67,218.7,590.5,737.9,74.31,0.04232,600,0.5963,0.842,0.675,0.798,0.7139,0.1985,0.1271,0.8371,0.1974,365.1,1048,37.39,0.8,480.4,1.727,382.6,0.4714
54,child15,child,168.2093,42.000,1.000,41.000,176.000,46.000,314.050,2.071,4917.000,31.253,70.117,2097,2376,125.9,107.8,4.968,1.74,1.2,1.5,10,0.007422,10.03,13.53,23.34,0.5,13.55,0.1624,28.21,26.73,27.59,0.9192,0.4099,1168,391,5.709,137.3,2.309,2.5,36.52,83.07,15.44,4.984,223.5,454.4,69.52,3.741,1.098,246,51.2,223.8,724.7,639.4,72.31,0.04731,600,0.6027,0.9945,0.7082,0.8466,0.7135,0.1722,0.1391,1,0.1506,442.2,1138,44.38,0.6088,540.2,2.077,339.9,0.3448
55,parent,parent,151.7288,37.000,0.000,37.000,147.000,31.000,288.600,3.585,3725.000,32.173,60.683,2178,2239,134.5,120,4.315,1.5,1.071,1.251,10,0.00883,11.5,12.18,23.73,0.5447,17.1,0.1602,32.86,33.63,25.88,1.358,0.4861,1150,334.6,5.754,151,2.163,2.462,37.38,79.86,20.45,5.549,210.8,531,64.21,3.752,1.04,252.6,48.33,219.8,638,678.9,68.55,0.05309,600,0.6636,0.7368,0.6842,0.7632,0.7527,0.205,0.1562,0.9146,0.1478,469.2,907.9,33.53,0.8,502.4,2.034,400,0.4166
55,child0,child,84.9719,23.000,0.000,23.000,82.000,21.000,228.050,4.898,2951.000,22.200,45.083,2104,2244,101.3,120,4.391,1.649,1.007,1.407,11.05,0.008489,12.19,11.65,20.84,0.547,16.79,0.1528,37.58,31.89,22.43,1.485,0.4828,1058,375.8,5.972,147,2.553,2.415,32.84,79.65,20.05,4.938,226.4,606.4,55,3.606,0.8179,276.9,48.88,239.5,707.6,734,71.17,0.05242,531.8,0.5435,0.7207,0.6147,0.6664,0.7588,0.1969,0.1309,1,0.1452,501.9,944.3,29.42,0.648,455.2,2.255,400,0.359
55,child1,child,81.6084,21.000,0.000,21.000,102.000,24.000,160.083,-0.100,3231.000,20.467,59.867,1982,2112,143.8,120,4.186,1.574,1.047,1.152,10.25,0.009766,12.12,14.07,27.18,0.5939,15.18,0.2022,32.18,27.62,28.96,1.294,0.4707,1194,313.4,5.795,155.5,2.329,1.974,38.33,88.4,21.4,6.406,215.2,508.7,74.97,3.124,0.9223,266.2,47.89,203.7,667.6,753.7,65.17,0.04241,600,0.7226,0.7152,0.7174,0.5369,0.8322,0.1813,0.1348,0.8648,0.1474,465.2,875.1,24.73,0.8,479.3,2.473,400,0.4222
55,child2,child,20.4142,10.000,0.000,10.000,46.000,-8.000,-117.333,-2.330,2101.000,13.660,50.983,2200,2496,140.3,113.5,4.576,1.385,1.112,1.045,10,0.008981,10.47,12.47,22.69,0.6127,17.32,0.1657,43.64,37.21,24.06,1.747,0.4303,1187,380.3,5.479,158.5,2.114,2.296,33.59,68.66,17.05,6.462,204.7,498.1,63.19,3.934,1.264,271.2,50.76,205.2,754.6,750.4,69.95,0.05227,600,0.8,0.686,0.659,0.737,0.7837,0.194,0.1519,0.8163,0.1574,526.3,998.3,27.95,0.8,579.8,1.917,393,0.3539
55,child3,child,111.7964,27.000,1.000,26.000,130.000,38.000,202.733,1.229,3474.000,27.493,59.833,2200,2559,167.8,97.24,3.554,1.32,1.045,1.141,10,0.008686,11.53,11.51,25.96,0.5,15.2,0.1693,36.88,40.29,25.82,1.275,0.4918,1126,381.2,6,143.5,2.274,2.5,43.25,81.24,18.39,5.841,193.8,508.6,63.95,4.132,1.062,260.1,44.8,211.6,646.1,601.1,59.48,0.07104,572.3,0.6029,0.9632,0.7838,0.7444,0.7618,0.195,0.1334,0.7317,0.1392,381.7,858.9,30.44,0.7033,485.9,2.013,400,0.369
55,child4,child,63.4093,22.000,1.000,21.000,76.000,4.000,-25.967,1.120,3176.000,17.613,49.100,2200,2642,139,114,3.958,1.205,1.2,1.128,10.98,0.009161,10.36,12.03,28.8,0.5447,14.89,0.1656,38.57,27.91,25.15,1.497,0.5524,1178,429,6,139.8,2.024,2.19,32.24,75.01,21.27,6.186,240.5,571.2,82.09,3.231,1.187,249.5,48.13,230.7,563.2,580,75.04,0.05569,522.7,0.8,0.7997,0.5645,0.7992,0.7,0.1776,0.1364,0.9378,0.1791,405.8,955.7,34.87,0.7892,529.2,1.669,372.1,0.3916
55,child5,child,51.1132,16.000,0.000,16.000,78.000,-10.000,-60.550,0.562,2704.000,15.267,43.900,2200,2422,126.6,120,4.303,1.52,1.2,1.422,10.11,0.009145,9.723,12.51,23.38,0.6052,16.34,0.138,35.45,35.01,30,1.314,0.4464,1004,391.6,5.286,167,1.872,2.036,37.47,76.76,25.34,5.395,200.2,548.8,74.14,4.493,1.173,222.5,54.76,216.9,726.5,806.7,75.74,0.05644,600,0.6985,0.8799,0.6718,0.737,0.7946,0.2247,0.1644,1,0.1527,386.5,1025,37.35,0.7652,402.7,2.082,347,0.6296
55,child6,child,23.0331,11.000,2.000,9.000,66.000,-7.000,-90.583,-0.772,2671.000,14.607,51.983,2200,1783,128.4,120,5.006,1.438,1.149,1.119,12.02,0.008318,10.98,10.79,29.01,0.566,16.31,0.1509,34.17,32.12,24.59,1.166,0.531,1158,424.1,6,174.3,2.145,2.347,34.37,70.03,20.98,5.473,232,532.9,72.36,4.128,0.7433,192.3,42.34,193.5,664.8,713.7,63.84,0.05061,556.8,0.5382,0.7873,0.6405,0.7052,0.7106,0.2462,0.1578,1,0.1424,404.1,863.1,33.97,0.6918,425.1,1.944,400,0.4123
55,child7,child,100.5789,27.000,1.000,26.000,92.000,41.000,224.900,4.336,3014.000,21.407,60.067,2109,1993,132.2,118.2,4.661,1.479,1.2,1.364,10.42,0.01155,10.24,13.25,23.79,0.5303,17.72,0.1555,29.01,40.99,21.52,1.444,0.4736,1107,338.4,6,143.8,2.277,2.5,40.96,83.32,22.79,4.688,188.5,605.8,58.74,3.571,0.9162,286.7,53.27,192.2,647.4,819.2,78.68,0.05239,586,0.5887,0.7098,0.6362,0.8337,0.948,0.2488,0.1258,1,0.1398,483.5,998,37.63,0.8,533.6,1.81,377.7,0.3637
55,child8,child,35.4979,13.000,0.000,13.000,60.000,-6.000,-115.833,-0.088,2453.000,15.847,38.267,2200,2691,127.2,109,4.089,1.444,0.9466,0.9868,10.51,0.01083,10.7,9.975,20.33,0.7023,17.95,0.1448,34.63,29.63,26.97,1.449,0.5304,1140,294.7,6,165.7,2.562,2.5,34.13,68.16,21.69,6.312,209.9,676.1,61.58,3.228,1.149,209.2,43.95,195.2,654.8,556.3,63.02,0.04857,600,0.6615,0.7699,0.8096,0.8915,0.7115,0.2014,0.1692,0.9085,0.146,510,776.7,35.12,0.8,613.3,2.356,400,0.4744
55,child9,child,82.6650,24.000,0.000,24.000,86.000,10.000,172.533,4.792,3199.000,24.500,57.417,2200,1728,106.2,104.2,4.673,1.802,1.09,1.359,10,0.007953,9.775,12.71,30.75,0.5,18.19,0.1441,28.77,37.87,23.81,1.242,0.3873,991.8,338.6,5.787,153.2,1.759,2.5,35.24,83.26,23.08,5.517,211.4,562.8,68.8,4.256,1.048,272.2,49.27,213.4,738.8,772.2,75.03,0.04758,540.1,0.7451,0.6693,0.6212,0.8097,0.8168,0.2241,0.1466,0.8921,0.1215,495.2,942.3,36.51,0.752,432.9,1.836,330.7,0.3623
55,child10,child,74.4597,21.000,1.000,20.000,88.000,10.000,148.333,2.860,2829.000,27.087,49.383,1636,2079,99.38,120,4.211,1.687,1.006,1.103,10.29,0.008931,10.32,10.61,22.77,0.5498,19.57,0.1688,33.7,31.45,30,1.453,0.4797,1218,277.8,6,172.3,1.909,2.5,34.67,96.22,19.48,6.21,239.9,503.9,61.07,3.11,1.049,237.5,48.04,223,748.2,792.7,81.24,0.05372,582.2,0.6566,0.6529,0.6922,0.7347,0.7477,0.2284,0.1295,0.8441,0.1362,461.2,1026,34.89,0.68,577.9,1.931,371.2,0.4748
55,child11,child,169.5030,36.000,0.000,36.000,197.000,40.000,246.767,2.248,4390.000,26.780,44.783,1733,2757,146.8,120,3.853,1.307,1.15,1.407,10.01,0.008008,11.91,13.1,24.4,0.5717,16.09,0.1316,37.66,26.82,21.4,1.582,0.4473,1325,321.6,5.456,139.3,2.601,2.5,33.77,92.23,17.8,4.978,198,499.4,68.81,3.588,1.089,234.3,37.06,233.5,608.7,635.8,67.2,0.04552,529.8,0.8,0.9363,0.6181,0.6818,0.7395,0.1908,0.1553,0.9061,0.1362,495.1,1051,36.33,0.634,548,2.38,400,0.4085
55,child12,child,67.3260,13.000,0.000,13.000,112.000,18.000,145.067,-0.134,2761.000,17.867,47.117,2200,2033,130.4,100.5,4.492,1.668,1.006,1.124,10.76,0.009048,12.23,12.1,23.04,0.5045,17.46,0.1385,36.06,32.73,23.02,1.582,0.4884,1054,322,6,164.5,2.33,2.373,39.16,67.49,21.99,5.96,180.9,541.6,61.05,4.446,1.187,314.1,49.18,252.8,482.1,672.6,68.46,0.06104,587.1,0.7061,0.697,0.6599,0.781,0.9267,0.2008,0.1691,0.8391,0.1759,384,841.3,31.76,0.8,514.4,2.003,353.4,0.4
55,child13,child,81.9660,18.000,1.000,17.000,122.000,14.000,59.250,2.588,2813.000,31.013,40.817,2104,2199,135.8,103.1,4.459,1.3,0.9603,1.075,10,0.008153,11.79,13.24,19.92,0.5207,18.16,0.1412,23.94,37.39,27.69,1.635,0.471,1441,332,5.388,174.4,2.633,2.5,37.1,90.67,20.36,5.866,218.8,440.7,53.03,3.038,1.149,263.8,49.7,268.7,587.6,770.2,71.14,0.04782,571.9,0.5454,0.9858,0.6989,0.8542,0.9026,0.1841,0.1491,1,0.1398,619.2,709.6,33.22,0.7336,476.3,2.501,400,0.4292
55,child14,child,127.3690,28.000,0.000,28.000,144.000,35.000,247.033,1.669,3354.000,30.213,48.450,2111,2286,145.2,120,4.221,1.574,1.119,1.336,10.69,0.008509,11.13,10.51,23.52,0.5683,17.71,0.1788,39.53,35.98,27.73,1.283,0.5289,1108,313.3,4.982,155.3,2.833,2.081,49.96,91.38,18.87,4.801,253.5,560.5,66.11,3.194,1.095,208.7,45.3,166.7,635,788.3,69.93,0.05278,467,0.6382,0.6961,0.7056,0.8756,0.7143,0.1934,0.1499,0.9368,0.1561,488.1,1200,38.39,0.7814,476.6,2.205,387.6,0.2972
55,child15,child,124.4752,32.000,0.000,32.000,137.000,23.000,127.200,4.222,4124.000,26.013,54.383,1831,2249,142.5,120,3.933,1.505,0.7902,0.9845,10,0.008835,10.96,12.16,21.18,0.6506,15.13,0.1646,35.61,34.97,27.15,1.364,0.4505,1157,321.5,5.272,130.4,2.294,2.291,32.66,79.19,21.61,4.817,180,481.6,64.43,3.626,0.8096,249.9,38.71,222.1,660.3,582.1,66.97,0.04757,600,0.5492,0.6751,0.5765,0.635,0.7319,0.204,0.1433,0.8391,0.1324,428.9,1040,26.51,0.8,582.1,2.27,400,0.444
56,parent,parent,132.8257,34.000,0.000,34.000,146.000,8.000,17.650,3.119,3684.000,29.233,59.233,1733,2757,146.8,120,3.853,1.307,1.15,1.407,10.01,0.008008,11.91,13.1,24.4,0.5717,16.09,0.1316,37.66,26.82,21.4,1.582,0.4473,1325,321.6,5.456,139.3,2.601,2.5,33.77,92.23,17.8,4.978,198,499.4,68.81,3.588,1.089,234.3,37.06,233.5,608.7,635.8,67.2,0.04552,529.8,0.8,0.9363,0.6181,0.6818,0.7395,0.1908,0.1553,0.9061,0.1362,495.1,1051,36.33,0.634,548,2.38,400,0.4085
56,child0,child,57.5136,14.000,0.000,14.000,96.000,19.000,161.567,0.502,2973.000,33.120,67.267,1741,2800,164.6,79.65,4.209,1.25,0.9859,1.307,11.69,0.008342,12.06,12.52,22.03,0.5717,14.67,0.1444,33.35,31.83,20.52,1.624,0.4735,1051,314.5,5.381,136.5,2.199,2.5,33.91,115.4,16.44,4.985,179.5,465.4,62.99,4.099,1.395,234.7,34.16,208.3,541.9,710,70.24,0.04514,551.7,0.8,0.9566,0.6996,0.5997,0.7,0.1909,0.1623,1,0.14,454.7,1081,43.07,0.5539,544.1,2.532,400,0.4679
56,child1,child,41.7306,12.000,0.000,12.000,75.000,-1.000,-18.450,-0.396,2376.000,17.227,55.200,1657,2645,154.1,101,4.261,1.21,1.2,1.246,11.96,0.008889,9.983,13.52,27.94,0.5966,13.82,0.1447,40.59,25.38,21.4,1.715,0.3722,1408,399,5.145,137,2.615,2.291,31.09,75.72,17.91,4.617,202.3,465.4,74.34,3.128,1.171,265.3,36.51,214.1,835.7,671.3,55.98,0.04593,600,0.7418,0.8506,0.5525,0.6909,0.7492,0.1607,0.1738,0.7926,0.1377,452.3,1200,37.62,0.6349,633.6,2.529,355,0.3559
56,child2,child,177.4568,38.000,0.000,38.000,204.000,40.000,283.917,2.559,4302.000,29.393,75.417,2097,2378,137.1,114.6,3.668,1.306,0.9928,1.412,11.01,0.007507,10.49,10.48,22.65,0.5989,20,0.1368,38.05,23.04,21.16,1.612,0.4294,1348,330.2,6,125.3,2.411,2.5,36.65,98.05,16.8,4.543,197.2,412.5,77.45,2.852,0.8724,226,30.71,249.1,658.6,521.7,74.29,0.04242,564.6,0.7496,0.9718,0.5137,0.698,0.7235,0.2123,0.1698,0.9501,0.1731,541.7,921.9,36.19,0.6231,586.8,2.329,400,0.4529
56,child3,child,66.1260,22.000,1.000,21.000,75.000,11.000,14.617,0.327,2928.000,22.300,55.200,1587,2094,132.4,120,3.164,1.476,1.2,1.335,10,0.008528,13.93,10.7,28.6,0.5,15.1,0.129,40.38,29.75,22.16,1.597,0.5105,1191,242.7,4.789,121,2.208,2.5,28.44,82.67,18.66,5.281,256.5,506.9,74.75,3.377,0.9784,195.5,35.5,188,514.4,818.1,52.49,0.04344,527.7,0.6914,0.932,0.6551,0.7819,0.7675,0.2132,0.1395,0.9153,0.1247,643.3,1132,38.49,0.6213,517.4,2.746,369,0.3599
56,child4,child,155.0090,34.000,1.000,33.000,185.000,31.000,244.883,0.059,3931.000,24.747,58.333,2200,2800,134.4,119.8,4.119,1.26,1.2,1.5,11.36,0.0089,12.53,12.18,25.23,0.562,18.81,0.1146,33.92,25.31,22.51,1.564,0.4096,1082,299.1,4.897,148.6,2.266,2.5,34.01,96.02,17.25,4.913,233.8,491,76.26,3.482,1.101,229.4,33.45,269.7,616.4,539.5,60.14,0.04333,515,0.7751,0.8925,0.6602,0.6649,0.7432,0.1799,0.1581,0.8961,0.1317,567.5,992.6,38.06,0.6036,481.1,2.272,400,0.4413
56,child5,child,123.6068,33.000,3.000,30.000,151.000,39.000,184.400,1.020,4483.000,29.380,61.233,1859,2728,156.6,120,3.865,1.262,1.2,1.277,10,0.008336,11.48,14.13,24.15,0.5458,16.1,0.1275,36.7,25.04,24.44,1.662,0.4333,1254,384.4,4.911,131.6,2.316,2.259,33.98,100.9,16.69,4.573,212.2,525.4,76.97,3.586,0.8777,258.4,34.13,221.7,567.9,605.5,63.72,0.0455,557.6,0.8,1,0.6002,0.761,0.7634,0.1816,0.1666,1,0.1212,551,1044,43.92,0.6648,610.7,1.581,400,0.4206
56,child6,child,52.3099,19.000,2.000,17.000,70.000,10.000,88.017,2.041,2868.000,19.593,78.317,1561,2455,140.5,106.3,4.035,1.152,1.089,1.364,10,0.007822,11.39,16.46,18.45,0.6631,20,0.1181,40.3,30.5,26.43,1.39,0.445,1411,384.5,5.369,124.4,2.872,2.5,38.06,90.17,19.45,4.165,205.7,564.3,86.36,3.803,1.142,263.8,33.07,216.6,645.2,622.5,58.05,0.04454,600,0.8,1,0.6225,0.7373,0.7,0.2218,0.1332,0.9477,0.1475,535.4,908.6,34.89,0.7735,438.2,2.382,366.8,0.4045
56,child7,child,168.7186,38.000,0.000,38.000,181.000,42.000,228.550,2.728,4172.000,29.080,54.883,1543,2800,154.8,120,3.551,1.05,1.062,1.5,10,0.006495,15.6,13.95,23.14,0.5936,16.46,0.1511,42.47,25.1,22.23,1.678,0.3495,1011,384.4,5.217,143.4,2.524,2.5,33.74,87.46,19.33,5.97,200.5,478.4,62.18,4.341,1.25,265.3,39.05,220.9,608.1,757.1,57.81,0.04561,570,0.7388,0.7619,0.7958,0.6452,0.8284,0.1758,0.1653,0.9006,0.125,501.5,1200,37.92,0.7666,663.9,2.273,367.1,0.4042
56,child8,child,41.0492,17.000,2.000,15.000,51.000,12.000,120.517,0.404,2727.000,17.113,54.817,1482,2800,135.5,120,3.471,1.564,1.049,1.15,10,0.008631,13.03,12.89,25.87,0.5152,14.05,0.15,36.12,29.05,23.82,1.536,0.5236,1037,314.6,5.191,124,2.847,2.5,35.03,68.66,15.56,5.51,189.4,424.9,63.54,3.543,1.11,240.3,41.41,246.7,681.1,537.3,63.58,0.04393,505,0.8,0.9334,0.6358,0.825,0.7215,0.213,0.1533,1,0.1425,408.6,1131,39.5,0.6412,568.4,2.296,391,0.398
56,child9,child,11.7709,13.000,4.000,9.000,39.000,19.000,-15.167,2.260,3055.000,32.460,55.600,1881,2653,140.1,102.9,3.748,1.258,1.2,1.445,10,0.008339,12.43,11.83,21.09,0.5832,15.09,0.1526,35.74,29.05,20.57,1.956,0.4761,1023,382.6,4.986,158.3,2.996,2.345,29.34,120,18.87,5.129,254,477.5,68.27,3.75,1.047,245.3,32.36,243.7,691.5,662.2,72.18,0.04308,565.3,0.7332,0.7646,0.6009,0.8623,0.7,0.1747,0.1548,0.9585,0.118,500,1197,43.46,0.5212,571.5,2.457,341,0.3307
56,child10,child,186.7046,34.000,0.000,34.000,242.000,38.000,334.183,1.407,4100.000,26.493,76.333,1758,2721,131.3,120,3.285,1.027,0.9855,1.266,10.23,0.009834,12.2,12.15,27.25,0.5,15.1,0.1567,36.28,26.43,19.06,1.596,0.5364,1662,326,5.133,133.1,2.978,2.487,32.35,89.6,19.04,4.411,151,565.7,70.1,3.707,0.8284,242.7,37.97,220.2,542.1,601.3,57.5,0.04463,507.6,0.8,0.894,0.6106,0.8168,0.7,0.1879,0.184,0.8397,0.1514,539.1,1051,32.5,0.7037,608.1,2.659,369,0.3469
56,child11,child,129.2832,32.000,0.000,32.000,148.000,16.000,172.167,3.466,3962.000,30.067,64.667,1909,2462,170.5,93.96,3.794,1.3,1.137,1.49,10.12,0.007624,10.93,15.49,26.65,0.5,14.38,0.1355,36.83,30.19,19.83,1.315,0.4791,1411,358.5,6,149.5,2.502,2.5,29.64,99.79,18.36,4.785,202.8,526.9,81.06,3.321,1.198,268.4,38.97,247.8,566.3,605.7,63.04,0.04009,505,0.8,0.9095,0.5081,0.695,0.7351,0.1477,0.1475,0.814,0.1268,527.6,1154,37.31,0.6858,515.3,2.389,381,0.3778
56,child12,child,137.9743,31.000,1.000,30.000,171.000,26.000,82.100,1.125,3668.000,35.700,46.800,1585,2800,149.2,109,3.663,1.543,1.115,1.5,10,0.007143,13.19,13.96,21.57,0.5373,12.04,0.1487,36.8,31.16,20.08,1.36,0.3867,1369,362.3,5.416,115.9,2.592,2.425,37.63,83.86,18.13,5.754,189.3,475.2,53.89,3.436,1.047,257.1,39.75,280.1,703.2,561.8,59.93,0.04955,542.7,0.7859,1,0.6216,0.5651,0.8919,0.1566,0.1649,0.8668,0.1318,413.8,1043,37.06,0.6433,561,2.14,340.4,0.3942
56,child13,child,76.1853,23.000,1.000,22.000,97.000,-4.000,-38.900,-0.035,3028.000,20.040,44.350,1892,2775,111.6,120,3.171,1.494,1.2,1.252,10,0.008334,12.3,13.95,24.3,0.5028,16.06,0.1413,41.75,30.29,19.07,1.539,0.389,1317,341.1,5.415,126.8,2.423,2.5,40.92,73.71,18.16,5.062,161.4,424.4,64.72,3.348,0.9396,238.1,37.34,224.6,605.5,816.4,68.1,0.05075,528.6,0.7911,0.9781,0.6202,0.8183,0.7,0.1899,0.151,0.9824,0.1551,565.1,1200,34.69,0.4928,533.9,2.391,312.7,0.4333
56,child14,child,169.7369,41.000,0.000,41.000,189.000,16.000,148.117,2.328,4401.000,28.080,82.717,2126,2800,160.6,116.7,4.324,1.487,1.007,1.27,10,0.006929,11.1,12.64,25.51,0.5868,16.06,0.1504,39.69,25.55,25.91,1.589,0.4014,1248,325.8,4.761,137.5,2.576,2.5,28.14,83.8,19.56,5.627,192.8,482.5,60.07,3.849,1.318,236.6,43.66,206.2,616.9,570.8,66.57,0.04076,580.9,0.8,0.9908,0.6181,0.6264,0.773,0.1432,0.1515,0.9657,0.1562,504.9,1009,26.2,0.575,431.9,2.424,354.9,0.4057
56,child15,child,-45.7616,14.000,9.000,5.000,-23.000,-53.000,-396.050,1.792,2169.000,25.300,74.167,1849,2800,163.9,118.9,4.033,1.56,1.167,1.201,10,0.008118,12.35,14.08,22.89,0.5,19.13,0.1415,30.72,26.76,26.5,1.583,0.5779,1382,395.8,6,138.2,2.907,2.338,33.2,118.2,20.79,5.714,160.3,515.1,79.18,4.715,1.108,227.3,36.92,208.8,466.7,584.7,65.44,0.04233,598.4,0.7445,0.9617,0.7461,0.6049,0.7,0.1693,0.1173,1,0.1372,527.8,858.2,35.74,0.5918,600.1,2.868,378.2,0.3832
57,parent,parent,108.6764,26.000,1.000,25.000,141.000,18.000,194.767,-0.115,3530.000,20.847,68.767,1758,2721,131.3,120,3.285,1.027,0.9855,1.266,10.23,0.009834,12.2,12.15,27.25,0.5,15.1,0.1567,36.28,26.43,19.06,1.596,0.5364,1662,326,5.133,133.1,2.978,2.487,32.35,89.6,19.04,4.411,151,565.7,70.1,3.707,0.8284,242.7,37.97,220.2,542.1,601.3,57.5,0.04463,507.6,0.8,0.894,0.6106,0.8168,0.7,0.1879,0.184,0.8397,0.1514,539.1,1051,32.5,0.7037,608.1,2.659,369,0.3469
57,child0,child,114.1447,36.000,1.000,35.000,104.000,12.000,111.967,3.338,4052.000,24.387,62.050,1457,2553,113.7,92.01,3.393,0.9569,1.115,1.032,10,0.009453,12.4,10.88,28.86,0.5,14.55,0.1608,42.27,24.58,16.07,1.461,0.5528,1945,357.3,4.321,126.6,3,2.186,31.93,74.14,19.91,4.475,147.9,547.4,61.7,3.004,0.7502,210.8,42.46,185.7,560.6,748.3,50.57,0.04156,465.6,0.8,0.989,0.5904,0.8979,0.7,0.2155,0.1909,0.9253,0.1646,424.6,1200,28.31,0.6405,617.1,2.205,397.2,0.3636
57,child1,child,64.8966,20.000,1.000,19.000,89.000,-4.000,51.433,1.351,2982.000,25.360,51.517,2116,2765,123.9,99.24,2.883,0.9729,1.031,1.294,10.27,0.007902,14.09,11.01,25.75,0.5,14.74,0.146,34.54,27.62,19.89,1.396,0.508,1708,320.6,4.529,120,3,2.5,40.9,91.36,19.36,4.061,152.5,551.4,55.62,3.691,0.8057,211,39.51,257,594.1,584.2,48.05,0.04488,569.1,0.7376,0.8953,0.5547,0.6853,0.7704,0.1738,0.1928,0.8303,0.1443,565.8,895.7,28.64,0.6199,615.5,2.851,329.7,0.4245
57,child2,child,100.9567,23.000,0.000,23.000,129.000,29.000,95.850,-0.008,3151.000,30.547,56.917,1518,2373,124.3,120,3.133,0.9486,0.8933,1.086,10.33,0.01183,13.63,13.17,27.52,0.5746,15.89,0.1662,37.81,25.63,16.88,1.731,0.5854,2000,268.7,4.678,150.4,3,1.95,28.84,107.8,19.33,3.333,149.6,670.6,75.38,2.945,0.8979,276.5,34.77,219.1,593.4,657.8,61.33,0.04511,585.9,0.7375,0.9135,0.6802,0.8327,0.7,0.219,0.1893,0.9186,0.1795,575.1,1098,31.55,0.7106,582.4,2.572,400,0.3313
57,child3,child,118.7411,24.000,0.000,24.000,138.000,27.000,221.100,1.120,2311.000,27.107,68.200,1690,2800,114,116.8,2.963,1.092,0.8441,1.096,10.02,0.009714,12.79,11.36,25.25,0.5,16.71,0.1826,41.52,23.52,19.4,1.572,0.5035,1405,288.8,4.679,130.9,2.54,2.5,31.19,96.74,16.57,4.649,137.6,552.1,56.53,3.07,0.9439,270.4,32.16,260.9,544.2,656,63.54,0.05079,451.6,0.7231,0.9131,0.6673,0.8094,0.7,0.1626,0.2117,0.923,0.162,533.6,1200,32.55,0.7519,598.4,2.465,261.6,0.3373
57,child4,child,140.4703,35.000,1.000,34.000,156.000,28.000,239.967,1.501,4129.000,27.213,66.683,1537,2800,112.7,120,2.754,0.949,1.2,1.208,11.67,0.01212,10.51,12.09,26.87,0.5563,16.36,0.1675,39.56,26.49,17.7,1.922,0.4495,1803,361.3,4.891,135.8,3,1.866,34.85,91.68,16.29,6.127,183.9,635.3,68.98,4.11,0.8194,242.9,37.03,185.7,456.8,622,64.32,0.04192,449.1,0.8,0.9515,0.6525,0.8503,0.7,0.22,0.1906,0.8257,0.1838,533.6,1058,34.53,0.6965,542.3,1.939,362.2,0.3069
57,child5,child,-11.3460,3.000,1.000,2.000,23.000,2.000,-169.417,-1.799,1768.000,9.567,63.217,1932,2724,115.6,120,3.473,1.003,0.9445,1.364,10.76,0.00885,15.08,12.69,28.98,0.548,15.32,0.1685,47.16,24.65,19.42,1.275,0.6364,1866,374.4,6,130.7,3,2.5,33.16,75.82,16.54,4.64,175.5,541.5,88.04,4.036,0.8652,225.1,46.9,192.3,493,699.7,56.46,0.04499,525.2,0.6832,0.8561,0.5243,0.6831,0.7486,0.1764,0.1752,1,0.1579,544.9,1181,35.86,0.6233,565.1,2.866,372.8,0.3627
57,child6,child,123.2094,26.000,2.000,24.000,171.000,26.000,241.117,0.200,3570.000,35.127,52.000,1711,2700,143,120,3.189,0.9544,0.9214,1.245,10,0.009294,11.1,11.35,29.39,0.5,19.48,0.1669,35.12,24.6,22.55,1.234,0.4832,1470,328.2,5.447,146.4,3,2.5,31.98,92.67,17.95,5.308,177.8,591.8,59.06,3.298,1.059,250,36.71,249.1,537,594.5,55.92,0.04097,494.8,0.8,0.8978,0.716,0.8012,0.7,0.2272,0.1789,0.6902,0.1488,542.9,1160,29.5,0.7156,648.9,2.65,380.5,0.3836
57,child7,child,156.2308,29.000,0.000,29.000,216.000,25.000,170.200,-0.516,3827.000,30.233,56.217,1862,2800,131.6,120,2.794,0.9357,0.9459,1.237,11.45,0.01134,13.28,11.25,26.61,0.5236,11.57,0.1974,44.11,20.97,19.48,1.758,0.556,1611,287.2,4.808,129.2,3,2.5,35.84,99.83,18.53,4.529,136.8,406.2,68.62,4.001,0.7698,231.2,47.29,198.3,453.9,663.1,51.06,0.03535,491.1,0.8,0.7775,0.6247,0.6958,0.7673,0.1832,0.1827,0.8413,0.1443,503.3,1153,31.09,0.6425,597.1,2.722,389.9,0.3472
57,child8,child,135.2931,32.000,1.000,31.000,158.000,27.000,146.033,0.327,3589.000,32.893,60.117,1476,2492,122.6,120,3.868,0.9566,1.033,1.414,10,0.01015,13.96,12.55,29.1,0.5209,12.55,0.224,38.83,22.64,14.37,1.375,0.6314,1748,377.2,4.887,119.5,3,2.422,31.92,96.38,17.57,3.898,156.1,816.4,66.46,3.812,0.7701,293.3,33.1,285.9,447.7,724.3,64.41,0.03896,468.1,0.7387,1,0.5495,0.9,0.8602,0.2269,0.1834,0.7189,0.1306,522.1,1119,32.43,0.6591,604.1,2.871,293.5,0.3281
57,child9,child,60.1773,22.000,3.000,19.000,73.000,-3.000,-95.367,1.073,2256.000,27.653,60.267,1393,2800,146.3,120,3.119,0.9173,0.9139,1.346,10,0.008716,12,11.71,27.39,0.5,17.56,0.1658,39.63,24.97,18.02,1.282,0.539,1655,325.1,5.029,135,2.819,2.439,31.9,93.77,21.65,4.066,192.7,681.8,56.66,3.865,0.8492,270.1,32.2,288.7,543.5,497.2,46.49,0.04486,533.6,0.8,0.7512,0.6078,0.8026,0.7,0.1872,0.2023,0.9691,0.1753,591.9,1113,33.35,0.7292,618.6,2.201,357.9,0.4045
57,child10,child,144.1998,32.000,1.000,31.000,176.000,33.000,217.100,2.464,3970.000,29.160,63.583,1855,2697,145.5,120,2.879,0.9697,0.974,1.302,10,0.009718,11.25,11.74,21.97,0.5,13.76,0.1464,36.47,27.92,23.77,1.495,0.4337,1913,336.6,5.349,164.7,3,2.093,33.23,84.88,20.32,4.898,130.7,552.7,69.09,3.675,0.7963,267.8,33.52,219,499.7,602.3,50.15,0.0467,404,0.8,0.867,0.7351,0.7453,0.8355,0.1976,0.1961,0.7486,0.1405,543.9,1092,28.91,0.61,490.9,3.466,380.4,0.3195
57,child11,child,13.7268,6.000,1.000,5.000,43.000,11.000,32.867,-1.800,1881.000,10.240,48.967,1878,2592,146,120,3.136,0.8,1.194,1.158,10,0.00969,11.35,12.11,28.96,0.5,14.95,0.145,40.01,24.06,17.34,1.87,0.4875,1898,415.5,6,149.2,3,1.92,31.45,86.8,27.46,4.138,182.5,643.9,79.59,4.262,0.7513,226.1,36.57,233.7,483.3,588.3,62.05,0.04614,470.9,0.6898,0.6827,0.6935,0.9,0.7856,0.1927,0.2459,1,0.1407,510.4,869.8,25.71,0.5993,567.9,2.726,339,0.3018
57,child12,child,149.1740,30.000,0.000,30.000,200.000,14.000,120.017,0.291,3594.000,31.020,71.300,1586,2800,175.3,120,3.12,0.971,1.091,1.05,10,0.009526,11.81,13.61,28.93,0.5,16.25,0.1671,30.2,26.88,19.21,1.756,0.5226,1645,393.7,5.38,118.4,2.822,2.5,28.88,96.73,19.6,4.668,159.1,655.4,74.17,3.836,0.8579,271,42.39,267.9,481.6,662.8,54.31,0.04964,487.7,0.8,0.6192,0.6373,0.794,0.7,0.1997,0.1718,1,0.1418,602.5,1024,32.85,0.6754,647.6,2.899,323.8,0.3067
57,child13,child,-2.3886,2.000,0.000,2.000,27.000,3.000,15.583,-3.126,1625.000,7.807,42.067,1572,2800,136.6,120,3.549,1.535,1.139,1.167,10,0.009856,11.39,14.46,26.37,0.5186,14.57,0.1716,34.41,23.73,19.24,1.503,0.5678,1353,345,6,131.6,2.469,2.5,29.9,73.64,19.65,4.47,151.3,530.3,69.22,3.767,0.8652,239.4,34.16,271.3,499.5,659.2,37.62,0.04802,564.3,0.7862,0.9648,0.6388,0.7324,0.7,0.2046,0.165,0.8385,0.1455,476.4,963.7,33.03,0.6144,614.4,3.255,311.1,0.3428
57,child14,child,134.7000,35.000,1.000,34.000,154.000,9.000,66.483,3.770,4133.000,30.880,48.967,2050,2575,142.9,120,4.078,1.089,0.9686,1.345,12.24,0.008892,11.57,10.1,22.84,0.5,17.78,0.142,47.3,34.76,19.87,1.433,0.5348,1552,307.5,4.726,171.6,2.738,2.269,32.61,86.98,22.29,4.575,153.8,501,59.55,4.246,0.7778,227.4,40.9,183.7,511.6,580.6,62.28,0.04736,529.8,0.8,0.7557,0.729,0.9,0.838,0.171,0.1869,0.9115,0.1379,623.7,957.4,34.76,0.7291,589.5,2.56,321.1,0.3749
57,child15,child,114.0380,24.000,0.000,24.000,144.000,28.000,321.333,2.819,3498.000,22.847,61.333,1591,2800,132.1,93.9,4.042,0.9584,1.098,1.171,13.73,0.008091,10.59,10.67,31.51,0.5,14.09,0.143,37.6,28.18,22.29,1.532,0.5928,1718,373.7,4.455,142.1,2.923,2.5,32.18,96.29,20.46,3.656,166.6,732.3,79.76,3.154,0.7823,240.5,38.54,223.7,461.6,540.2,60.74,0.04764,381.1,0.6543,0.7968,0.5492,0.8334,0.8313,0.1787,0.1881,0.723,0.1661,701.9,1019,32.95,0.7559,749.4,2.971,367.5,0.3687
58,parent,parent,150.7273,30.000,2.000,28.000,197.000,55.000,272.117,-0.403,3992.000,29.900,51.033,1862,2800,131.6,120,2.794,0.9357,0.9459,1.237,11.45,0.01134,13.28,11.25,26.61,0.5236,11.57,0.1974,44.11,20.97,19.48,1.758,0.556,1611,287.2,4.808,129.2,3,2.5,35.84,99.83,18.53,4.529,136.8,406.2,68.62,4.001,0.7698,231.2,47.29,198.3,453.9,663.1,51.06,0.03535,491.1,0.8,0.7775,0.6247,0.6958,0.7673,0.1832,0.1827,0.8413,0.1443,503.3,1153,31.09,0.6425,597.1,2.722,389.9,0.3472
58,child0,child,87.7516,18.000,0.000,18.000,122.000,24.000,178.233,1.742,2880.000,31.140,45.700,1778,2296,139.7,116.2,2.46,0.8914,0.9677,1.118,10.58,0.01004,11.58,11,27.78,0.521,12.39,0.229,41.82,23.96,19.32,1.791,0.4743,1816,301.9,5.151,144.9,3,2.308,43.7,101.3,20.23,4.406,122.6,456.5,69.68,3.546,0.6732,261.6,36.96,194.5,543,658.2,61.02,0.03295,546.4,0.8,0.7507,0.6851,0.9,0.8418,0.1771,0.2216,1,0.1298,635.8,1189,28.64,0.8,673.6,2.821,400,0.4099
58,child1,child,81.4597,16.000,0.000,16.000,134.000,13.000,122.183,-0.622,3057.000,24.480,52.550,1615,2754,129.9,113.3,2.786,0.8567,0.8569,1.478,10,0.01352,12.93,9.614,30.45,0.5,12.49,0.1578,52.71,20.1,16.79,1.949,0.5493,1636,275.3,5.282,150.3,2.882,2.227,32.77,80.81,17.75,3.785,122.1,381.5,67.74,3.979,0.7305,232.7,51.58,210.9,489.3,598.2,63.64,0.03727,403.4,0.8,0.9525,0.6798,0.7052,0.7559,0.1925,0.1983,0.8527,0.1708,486.8,1200,31.98,0.5926,580.7,3.352,324.7,0.3389
58,child2,child,161.9390,33.000,0.000,33.000,184.000,43.000,238.700,3.817,3769.000,24.733,41.800,2033,2764,138.3,120,3.411,0.8424,0.9966,1.213,12.41,0.01162,14.05,13.43,27.3,0.6129,11.06,0.1878,56.06,22.45,19.53,1.866,0.6288,1842,233.7,5.249,127,2.603,2.5,35.45,111.9,19.9,4.975,148.5,441.8,85.63,4.461,0.6734,246.6,49.34,167.3,512,678.8,44.62,0.04446,512.5,0.6331,0.8071,0.849,0.6098,0.8848,0.1792,0.1746,0.8601,0.1297,478.2,1200,24.32,0.5975,641.8,2.789,357.3,0.3642
58,child3,child,104.0663,17.000,0.000,17.000,169.000,28.000,159.450,-1.393,3148.000,19.813,60.650,1744,2800,105.4,120,3.103,1.106,0.8272,1.291,12.61,0.01249,15.95,11.57,21.57,0.5,12.95,0.2442,40.43,17.51,21.32,1.901,0.4708,1719,347.1,3.926,119.8,3,2.5,33.6,101.3,19.73,4.801,122.2,445.1,75.13,3.423,0.8508,196.4,61.85,226.2,405.2,734,55.55,0.03754,600,0.7583,1,0.6485,0.7608,0.7,0.1984,0.1877,0.9339,0.1535,497,1200,39.64,0.6873,541,3.56,393.9,0.3913
58,child4,child,113.6098,25.000,1.000,24.000,168.000,17.000,59.217,-0.274,3708.000,28.960,68.617,1723,2800,128.6,110.4,2.946,0.8813,0.9748,1.118,10.43,0.01123,11.97,12.48,24.6,0.5902,11.06,0.1615,34.76,22.92,17.56,2.11,0.4805,1657,339.8,5.131,162.4,2.427,2.213,35.75,96.73,20.69,4.119,158.2,439.6,64.63,4.394,0.8801,276.6,40.83,227.8,421.6,671.4,43.41,0.0417,493.8,0.768,0.9842,0.6317,0.6524,0.7725,0.1313,0.1549,1,0.1611,538.1,1152,32.6,0.5888,649.2,2.528,400,0.389
58,child5,child,26.2772,19.000,5.000,14.000,61.000,-39.000,-351.500,1.468,2228.000,30.487,67.983,2104,2770,147.3,113.2,2.986,1.041,0.9533,1.203,10,0.01313,13.51,8.606,26.17,0.7129,13.19,0.2007,44.99,21.32,21.19,1.486,0.5992,1737,292,5.862,144.2,2.606,2.5,40.59,102.6,15.59,4.94,126.2,382.5,60.94,4.75,0.7847,219.3,37.67,192.1,413.3,620.1,48.21,0.03302,491.2,0.8,0.8099,0.6581,0.8005,0.8329,0.1656,0.2035,0.812,0.1498,544.8,1200,35.6,0.7271,733,2.561,373.3,0.288
58,child6,child,76.4034,19.000,0.000,19.000,89.000,25.000,164.183,-0.586,2670.000,17.673,46.200,2200,2669,119.7,120,2.85,1.032,1.091,1.223,11.11,0.009132,15.8,10.11,25.29,0.6285,11.96,0.1689,44.93,22.32,16.82,1.9,0.5543,1453,299.7,4.617,116.2,3,2.5,32.11,99.46,21.36,4.206,138.4,348.5,88.35,4.996,0.7316,164.1,53.26,165.7,468.1,692.1,43.25,0.0334,600,0.8,0.7541,0.5472,0.7441,0.7668,0.2099,0.1896,0.7238,0.1404,475.8,1200,37.75,0.573,593.7,3.053,377.3,0.3543
58,child7,child,143.7046,30.000,1.000,29.000,191.000,21.000,243.550,2.225,4077.000,27.873,54.217,1660,2411,109.6,116.2,3.128,0.9422,0.9601,1.344,10.47,0.01315,11.8,9.923,21.84,0.5,9.636,0.2024,51.79,19.87,17.61,1.833,0.5282,1458,214.1,5.735,154.1,3,2.5,35.56,83.2,20.3,4.115,157,343.5,63.4,4.897,0.8815,214.3,44.5,153.2,409.9,642.1,52.46,0.04213,457.8,0.7232,0.8848,0.6036,0.6805,0.7,0.1783,0.1866,0.8224,0.1652,455,1198,36.11,0.8,561.1,3.179,297.2,0.3224
58,child8,child,105.4077,21.000,0.000,21.000,145.000,30.000,161.367,0.153,3212.000,21.193,51.567,2010,2404,122.2,120,2.5,0.8311,1.046,1.248,10.32,0.01329,14.49,10.47,26.39,0.5573,11.72,0.191,44.27,20.79,15.79,1.647,0.5679,1574,279,5.604,125.3,2.688,2.5,35.8,92.22,16.73,4.378,121.4,415.5,81.49,3.609,0.8274,211,56.98,203.2,421.9,527,46.48,0.03717,518.1,0.7897,0.8589,0.5968,0.8133,0.801,0.1454,0.1764,0.8073,0.1704,578.9,1200,34.27,0.5989,533.6,2.957,400,0.4302
58,child9,child,87.7001,26.000,1.000,25.000,104.000,-13.000,-285.967,2.114,2247.000,27.093,68.583,1883,2800,126.8,120,3.068,0.9049,0.9898,1.299,10,0.009164,13.19,11.32,20.49,0.5,11.69,0.1819,48.32,22.71,16.13,1.603,0.5549,1643,291.1,5.02,131.2,2.494,2.5,32.86,102.7,18.05,4.703,159.4,413.9,63.11,3.938,0.582,193.5,53.15,177.2,441.8,561.7,47.75,0.0382,440.1,0.8,0.7229,0.7901,0.5792,1,0.1845,0.1978,0.7766,0.1512,417.6,1200,30.98,0.6146,659.8,3.49,379.8,0.3129
58,child10,child,109.7786,34.000,1.000,33.000,127.000,16.000,-48.333,-0.338,4590.000,33.107,55.750,1770,2800,123.6,111.6,2.727,0.8494,1.164,1.126,10,0.01012,15.43,10.92,20.92,0.5,9.634,0.1921,40.61,20.77,22.6,1.937,0.5081,1249,312.1,4.743,145.1,2.603,2.5,37.89,92.45,17.29,5.036,117.3,406.8,62.4,3.795,0.8228,246.7,49.24,200.7,493.3,693.7,54.16,0.02768,548,0.8,0.8226,0.5959,0.6507,0.814,0.1699,0.184,0.9591,0.1407,475.6,1200,30.95,0.5254,589.1,2.5,400,0.3282
58,child11,child,90.3304,17.000,1.000,16.000,150.000,28.000,243.000,-1.499,3215.000,31.200,71.100,2014,2800,178.6,120,2.736,0.9055,1.089,1.313,11.88,0.01327,17.21,9.229,27.84,0.5281,11.76,0.2076,38.96,19.62,22.05,1.572,0.5894,1486,307.2,4.391,148.2,2.973,2.5,31.12,105.4,18.15,4.981,159.8,405.4,70.38,3.832,0.6846,227,51.4,214.1,373.7,679.6,54.36,0.04127,487.9,0.8,0.8961,0.7078,0.6841,0.7,0.1946,0.2145,0.8077,0.1271,564.6,1200,30.94,0.5334,618,2.762,400,0.3425
58,child12,child,178.0269,35.000,0.000,35.000,223.000,25.000,182.667,0.056,3914.000,24.680,55.467,2055,2800,145.8,120,2.693,0.9605,1.097,1.333,10.34,0.01367,12.93,13.18,28.96,0.5801,10.11,0.202,44.34,20.75,23.49,1.457,0.5522,1580,251.6,4.668,142.6,2.992,2.085,30.88,102.8,17.99,4.965,136.7,507.4,78.5,4.51,0.7544,226.5,41.8,240.4,402.5,600.9,47.7,0.03547,477.2,0.7454,0.7127,0.5623,0.7,0.7,0.1537,0.1892,0.7445,0.1216,443.2,1200,30.83,0.6249,627.8,2.836,400,0.2489
58,child13,child,160.8366,41.000,0.000,41.000,179.000,20.000,137.150,1.864,5090.000,27.987,56.400,1948,2763,137.8,101.7,3.237,0.8014,0.8045,1.131,12.73,0.01061,11.15,13.3,26.91,0.6266,11.47,0.2176,39.69,22.72,17.76,1.513,0.5891,1650,305.8,4.69,113.1,2.989,2.5,39.2,91.65,17.82,3.869,118.6,363.8,70.81,3.745,0.7726,223.9,48.96,182.5,450.6,633.2,53.21,0.0349,454.4,0.6885,0.7228,0.6936,0.6489,0.8535,0.2359,0.202,1,0.1446,595,899.1,34.32,0.6438,638.2,2.549,400,0.3148
58,child14,child,117.2923,22.000,0.000,22.000,177.000,5.000,94.433,1.443,3217.000,23.313,63.167,1563,2800,118.1,102,3.824,0.8,0.8833,1.207,10.44,0.01249,13.1,9.15,29.92,0.5264,12.88,0.2042,38.8,22.24,16.95,1.698,0.5861,1751,290.9,4.493,133.3,3,2.449,34.25,84.92,17.9,4.341,122.1,395.5,55.76,3.502,0.7914,229.6,46.86,203.2,392.8,641.5,49.36,0.02519,442.6,0.7951,0.946,0.6344,0.6189,0.7878,0.2219,0.2086,1,0.112,542.2,1200,38.11,0.7114,582.2,2.718,400,0.3263
58,child15,child,118.3043,22.000,0.000,22.000,154.000,35.000,216.533,-0.617,2692.000,27.127,60.850,1698,2800,107.5,114.3,2.955,0.8,1.154,1.243,12.27,0.0132,14.04,10.37,23.25,0.5,9.61,0.1881,47.27,19.97,19.68,1.691,0.6093,1514,296.6,3.95,136.9,3,2.486,35.74,120,19.17,4.608,144.7,446,59.31,4.153,0.7268,227.9,43.33,187.7,533.2,720.8,49.21,0.02798,526.2,0.6807,0.9147,0.7176,0.8593,0.8012,0.1611,0.1771,0.8791,0.1464,501.3,1075,30.54,0.6162,687.3,2.835,400,0.3696
59,parent,parent,177.4022,38.000,2.000,36.000,228.000,23.000,255.000,0.494,4628.000,29.033,53.617,2055,2800,145.8,120,2.693,0.9605,1.097,1.333,10.34,0.01367,12.93,13.18,28.96,0.5801,10.11,0.202,44.34,20.75,23.49,1.457,0.5522,1580,251.6,4.668,142.6,2.992,2.085,30.88,102.8,17.99,4.965,136.7,507.4,78.5,4.51,0.7544,226.5,41.8,240.4,402.5,600.9,47.7,0.03547,477.2,0.7454,0.7127,0.5623,0.7,0.7,0.1537,0.1892,0.7445,0.1216,443.2,1200,30.83,0.6249,627.8,2.836,400,0.2489
59,child0,child,96.8690,19.000,0.000,19.000,132.000,25.000,194.467,1.693,2628.000,30.400,65.467,2137,2690,120.2,120,2.601,1.089,1.107,1.278,10,0.01686,15.09,12.7,26.74,0.5,11.52,0.2265,47.81,18.63,22.29,1.612,0.7223,1472,244.2,4.622,131,2.618,1.655,33.81,120,14.84,5.174,165.9,384.1,71.15,4.088,0.7071,215,39.06,240.7,361,662.1,51.9,0.03923,590.7,0.7131,0.7225,0.5684,0.6855,0.7,0.1308,0.1574,0.7495,0.1349,443.2,1182,29.26,0.5585,787,3.14,372.6,0.3714
59,child1,child,134.6769,29.000,0.000,29.000,188.000,9.000,117.383,0.709,4185.000,31.320,58.433,1875,2800,162.6,115.3,2.411,1.057,1.153,1.5,10.8,0.01381,11.13,14.48,30.07,0.5284,9.587,0.1892,43.27,18.47,19.98,1.487,0.4887,1144,255,5.067,134.4,2.775,1.771,35.95,109.4,22.67,4.651,134.4,494.3,81.7,4.142,0.7675,236.8,43.46,220,415.1,503.7,43.52,0.04257,409.6,0.7825,0.7648,0.634,0.7501,0.7,0.1555,0.1996,0.9173,0.1138,526.8,1085,39.67,0.6432,601.2,3.119,391.2,0.2432
59,child2,child,75.1248,22.000,2.000,20.000,118.000,7.000,-22.633,-0.024,3547.000,25.173,68.233,1962,2727,161.3,120,3.086,0.8,1.2,1.166,10.11,0.01095,14,12.37,25.27,0.5437,7.987,0.205,41.18,19.68,25.58,1.283,0.4667,1395,252.7,4.044,125.1,2.957,1.693,32.39,90.6,19.04,4.815,126.4,641.1,72.33,4.88,0.7897,235.6,43.49,267.2,340.7,653.5,46.04,0.043,455.1,0.6888,0.635,0.5,0.7422,0.7523,0.1471,0.1674,0.6306,0.1246,412.7,1200,27.4,0.6086,656.4,3.312,400,0.2793
59,child3,child,35.3709,11.000,0.000,11.000,64.000,4.000,50.633,-0.653,2483.000,13.120,49.733,2200,2800,142,116.1,2.672,1.014,0.8118,1.252,10,0.01427,13.35,13.12,26.58,0.5193,8.591,0.1876,40.45,17.41,18.47,1.587,0.5146,1918,255.4,5.083,133,2.199,2.028,26.25,98.13,20.11,5.151,134.5,442.6,84.89,4.707,0.6254,205.1,34.91,243.9,307.1,603.3,48.34,0.02603,435.4,0.8,0.7051,0.5446,0.7021,0.7791,0.1438,0.1696,0.6305,0.09819,537.6,1200,30.63,0.6637,702.7,2.759,400,0.2445
59,child4,child,145.2959,30.000,1.000,29.000,191.000,39.000,296.767,0.719,4282.000,31.440,53.350,2180,2712,132.6,120,2.895,1.094,1.111,1.212,11.83,0.01281,15.03,11.7,25.49,0.512,8.905,0.1591,48.77,26.66,20.6,1.474,0.5363,1848,190.5,4.292,149.9,3,2.211,32.62,117.1,16.83,4.945,127.1,470.8,85.93,4.706,0.8826,245.5,43.92,241.2,335.1,446.7,54.04,0.03635,495.3,0.6908,0.7611,0.5364,0.6936,0.765,0.1674,0.1928,0.8163,0.1276,358.6,1061,35.7,0.6333,625.8,2.763,382.2,0.2693
59,child5,child,150.6283,36.000,2.000,34.000,181.000,29.000,212.500,1.433,4443.000,24.500,57.583,1962,2505,138.8,117.4,2.516,0.8,1.2,1.269,10.01,0.01177,9.917,12.28,30.74,0.5617,10.97,0.2108,48.46,19.02,20.8,1.274,0.5793,1658,230,4.708,153.6,3,1.897,25.17,111.5,17.14,5.067,149.5,557.7,90,5.643,0.6404,218.9,44.23,189.9,375.9,620.9,56.95,0.04164,361.8,0.785,0.7111,0.7028,0.7517,0.7,0.1552,0.2102,0.7666,0.1206,461.8,883.9,32.19,0.642,588,2.769,400,0.2632
59,child6,child,89.0081,21.000,0.000,21.000,122.000,18.000,88.467,0.095,3275.000,27.820,48.767,1888,2800,163.6,115.1,3.294,1.064,0.9552,1.244,12.06,0.0127,14.07,12.44,29.14,0.6317,8.963,0.2282,43.27,17.12,23.85,1.509,0.5864,1705,280.7,4.61,132.8,2.87,1.897,32.53,114.2,18.71,4.231,138.5,424.5,78.44,3.407,0.8015,240.2,50,240.5,345.2,496.3,43.31,0.04083,523.7,0.6631,0.7533,0.5504,0.6693,0.7585,0.1548,0.1759,0.738,0.1125,437.8,1200,38.12,0.6854,600,2.606,400,0.2303
59,child7,child,153.5138,34.000,1.000,33.000,187.000,22.000,181.767,0.496,3900.000,27.347,55.350,2200,2727,148.4,111.2,2.728,0.875,0.8742,1.5,10.63,0.01202,13.16,14.27,24.79,0.5782,9.401,0.1879,50.01,17.35,22.66,1.323,0.5842,1308,272.6,4.056,146.1,3,1.867,23.78,104.7,16.84,5.546,156,523.2,74.81,4.832,0.6534,236.6,43.01,222,448,650,45.28,0.0364,481.3,0.7827,0.6943,0.5997,0.7655,0.7821,0.1499,0.1988,0.7578,0.1078,455.4,1200,31.53,0.6067,784,2.507,400,0.2833
59,child8,child,107.0017,22.000,0.000,22.000,140.000,32.000,239.633,2.323,3334.000,21.460,58.667,1810,2692,157.1,120,2.254,0.9412,1.105,1.08,10.55,0.0127,11.93,10.74,26.43,0.6145,10.81,0.1992,57.13,21.61,21.55,1.468,0.5182,1772,217.2,6,152.4,3,2.174,35.71,107.2,20.33,5.039,113.8,394.6,77.56,4.284,0.6942,243,43.01,271,481.3,644.4,40.79,0.04003,560.5,0.6595,0.7578,0.5275,0.5955,0.7,0.1733,0.1641,0.8385,0.1319,463.7,1049,27.42,0.7224,555.7,2.441,400,0.2977
59,child9,child,14.4843,8.000,0.000,8.000,32.000,-8.000,-11.733,-1.662,1776.000,9.500,41.400,1727,2668,149,120,2.694,0.8159,1.107,1.28,10,0.013,17.58,14.06,31.78,0.5727,11.47,0.1793,41.48,18.64,21.26,1.513,0.4696,1640,278.2,4.487,102.8,2.646,1.956,29.11,91.73,18.49,5.914,141.2,520.4,77.42,3.691,0.849,224.6,41.05,257.9,384,521.3,49.09,0.03222,501.8,0.7261,0.7025,0.7334,0.7772,0.8921,0.1633,0.2132,0.7416,0.1331,507.6,1200,28.02,0.5435,734.3,2.979,391.4,0.3294
59,child10,child,145.9202,31.000,0.000,31.000,176.000,37.000,245.317,2.047,4125.000,23.313,48.283,2200,2800,160.3,104.6,3.313,0.9061,1.2,1.191,10,0.01323,12.26,14.7,25.74,0.5852,9.833,0.228,47.09,21.57,25.5,1.424,0.5383,1360,244.8,5.511,182.8,2.582,1.816,28.83,107.5,14.97,6.282,136.5,521.9,83.07,4.052,0.7615,196.6,37.67,215.5,409.8,525.9,53.63,0.02532,425,0.8,0.6731,0.5,0.8792,0.7,0.1854,0.1586,0.85,0.1273,434,1198,38.86,0.6,556.2,2.885,400,0.24
59,child11,child,22.1189,13.000,3.000,10.000,48.000,20.000,200.867,2.243,3231.000,28.000,59.100,2186,2800,157.2,120,2.836,1.083,0.8019,1.47,11.42,0.01234,15.14,14.65,27.25,0.5293,11.68,0.1869,49.83,21.53,22.64,1.274,0.7268,1523,252.4,4.277,159.5,3,2.189,38.11,120,17.13,4.943,138.9,515.7,59.16,4.806,0.6488,252.1,38.42,209.4,435.3,591.8,50.05,0.0335,447.6,0.6833,0.7197,0.6398,0.7667,0.7,0.1819,0.2238,0.6561,0.1184,542.7,1192,30.86,0.6958,631.3,3.198,400,0.2439
59,child12,child,0.3154,4.000,0.000,4.000,25.000,8.000,33.917,-2.121,1955.000,9.640,48.883,1564,2800,166.5,120,2.212,1.385,1.003,1.323,10,0.01197,12.09,10.76,27.15,0.5678,10.25,0.2361,39.05,23.72,29.92,1.315,0.5055,1363,248.4,3.96,143.1,3,2.5,32.43,97.5,17.15,5.788,148.9,447.8,89.85,4.642,0.6877,208.6,40.96,251,373.5,460.2,43.37,0.04064,470.8,0.5844,0.5887,0.5477,0.7998,0.8294,0.1596,0.2332,0.843,0.1277,391.7,1182,31.92,0.593,491.5,2.71,400,0.2975
59,child13,child,20.7089,11.000,1.000,10.000,45.000,2.000,-61.067,-1.029,2396.000,15.953,49.000,2200,2800,156.3,120,2.769,0.8253,1.025,1.387,10.73,0.0131,16.5,12.35,30.44,0.6701,8.766,0.2346,45.41,21.46,21.99,1.38,0.5084,1733,215.1,5.434,119.6,2.962,2.321,33.55,99.9,18.03,5.481,111.3,490.8,84.87,4.831,0.7081,267.6,52.57,213.6,389.5,568.3,49.72,0.03113,435.3,0.8,0.7452,0.5,0.8096,0.718,0.1122,0.192,0.6451,0.1094,443.9,1123,35.41,0.5435,791,2.666,400,0.283
59,child14,child,158.3630,28.000,0.000,28.000,226.000,21.000,187.400,-1.253,3804.000,22.620,56.567,2094,2800,146.4,120,2.889,1.068,0.834,1.207,10,0.01381,12.24,10.91,29.55,0.592,9.127,0.222,42.14,19.99,30,1.819,0.5106,1488,217.9,3.274,134.5,3,2.116,30.75,92.74,14.84,5.305,132.3,424,67.36,4.502,0.9149,202.2,32.85,218.6,485.2,684.8,49.48,0.04148,456.6,0.8,0.8297,0.5,0.6779,0.7,0.1419,0.1971,0.692,0.1169,459.5,1121,28.42,0.4888,577.1,2.84,365.8,0.2045
59,child15,child,58.8634,19.000,4.000,15.000,98.000,-3.000,-118.933,0.325,2455.000,25.120,52.583,1738,2800,139.6,99.23,2.516,0.826,0.9704,1.363,10,0.0129,12.17,16.06,25.91,0.7676,10.44,0.1906,47.17,24.65,23.04,1.901,0.6488,1471,289.7,3.768,115,3,2.189,38.02,120,15.89,5.499,130.1,481,66.06,4.276,0.7681,214.2,37.59,288.9,496.8,633.5,53.93,0.03071,396,0.6816,0.7346,0.5101,0.5735,0.7847,0.1597,0.2509,0.755,0.1181,344.2,1200,31.05,0.4236,696,2.674,400,0.2441
60,parent,parent,145.3827,29.000,0.000,29.000,207.000,9.000,24.017,0.571,3911.000,24.247,61.483,2055,2800,145.8,120,2.693,0.9605,1.097,1.333,10.34,0.01367,12.93,13.18,28.96,0.5801,10.11,0.202,44.34,20.75,23.49,1.457,0.5522,1580,251.6,4.668,142.6,2.992,2.085,30.88,102.8,17.99,4.965,136.7,507.4,78.5,4.51,0.7544,226.5,41.8,240.4,402.5,600.9,47.7,0.03547,477.2,0.7454,0.7127,0.5623,0.7,0.7,0.1537,0.1892,0.7445,0.1216,443.2,1200,30.83,0.6249,627.8,2.836,400,0.2489
60,child0,child,156.7553,33.000,2.000,31.000,189.000,55.000,354.800,0.341,4048.000,29.280,56.033,2200,2800,141.8,103.2,2.526,1.018,0.9591,1.5,11.66,0.01175,10.97,14.64,33.25,0.5001,12.73,0.2292,34.33,18.32,21.61,1.538,0.5989,1399,254.9,4.69,159.5,3,1.928,27.06,114,18.39,3.829,125.2,535,85.65,5.072,0.6296,188.1,42.85,252.8,471.7,697,49.28,0.03828,416.3,0.7231,0.7278,0.5261,0.708,0.7368,0.1458,0.1749,0.6395,0.09862,530.8,1200,29.08,0.5549,719.4,2.689,315,0.2429
60,child1,child,0.0716,1.000,0.000,1.000,38.000,-6.000,-38.283,-2.628,1344.000,8.107,43.983,2200,2800,162.8,106.3,2.033,0.8952,1.038,1.026,11.99,0.01474,11.4,18.07,40.85,0.5514,9.733,0.2217,48.95,19.82,24.82,1.678,0.5518,1525,296.8,5.459,154.1,2.834,1.932,34.04,91.87,19.84,4.871,151.4,561.8,89.17,4.738,0.8603,230.5,43.6,212.2,406.5,581.3,45.36,0.03349,513.5,0.8,0.9177,0.5,0.7538,0.8159,0.1593,0.1803,0.8059,0.1318,388.6,1200,27.83,0.7553,730.1,3.431,400,0.2437
60,child2,child,125.5039,29.000,0.000,29.000,155.000,18.000,154.833,0.872,3722.000,23.820,65.267,1652,2516,179.5,120,2.167,0.8411,1.025,1.5,10,0.01515,12.76,12.63,27.5,0.5,10.68,0.1711,38.5,21.54,23.83,1.292,0.4711,1819,214.7,5.621,159.9,2.566,2.126,26.61,99.99,18.67,4.072,138.7,437.7,80.87,4.431,0.7077,206,44.57,196.3,341.6,538.2,47.43,0.03718,552,0.8,0.6997,0.5571,0.6286,0.7339,0.1414,0.1818,0.7956,0.1205,433.5,1200,27.95,0.6122,580.7,3.095,359.1,0.2703
60,child3,child,13.3710,2.000,0.000,2.000,37.000,23.000,157.983,-2.034,1277.000,6.300,44.717,2200,2800,176.4,113.2,2.47,1.046,1.2,1.401,10.64,0.01255,10.73,13.39,29.92,0.5,9.694,0.2089,46.62,21.22,21.7,1.299,0.5573,1276,219.3,3.659,153.4,3,2.5,38.62,95.02,20.89,4.826,129.9,569.9,90,4.278,0.7998,230.7,41.21,220.6,393.2,822.1,46.82,0.04172,410.4,0.7408,0.7678,0.5,0.8253,0.8158,0.154,0.1888,0.7505,0.1258,364.7,1083,27.59,0.5601,677.6,3.296,357.7,0.2517
60,child4,child,166.3049,29.000,0.000,29.000,225.000,38.000,215.667,1.091,3577.000,25.673,73.167,1739,2800,147.8,101.8,3.785,0.9647,1.122,1.43,10,0.01198,13.72,10.98,24.66,0.6585,10.19,0.1727,39.75,18.66,20.91,1.785,0.52,1542,242.3,5.386,144.2,2.666,2.364,25.27,120,18.02,5.28,148.8,529.3,90,4.983,0.6011,246.1,43.42,229.9,473.8,613.7,41.1,0.03421,481.5,0.7848,0.659,0.5058,0.5666,0.7,0.1252,0.2029,0.597,0.1159,497.5,1079,29.36,0.6535,625.1,2.835,371.5,0.3218
60,child5,child,92.8359,23.000,0.000,23.000,124.000,12.000,122.050,-0.475,3395.000,23.827,64.350,1993,2544,143.6,120,2.209,0.9139,1.113,1.2,10.9,0.01444,12.67,12.57,30.75,0.566,11.15,0.2453,41.78,22.4,22.51,1.554,0.6089,1644,216.6,4.975,132.1,2.576,1.707,31.77,102.4,17.5,4.398,151.8,532.7,87.51,4.415,0.7802,277.5,32.38,209.7,420.9,575.2,48.93,0.03051,599,0.6139,0.6526,0.6722,0.7097,0.8515,0.1625,0.1871,0.7417,0.1185,413.9,1200,35.26,0.5127,641.3,2.349,400,0.2108
60,child6,child,-6.9807,2.000,0.000,2.000,11.000,7.000,64.533,-2.256,1485.000,8.433,43.500,2200,2396,118.4,106.3,3.182,0.8,0.9499,1.142,11.04,0.01333,14.59,13.52,28.74,0.5,9.207,0.1843,43.39,22.56,20.85,1.196,0.5862,1398,258.1,4.236,146.3,3,2.254,33.17,84.45,20.68,5.28,132,507,81.64,4.552,0.7684,286.9,42.51,195.6,389.3,692.2,63.07,0.03688,600,0.7986,0.6142,0.5663,0.5772,0.7,0.1379,0.2078,0.6459,0.1261,502,1110,27.33,0.5578,519.4,3.169,350.7,0.2891
60,child7,child,48.7308,13.000,0.000,13.000,68.000,18.000,63.267,-1.282,2210.000,12.653,51.283,1845,2800,172.5,120,2.866,1.007,1.138,1.5,10.72,0.01206,13.08,13.77,34.1,0.5,9.047,0.2164,42.04,18.73,23.94,1.697,0.6251,1629,230.5,4.109,138.1,2.639,1.842,37.23,78.47,16.5,6.905,159.1,542.4,61.71,4.787,0.6513,220.7,33.98,265.8,423.8,592,46.68,0.03526,437.7,0.6915,0.5733,0.5172,0.6584,0.7,0.1501,0.1739,0.7308,0.1112,416.6,1114,44.79,0.7075,759.1,2.613,356.8,0.2855
60,child8,child,82.7848,24.000,2.000,22.000,122.000,-7.000,-97.000,-0.036,3190.000,23.407,66.167,1744,2685,147.7,120,2.608,0.9692,1.075,1.193,10,0.01805,11.89,13.52,25.84,0.5371,9.961,0.2045,58.49,19.34,20.75,1.298,0.5285,1304,237.2,4.182,132.1,2.856,1.692,26.19,104.7,19.87,5.763,144.4,515.7,86.39,5.073,0.8236,200.8,42.79,228.2,394.5,599.1,50.16,0.03313,447,0.7085,0.837,0.5611,0.6407,0.8147,0.1557,0.1969,0.7944,0.1424,342.1,1200,27.17,0.7175,561.8,2.535,312.8,0.2959
60,child9,child,152.6552,26.000,1.000,25.000,187.000,50.000,326.133,0.573,2344.000,26.473,65.667,2200,2800,143.7,112.1,2.86,0.8668,0.9639,1.442,10.36,0.01537,15.56,15.91,28.5,0.6039,8.453,0.197,39.67,21.58,23.28,1.192,0.7241,1518,207.1,4.583,151.3,3,1.731,35.21,108.4,15.26,6.125,137.4,528.2,66.68,5.193,0.8332,178.7,36.73,231.2,447.7,630.7,43.27,0.03133,510.3,0.7766,0.7526,0.5,0.6183,0.8552,0.1372,0.1956,0.7536,0.09867,419.2,1144,29.15,0.4832,800,3.219,400,0.2458
60,child10,child,66.6874,20.000,0.000,20.000,87.000,-3.000,2.617,-0.841,2825.000,16.227,59.717,2102,2800,143.8,91.62,2.721,1.04,1.114,1.339,11.51,0.01198,15.46,12.61,36.57,0.5519,10.68,0.196,38.44,20.19,21.05,1.515,0.5929,1752,270.5,3.914,155.2,2.814,2.5,30.09,104.6,16.64,5.288,146.6,471.6,90,4.549,0.6168,199.4,46.22,230.6,476.6,629.5,45.45,0.03239,362.4,0.6495,0.6764,0.5911,0.6968,0.7,0.1703,0.1589,0.8045,0.107,379.1,1115,31.3,0.6623,721.9,2.166,400,0.2302
60,child11,child,96.9820,24.000,2.000,22.000,134.000,15.000,184.817,1.667,3430.000,22.747,69.733,1988,2247,161.5,120,2.771,1.51,1.169,1.496,10,0.01263,12.47,13.6,35,0.5,10.7,0.209,63.09,25.82,22.69,1.208,0.4577,1416,310.4,4.132,146,2.643,2.005,32.48,97.76,20.06,5.773,188.6,529.2,84.89,3.934,0.8395,243.1,48.28,238.8,409.5,633.1,54.24,0.03194,499.8,0.6681,0.6085,0.5888,0.7485,0.9001,0.1734,0.185,0.7412,0.1138,421.5,1200,31.45,0.5284,645.3,2.415,367.6,0.243
60,child12,child,159.7557,35.000,1.000,34.000,196.000,22.000,168.083,2.600,4091.000,23.527,60.433,2200,2406,126.9,109.9,2.21,1.058,1.032,1.161,10.42,0.01174,12.95,16.65,30.52,0.5301,10.57,0.176,50.14,20.66,23.69,1.261,0.6849,1692,222,4.712,138,2.333,2.021,28.15,105.8,16.9,5.325,135.8,563.4,82.24,4.201,0.8844,266.9,37.81,269.6,367.1,496.7,55.12,0.03515,487.4,0.6868,0.7058,0.5597,0.7404,0.7,0.1595,0.2298,0.7425,0.1468,565.2,1200,32.09,0.5745,620.4,2.393,400,0.2682
60,child13,child,153.1386,23.000,0.000,23.000,225.000,38.000,278.983,-2.184,3273.000,21.527,55.667,2059,2800,144.4,120,2.757,1.253,1.087,1.081,12.4,0.0126,14.64,12.91,30.12,0.5109,9.951,0.2742,39.93,20.34,22.85,1.342,0.4747,1645,247.4,3.54,106.8,3,2.359,37.44,94.35,17.88,4.738,139.4,452.8,70.31,3.999,0.5866,217.9,43.26,274.5,381.9,526.7,46.99,0.03467,537.2,0.6233,0.7972,0.5,0.5506,0.7,0.1637,0.1487,0.7609,0.1356,440.5,1038,28.42,0.5938,741.4,2.743,375.6,0.2808
60,child14,child,138.9430,28.000,1.000,27.000,199.000,17.000,177.350,0.041,3850.000,24.327,75.917,2200,2800,155.5,120,1.988,0.93,0.9102,1.413,11.78,0.0134,15.87,11.72,28.01,0.6263,8.452,0.2269,46.64,19.88,22.62,1.58,0.5774,1545,309.6,4.299,183.8,3,2.403,29.57,95.16,24.34,5.772,147,411.8,66.76,4.551,0.7545,207.2,43.65,260.3,428.7,694,46.01,0.03771,546.4,0.8,0.968,0.7189,0.7449,0.7414,0.1424,0.1489,0.6828,0.1127,383.2,1051,33.99,0.6246,573.2,2.959,392.4,0.2339
60,child15,child,131.7200,24.000,0.000,24.000,156.000,32.000,147.450,1.126,2041.000,25.287,52.533,2200,2755,151.3,111.5,2.723,1.054,1.2,1.5,10.18,0.01139,14.47,16.05,26.41,0.669,10.26,0.2199,42.24,16.36,25.26,1.189,0.5442,1767,240.7,4.633,140,3,2.478,42.14,120,13.14,4.376,148.5,517.9,80.17,4.575,0.7314,217.9,41.8,229.1,487.2,622.2,41.37,0.03761,401.5,0.6837,0.6194,0.6614,0.6649,0.7,0.1436,0.1693,0.807,0.1453,434.6,996.9,29.5,0.5163,633.6,3.031,389.2,0.2047
61,parent,parent,152.9032,34.000,0.000,34.000,179.000,16.000,176.533,2.018,3723.000,26.900,64.167,1739,2800,147.8,101.8,3.785,0.9647,1.122,1.43,10,0.01198,13.72,10.98,24.66,0.6585,10.19,0.1727,39.75,18.66,20.91,1.785,0.52,1542,242.3,5.386,144.2,2.666,2.364,25.27,120,18.02,5.28,148.8,529.3,90,4.983,0.6011,246.1,43.42,229.9,473.8,613.7,41.1,0.03421,481.5,0.7848,0.659,0.5058,0.5666,0.7,0.1252,0.2029,0.597,0.1159,497.5,1079,29.36,0.6535,625.1,2.835,371.5,0.3218
61,child0,child,94.3577,21.000,1.000,20.000,133.000,25.000,172.000,0.633,3105.000,24.107,74.383,1567,2800,144.5,99.32,3.639,0.876,1.105,1.458,10,0.01016,14.42,9.016,24.39,0.7981,12.43,0.1741,35.97,18.09,21.45,2.178,0.5813,1733,251.6,6,126.2,2.913,2.308,22.3,120,20.51,5.301,178.2,532.4,83.65,4.746,0.4718,249.5,51.86,215.4,440.1,604.1,40.49,0.03406,511.8,0.7733,0.7636,0.5,0.6103,0.7631,0.1231,0.2404,0.5968,0.1083,425,1200,27.51,0.624,644.3,3.428,380,0.2987
61,child1,child,112.2154,17.000,0.000,17.000,157.000,26.000,199.583,0.864,1891.000,28.813,51.167,2200,2396,151,120,3.533,1.003,1.169,1.426,10,0.01126,13.38,13.28,26.34,0.7766,10.99,0.1387,40.55,17.02,23.05,1.507,0.5895,1752,271.6,4.671,150.7,3,2.137,24.7,120,17.1,5.223,167.6,601.6,78.64,5.428,0.6248,278.3,36.99,192.3,515,564.5,38.34,0.03211,449.8,0.8,0.6901,0.5084,0.5023,0.7,0.1085,0.216,0.5555,0.1143,557.1,1067,29.03,0.582,800,3.287,351.8,0.3179
61,child2,child,195.9696,34.000,0.000,34.000,261.000,47.000,317.533,0.445,4158.000,26.220,83.017,1812,2800,117.9,116.4,4.762,0.9072,1.2,1.393,12.5,0.01359,13.79,10.96,22.23,0.7695,10.88,0.1556,36.37,14.98,18.87,1.967,0.5196,1713,214.6,6,143.5,2.958,1.816,28.42,111.4,18.84,4.383,153.2,548.1,84.14,4.42,0.5489,218.3,44.64,215.8,471.1,547,40.83,0.03641,482.4,0.7085,0.7013,0.5909,0.5751,0.7,0.1228,0.1991,0.4892,0.1258,499.1,886.4,37.03,0.6426,703.1,3.276,340.9,0.3014
61,child3,child,145.6243,34.000,1.000,33.000,158.000,30.000,244.917,2.947,3699.000,24.440,53.133,1672,2377,147.9,98.73,3.095,1.177,1.149,1.391,10.59,0.01038,13.43,11.19,24.07,0.6369,13.77,0.16,45.79,20.13,21.65,1.879,0.5646,1376,243.3,6,117.9,2.832,2.5,22.76,109.9,18.18,4.761,194,480.4,90,5.416,0.5735,254.8,46.11,227.1,436.9,548,48.21,0.03403,481.1,0.7602,0.5606,0.5181,0.6186,0.7,0.1177,0.1823,0.524,0.1083,527.2,1113,26.36,0.562,551,2.216,369.4,0.2938
61,child4,child,52.8082,20.000,2.000,18.000,75.000,-24.000,-290.183,2.939,2003.000,27.327,67.950,1843,2800,182.9,85.14,3.911,1.076,0.8874,1.5,10,0.01524,13.53,10.17,20.59,0.7589,10.97,0.2069,32.66,17.99,22.79,1.483,0.5486,1581,229.8,5.132,163.2,2.394,2.5,26.23,115.8,15.1,5.879,143.2,451.1,75.23,4.039,0.6726,268.8,39.95,270.1,437.1,593.4,43.89,0.03142,470.6,0.8,0.5983,0.5461,0.4312,0.7,0.1423,0.2137,0.5765,0.1147,509.1,1162,26.59,0.6046,758.9,2.845,400,0.3018
61,child5,child,142.2064,30.000,1.000,29.000,181.000,21.000,208.033,1.140,3648.000,26.227,51.217,1721,2527,114.1,120,3.493,0.9509,1.074,1.05,10.59,0.01052,14.03,10,23.48,0.739,9.373,0.1627,33.51,16.87,23.51,1.825,0.4968,1272,263.7,5.963,135.7,2.216,2.5,24.32,120,17.2,5.733,142.4,514.2,90,4.87,0.7918,261,45.84,195.3,379.8,568.6,40.91,0.03079,551.8,0.8,0.596,0.5519,0.5826,0.7,0.1177,0.2129,0.7641,0.1157,427.5,997,33.97,0.6573,593.4,2.738,389,0.3159
61,child6,child,99.7222,29.000,1.000,28.000,111.000,14.000,130.283,2.636,3728.000,24.167,68.050,1550,2800,161.2,83.66,3.939,0.9676,0.9658,1.359,11.38,0.0116,15.2,12.56,19.7,0.6342,9.326,0.1907,43.45,19.25,17.49,1.574,0.536,1508,229.9,6,132.7,2.371,2.404,24.89,109.1,24.11,5.287,134.8,517.6,88.82,4.943,0.525,264,41.29,217.4,437.4,597.2,38.78,0.03241,506.9,0.8,0.6485,0.5,0.5236,0.8321,0.1253,0.2352,0.5401,0.1201,602.1,835.9,31.12,0.7838,661.5,3.244,305.8,0.268
61,child7,child,172.9663,38.000,0.000,38.000,200.000,28.000,185.650,3.003,4350.000,24.513,58.967,1924,2608,150.2,110.2,3.534,0.949,1.2,1.477,10,0.01271,15.04,12.34,26.27,0.5781,10.23,0.2122,40.53,18,19.73,1.987,0.4209,1510,201.2,6,126.2,2.628,2.459,22.44,117.1,21.75,5.02,154.5,536.6,90,4.939,0.62,241.1,47.31,213.2,480.7,534.1,37.07,0.03765,509.1,0.8,0.7186,0.5,0.5521,0.7,0.1355,0.2085,0.6809,0.1242,460.1,943.3,23.34,0.6483,717.1,2.973,345,0.348
61,child8,child,105.4451,23.000,1.000,22.000,138.000,28.000,124.633,2.862,3122.000,21.267,57.317,1676,2800,123.9,86.67,4.359,0.9837,1.114,1.268,11.02,0.01059,11.4,11.92,26.72,0.7339,11.11,0.1781,33.88,20.34,20.9,1.654,0.5223,1425,223.2,5.576,138.6,2.351,2.268,23.55,118.7,23.45,4.593,155.9,581.7,87.81,5.887,0.5271,216.9,42.16,215,575,590.4,51.08,0.04486,483.5,0.6593,0.601,0.5,0.6063,0.7,0.1296,0.186,0.6384,0.1003,412.7,1062,26.34,0.7975,500.7,2.571,383.4,0.3581
61,child9,child,146.1816,31.000,0.000,31.000,180.000,22.000,222.433,3.263,3943.000,27.653,51.033,1674,2800,161.2,115.6,3.688,0.991,1.2,1.262,10,0.01211,12.67,12.7,23.27,0.7103,9.967,0.1857,43.46,24.26,30,2.059,0.422,1722,208.1,5.091,164.8,2.911,2.5,26.99,105.5,19.22,5.358,138.1,423.1,90,4.916,0.6535,253.7,50.2,221.8,559.7,628.4,38.19,0.03027,363.3,0.7674,0.8796,0.5623,0.6493,0.7,0.1214,0.164,0.5564,0.1096,430.4,938.3,27.57,0.7061,743.4,3.272,362.8,0.3544
61,child10,child,102.7376,27.000,0.000,27.000,114.000,6.000,51.750,0.920,3106.000,21.207,47.767,1993,2800,166.3,89.54,4.373,0.8083,0.8402,1.5,10,0.01445,12.22,10.85,23.79,0.6126,9.719,0.1745,40.16,16.75,26.69,1.893,0.5221,1751,267.2,5.318,125.2,2.622,2.5,28.57,109.5,16.75,5.249,129.2,540.2,88.06,5.984,0.6002,247.5,38.25,230.6,458.5,569.3,40.87,0.02952,470.6,0.8,0.5356,0.5548,0.528,0.7,0.1243,0.2161,0.5615,0.1135,404.3,1059,30.01,0.7643,569.9,2.753,339,0.2851
61,child11,child,162.4461,31.000,0.000,31.000,222.000,21.000,101.883,-0.159,3944.000,27.253,55.467,1685,2762,130,93.32,3.78,0.8271,0.9669,1.339,10.62,0.01172,10.5,11.04,21.11,0.6339,8.334,0.1684,39.04,15.45,20.52,1.491,0.5292,1799,232.8,4.935,140.8,2.428,2.235,22.83,120,17.08,5.066,171.1,474.9,90,5.257,0.6771,269,42.63,211.7,410.9,577.7,45.39,0.03017,454.5,0.6499,0.6387,0.5,0.5291,0.748,0.1527,0.2373,0.7266,0.1152,513.9,1129,24.51,0.5859,603.9,2.702,400,0.3313
61,child12,child,105.2772,25.000,0.000,25.000,146.000,2.000,23.250,1.584,3552.000,28.733,59.867,2178,2751,151.6,94.63,4.703,1.043,1.2,1.5,10,0.01262,13.35,12.41,28.62,0.6176,12.66,0.1812,37.63,19.49,20.81,2.181,0.4855,1447,260.6,5.86,171.3,2.693,1.981,23.1,120,14.03,5.958,137.2,529,83.07,4.124,0.6664,280.9,42.24,212,355.1,566.6,45.76,0.03676,549.2,0.8,0.7334,0.5,0.4351,0.7593,0.1182,0.26,0.6594,0.1264,445.3,1080,28.1,0.603,619,2.486,320.4,0.3294
61,child13,child,121.7551,28.000,1.000,27.000,149.000,19.000,180.417,1.484,3357.000,23.867,59.383,1916,2800,137.8,96.31,4.026,0.892,1.153,1.299,10,0.01281,11.12,9.947,26.01,0.5862,12.1,0.1684,44.34,20.85,17.12,1.659,0.473,1450,270.1,5.849,116,2.733,2.35,26.35,120,18.66,4.787,124.2,430.2,89.24,3.865,0.6573,277,45.99,221.7,382.6,552.2,43.2,0.02923,525.1,0.7522,0.5849,0.5701,0.6639,0.7,0.1279,0.214,0.5292,0.09869,529.6,1049,29.36,0.8,568.3,3.284,400,0.3587
61,child14,child,195.0029,35.000,1.000,34.000,257.000,37.000,283.333,0.840,4123.000,26.807,50.733,1573,2612,143.2,120,3.148,1.022,1.124,1.5,10.57,0.009021,12.34,11.05,25.2,0.6734,10.37,0.1741,40.12,15.44,20.59,1.673,0.5653,1338,298.6,5.182,132.1,2.826,2.236,23.95,115.3,17.33,4.7,182.4,525.8,90,4.721,0.6504,239.3,40.63,257.9,568.8,561.2,34.44,0.03684,446.8,0.7246,0.5858,0.5007,0.6231,0.7,0.1027,0.2181,0.6828,0.1082,540.3,997.8,29.53,0.767,587.3,2.855,400,0.2865
61,child15,child,135.1980,26.000,0.000,26.000,193.000,3.000,141.117,0.851,3413.000,26.180,64.017,2022,2800,130.5,96.01,3.836,0.8,0.9825,1.5,10,0.01037,16.71,9.622,26.66,0.5744,10.91,0.1931,46.37,16.07,20.54,2.094,0.6905,1553,249.6,6,117.4,2.928,1.878,24.3,120,19.42,4.705,142,506.8,84.53,4.773,0.6621,319.6,49.26,228.4,490.6,632,46.26,0.03588,507.4,0.7232,0.7628,0.6466,0.5717,0.8521,0.1172,0.2127,0.5633,0.1026,502.4,928.7,29.34,0.5608,800,2.38,395.1,0.2832
62,parent,parent,157.7162,31.000,1.000,30.000,214.000,35.000,145.817,0.398,3958.000,28.993,69.200,1812,2800,117.9,116.4,4.762,0.9072,1.2,1.393,12.5,0.01359,13.79,10.96,22.23,0.7695,10.88,0.1556,36.37,14.98,18.87,1.967,0.5196,1713,214.6,6,143.5,2.958,1.816,28.42,111.4,18.84,4.383,153.2,548.1,84.14,4.42,0.5489,218.3,44.64,215.8,471.1,547,40.83,0.03641,482.4,0.7085,0.7013,0.5909,0.5751,0.7,0.1228,0.1991,0.4892,0.1258,499.1,886.4,37.03,0.6426,703.1,3.276,340.9,0.3014
62,child0,child,45.5418,13.000,1.000,12.000,104.000,-30.000,-169.433,-1.685,2453.000,15.820,61.150,1772,2730,143.5,120,4.525,0.8792,1.149,1.4,14.53,0.01425,13.55,12.31,22.95,0.7648,11.76,0.1336,34.01,16.22,21.95,2.047,0.4902,1484,206.2,5.858,154.4,2.406,1.506,32.71,105.2,21.54,4.402,144.4,491,90,4.289,0.6113,192.8,50.86,244.6,443.4,451.1,41.61,0.03971,520.3,0.7729,0.7817,0.5576,0.6232,0.7,0.1224,0.2177,0.3885,0.1225,488.6,789.7,41.89,0.6263,773.8,3.208,351.5,0.2336
62,child1,child,43.9797,14.000,2.000,12.000,65.000,4.000,35.267,2.175,1779.000,26.080,67.150,1834,2800,119.4,120,5.285,0.9122,1.018,1.5,14.14,0.01217,11.5,11.52,28.37,0.8961,11.35,0.1415,42.63,15.82,21.2,1.73,0.5565,1640,218,4.971,125.4,2.86,1.789,27.07,120,21.49,4.146,157,508.5,76.43,5.372,0.5309,241.5,40.68,235.6,395.1,524.2,49.37,0.03403,453.5,0.7065,0.834,0.6015,0.5501,0.7194,0.1053,0.2187,0.4443,0.1358,518.2,859,35.79,0.5588,685.1,3.504,339.5,0.2939
62,child2,child,81.7319,11.000,0.000,11.000,151.000,-3.000,-88.783,1.360,1678.000,23.807,59.117,1918,2800,117,120,3.96,0.8,1.059,1.3,12.17,0.01186,13.65,14.45,24.28,0.7161,10.35,0.1624,28.76,12.6,18.35,2.352,0.4997,1739,248.5,5.808,132.7,3,1.839,24.5,110.2,19.04,3.095,146.3,590.3,71.36,4.63,0.5805,239.3,40.2,216.6,538,507.1,40.68,0.02926,445.9,0.6583,0.6314,0.6401,0.5535,0.7,0.1161,0.17,0.4745,0.1355,522.2,1023,30.38,0.5048,776.9,3.276,343.7,0.2662
62,child3,child,59.2943,15.000,1.000,14.000,69.000,20.000,271.000,1.747,1886.000,30.893,55.500,1540,2800,125.8,120,4.062,0.9478,1.187,1.412,16.03,0.01302,12.91,9.521,20.87,0.8816,7.863,0.201,32.37,15.35,17.8,2.162,0.4562,1545,198.2,5.151,150.2,3,1.832,29.86,120,19.63,4.28,166.9,594.3,75.51,3.796,0.4415,220.6,54.38,199.8,487.9,640.9,39.05,0.04658,469.2,0.7766,0.6006,0.6048,0.6162,0.7237,0.09533,0.1923,0.4753,0.1311,483.2,925.8,29.76,0.7069,708.5,3.156,264.6,0.263
62,child4,child,98.3859,18.000,1.000,17.000,171.000,20.000,203.783,-0.888,3345.000,33.693,89.267,1748,2777,98.76,120,5.876,1.054,1.175,1.329,12.4,0.01407,15.37,10.41,22.59,0.634,11.15,0.1458,37,14.93,18.03,2.151,0.4327,1365,216.5,5.618,149.4,2.893,1.567,25.82,120,17.73,4.67,180.3,554.1,87.31,4.807,0.5616,211.6,44.8,190.3,472.2,429.6,44.2,0.03285,468.4,0.7264,0.9032,0.6431,0.6065,0.7,0.1228,0.1829,0.5128,0.1368,593.1,944.3,33.05,0.5341,621.4,3.501,350.2,0.3371
62,child5,child,91.3806,21.000,2.000,19.000,140.000,9.000,3.000,0.912,2978.000,27.920,53.633,2200,2498,100.5,107.6,4.68,1.061,1.148,1.299,13.42,0.01312,12.76,11.58,21.22,0.6606,11.03,0.1371,35.85,17.51,18.02,1.911,0.4796,1754,262.5,6,140,2.849,1.69,27.26,117.9,15.5,5.136,161.6,495.6,80.47,3.977,0.5102,211.7,43.17,185.9,490,515,37.96,0.03737,506.7,0.8,0.6697,0.5126,0.6839,0.7,0.1399,0.2431,0.5461,0.1294,491.9,857.7,40.93,0.6332,678.2,3.145,342.4,0.3518
62,child6,child,4.7466,5.000,0.000,5.000,22.000,0.000,0.983,-2.246,1463.000,7.767,47.433,1788,2800,119.6,114.3,4.41,0.9271,1.2,1.5,13.48,0.0121,12.93,9.677,25.25,0.8434,12.49,0.188,35.86,16.56,18.38,2.182,0.4644,1588,258.2,5.455,177.6,3,1.694,24.97,98.17,21.92,4.485,133.8,543.3,87.74,4.738,0.505,213.5,50.28,203.1,504,474.2,37.29,0.04355,470.7,0.8,0.7977,0.6349,0.4758,0.7,0.1203,0.2078,0.5236,0.1402,485.3,766.5,40.65,0.6475,789.4,2.728,284.3,0.2661
62,child7,child,92.0303,24.000,2.000,22.000,126.000,6.000,22.067,-0.883,2998.000,21.393,60.500,1557,2626,108.5,114.6,4.964,0.9139,1.158,1.401,12.08,0.01235,14.93,10.23,25.72,0.6637,10.53,0.1599,29.91,13.64,19.69,1.72,0.3916,1918,239.3,5.076,148.5,2.956,2.114,28.44,106.8,19.35,4.481,167.3,645.4,90,4.086,0.626,187.8,48.76,192.5,408.8,546.9,39.04,0.03721,529.3,0.7411,0.6623,0.7247,0.6018,0.7,0.1217,0.1774,0.4161,0.1265,540,813.3,36.03,0.5245,734.9,2.507,355.7,0.2785
62,child8,child,156.8449,32.000,0.000,32.000,189.000,24.000,159.367,1.500,3146.000,23.627,85.700,1911,2500,110.9,116,4.071,0.9101,1.2,1.449,11.29,0.01368,12.03,12.58,26.02,0.7356,9.818,0.1823,37.15,16.71,21.21,2.126,0.5506,1825,227.2,6,164.7,2.721,2.181,25.65,104.8,16.76,4.931,180.8,672.6,78.96,3.994,0.4552,228.8,37.38,181.3,476,641.7,43.18,0.03051,475.4,0.7194,0.8305,0.5691,0.5249,0.7,0.1237,0.1927,0.4215,0.1412,644.8,873.5,36.35,0.7051,638,3.584,293.9,0.312
62,child9,child,75.2354,13.000,0.000,13.000,131.000,10.000,115.467,-0.724,2452.000,23.920,63.000,2151,2342,133.6,119.3,4.582,0.8699,1.2,1.377,12.72,0.01418,11.9,10.02,22.68,0.8671,9.345,0.1819,35.54,12.58,17.57,2.223,0.7042,1327,194.2,5.767,144.3,2.611,2.063,31.64,119.2,20.26,3.433,188.5,606.4,90,3.979,0.5744,277.5,43.65,218.1,452.7,528.9,40.75,0.03265,431.2,0.712,0.7375,0.6704,0.5214,0.7622,0.1342,0.2217,0.4527,0.1363,639.4,731.8,37.86,0.5136,675.8,3.426,395.1,0.3737
62,child10,child,3.9916,6.000,0.000,6.000,26.000,0.000,37.950,-1.879,1994.000,15.513,53.367,1671,2653,99.02,105.5,3.913,0.8613,1.116,1.5,11.87,0.01245,12.69,12.64,20.54,0.8808,13.37,0.1474,33.24,17.18,15.92,2.339,0.5925,1428,278.2,6,155.6,3,1.978,29.1,77.27,18.3,4.889,163.2,516.6,82.38,4.424,0.5576,214.2,46.54,178.2,536.3,645.8,38.83,0.03255,532.4,0.8,0.6499,0.6589,0.568,0.7,0.1252,0.2132,0.5526,0.1106,449.3,905.4,32.91,0.6532,657.7,3.014,373,0.2448
62,child11,child,148.6756,31.000,1.000,30.000,191.000,34.000,289.033,1.204,3772.000,29.940,92.933,1700,2800,131.8,118.8,5.068,0.9649,1.2,1.341,13.16,0.01119,13.59,12.92,20.78,0.655,10.12,0.1367,37.24,13.83,19.33,1.796,0.5575,1949,231,6,120.1,3,2.233,28.35,116.2,17.91,5.01,147.9,504.9,86.26,4.376,0.5351,229.2,50.72,212.3,529.7,645.8,40.78,0.04081,509.6,0.5682,0.7047,0.709,0.5795,0.7,0.1478,0.2021,0.6466,0.1193,545.5,795,38.78,0.5746,800,3.645,400,0.2907
62,child12,child,14.8849,6.000,0.000,6.000,35.000,1.000,16.067,-1.735,1428.000,8.040,51.850,1693,2509,125.2,113.3,5.069,0.872,1.2,1.331,11.67,0.01409,15.01,11.49,17.47,0.7889,12.69,0.1446,36.02,16.6,21.62,1.991,0.5087,1436,274.9,5.425,134.7,2.665,1.545,33,100.6,17.84,4.298,177.9,479.1,90,3.708,0.5776,252.2,50.29,158.4,391.6,540.4,39.25,0.0371,350.6,0.7242,0.619,0.5582,0.429,0.7,0.1162,0.2121,0.5255,0.1346,523.9,961.2,39.28,0.6549,592.4,2.769,363.6,0.2996
62,child13,child,87.1372,19.000,1.000,18.000,143.000,2.000,-90.083,-1.148,2835.000,23.373,57.000,1924,2800,121.8,120,6.032,0.9439,1.2,1.3,12.72,0.01291,17.67,10.31,21.36,0.8301,11.32,0.1524,35.46,15.4,19.11,2.296,0.5362,1745,264.1,4.923,139.4,3,1.608,27.86,120,17.26,3.96,178.2,646.1,88.67,4.387,0.548,231.2,47.41,239.1,359,495.7,46.69,0.0327,382.4,0.8,0.825,0.5311,0.6386,0.7019,0.1282,0.1862,0.5185,0.1308,485.1,850.1,29.14,0.6167,718.8,3.427,350.4,0.3296
62,child14,child,114.2941,25.000,0.000,25.000,132.000,13.000,85.567,1.076,2114.000,28.487,75.667,1631,2800,111.7,120,4.856,0.8435,1.2,1.341,12.5,0.01287,12.54,9.849,25.35,0.8489,10.52,0.202,39.29,15.3,18.43,2.234,0.5119,1450,179.5,5.14,107.5,3,2.007,26.44,120,16.91,4.331,156,470.2,79.15,4.436,0.6311,205.5,38.48,203.4,565.2,610.7,35.27,0.0317,484.4,0.8,0.6926,0.5,0.5007,0.7,0.1195,0.2198,0.5757,0.1155,479.1,998.5,43.21,0.641,800,3.343,271.6,0.3919
62,child15,child,70.7167,14.000,0.000,14.000,125.000,14.000,87.617,1.063,2801.000,26.940,81.633,1904,2800,119.9,120,4.472,1.092,1.2,1.367,10.33,0.01265,12.92,14.45,25,0.8758,12.16,0.1612,40.94,15.65,15.79,2.127,0.4107,1480,219.2,6,143.2,2.963,1.657,31.8,120,21.63,3.741,145,561.6,86.77,4.764,0.6488,213.6,46.4,233.6,514,472.1,41.73,0.03459,481.2,0.6921,0.6347,0.643,0.6949,0.7133,0.1158,0.1839,0.6575,0.1427,427.4,828.6,40.71,0.5865,738.1,3.958,312.6,0.2853
63,parent,parent,222.3487,44.000,0.000,44.000,275.000,27.000,236.750,0.443,4978.000,29.713,47.567,1812,2800,117.9,116.4,4.762,0.9072,1.2,1.393,12.5,0.01359,13.79,10.96,22.23,0.7695,10.88,0.1556,36.37,14.98,18.87,1.967,0.5196,1713,214.6,6,143.5,2.958,1.816,28.42,111.4,18.84,4.383,153.2,548.1,84.14,4.42,0.5489,218.3,44.64,215.8,471.1,547,40.83,0.03641,482.4,0.7085,0.7013,0.5909,0.5751,0.7,0.1228,0.1991,0.4892,0.1258,499.1,886.4,37.03,0.6426,703.1,3.276,340.9,0.3014
63,child0,child,110.0100,22.000,1.000,21.000,148.000,31.000,200.950,-0.665,2861.000,25.513,57.150,2066,2800,111.1,120,5.258,0.8211,1.2,1.488,12.54,0.01202,14.52,12.15,22.26,0.8124,11.18,0.1722,40.91,12.66,18.74,1.748,0.5433,1918,175.8,6,159.9,2.939,2.058,24.03,109.5,20.72,4.48,164.6,647.6,90,5.021,0.5643,165.1,50.98,183.3,524.8,578,35.15,0.03065,516.7,0.6628,0.7491,0.5937,0.5748,0.7,0.1301,0.1864,0.4861,0.1198,447.9,789.2,36.85,0.7627,736.4,3.806,299.3,0.313
63,child1,child,51.9063,15.000,1.000,14.000,101.000,-39.000,-337.500,1.187,1829.000,24.973,58.500,1895,2800,100.7,120,5.289,0.8609,1.2,1.292,13.08,0.01569,15.81,9.745,24.3,0.6803,9.246,0.1479,30.06,15.93,18.32,2.089,0.3978,1701,216.8,6,121.4,2.796,1.962,24.77,120,19,3.803,148.8,474.4,82.09,4.38,0.5222,224.6,53.65,243.3,433.7,513,44.16,0.03898,431.8,0.6145,0.6128,0.5394,0.5552,0.7796,0.1181,0.1766,0.4563,0.1264,403.1,968.6,38.1,0.6415,630.9,3.315,334.5,0.2809
63,child2,child,101.0094,24.000,1.000,23.000,146.000,28.000,212.133,0.054,4171.000,28.333,63.167,1729,2765,119.9,113.8,5.351,0.928,1.022,1.177,15.73,0.01846,13.86,10.14,22.31,0.6595,11.54,0.1435,32.27,14.69,19.83,2.262,0.4031,1449,238.1,5.165,155.8,3,1.887,23.43,120,24.05,4.561,149.5,511.7,83.59,4.446,0.6021,192.8,34.28,231,422.6,620.7,42.08,0.03896,600,0.7894,0.6876,0.645,0.6616,0.7472,0.1193,0.222,0.5621,0.1041,513.2,1046,31.38,0.6502,654,3.03,295.8,0.2979
63,child3,child,178.1789,36.000,1.000,35.000,225.000,34.000,307.800,0.008,4286.000,30.193,64.017,2099,2800,155.7,120,4.383,1.002,1.2,1.5,12.45,0.01274,12.49,11.98,24.11,0.7206,11.87,0.1571,26.52,14.21,21.42,2.263,0.5428,1496,194.2,6,134.3,2.982,2.003,27.46,115.7,16.01,4.73,152.2,654.6,85.89,4.977,0.5866,187.4,49.99,176.1,466,525.1,31.1,0.04294,488.8,0.7752,0.8781,0.6208,0.6875,0.7351,0.1164,0.228,0.4193,0.1244,466.8,894.4,37.59,0.6832,800,3.596,375.9,0.2484
63,child4,child,48.1506,15.000,2.000,13.000,73.000,23.000,161.450,0.213,2684.000,18.300,66.150,1670,2800,131.2,120,4.561,1.053,1.046,1.323,15.57,0.01454,10.84,9.876,25.22,0.7113,9.669,0.1616,33.64,10.65,18.05,1.991,0.5291,1539,169.8,5.634,151.8,3,2.103,28,105.4,19.1,4.169,169.8,510.5,90,4.27,0.5642,234.8,46.73,205.4,439.3,598.1,32.18,0.03315,483.5,0.7376,0.6983,0.5942,0.4434,0.7828,0.1164,0.2089,0.5557,0.1213,441.7,919,31.09,0.6524,657.8,3.601,326.2,0.2646
63,child5,child,148.5761,30.000,0.000,30.000,207.000,1.000,66.717,0.406,3892.000,25.327,52.083,1941,2800,118.5,120,4.199,0.9015,1.084,1.5,12.62,0.01289,14.56,11.82,20.19,0.7302,10.57,0.1626,35.23,17.53,20.13,1.809,0.511,1567,221.8,6,120.6,2.763,1.724,25.61,103.2,16.76,4.513,159.4,770.1,77.14,4.827,0.4908,205.8,50.32,204,526.4,657.4,50.19,0.03633,519.5,0.6906,0.7011,0.6871,0.5959,0.737,0.1316,0.2095,0.4363,0.1299,429,964.1,27.95,0.768,784.7,3.736,258.2,0.2401
63,child6,child,42.6660,12.000,0.000,12.000,98.000,-46.000,-316.083,0.931,1781.000,22.047,72.633,1836,2800,107.7,120,5.01,0.8701,1.161,1.479,13,0.01498,12.21,10.82,19.67,1.005,11.11,0.1747,33.93,15.59,14.63,2.219,0.5365,1713,179.1,6,138.6,2.449,1.936,33.65,120,18.96,3.971,169.9,539.2,81.84,4.062,0.6472,224,49.18,247.5,539.7,445.1,46.94,0.03718,483.3,0.7436,0.6504,0.5337,0.5762,0.7,0.1122,0.2102,0.5078,0.1198,399,1065,36.6,0.4638,609.6,2.976,301.3,0.2622
63,child7,child,85.2454,23.000,4.000,19.000,140.000,9.000,37.350,0.526,3564.000,23.993,65.250,1982,2800,112.7,93.93,4.216,0.8251,1.099,1.348,14.96,0.01526,15.83,13.52,27.23,0.8191,11.91,0.1517,36.46,11.96,17.58,2.119,0.5038,1698,242.7,6,178.6,2.827,1.862,33.74,113.5,15.25,4.032,152.5,520.5,90,5.117,0.5002,233.2,39.64,194.7,399.9,548.7,39.4,0.0365,366.3,0.8,0.693,0.6335,0.6513,0.7027,0.116,0.1722,0.4285,0.1304,470.8,601.4,33.68,0.6479,774.4,3.014,328.8,0.4141
63,child8,child,68.4219,14.000,2.000,12.000,102.000,21.000,265.433,0.230,1915.000,27.200,63.317,1581,2800,118.7,106.9,4.341,0.9151,1.2,1.2,13.64,0.01344,17.14,10.7,21.85,0.8339,10.88,0.1356,31.21,13.88,17.9,2.1,0.4313,1518,208.3,4.649,145.7,2.8,1.816,28.35,120,15.97,4.929,150.7,485,79.69,4.311,0.5213,247.2,45.27,172.8,438.9,614.4,40.55,0.03556,555.8,0.8,0.7623,0.5284,0.5201,0.8739,0.1423,0.1933,0.4683,0.137,459.8,967.7,38.91,0.603,781.1,3.325,366.3,0.2998
63,child9,child,53.8572,13.000,0.000,13.000,81.000,9.000,158.217,-1.540,2364.000,12.853,49.117,1721,2415,111.3,100.2,5.282,0.8,1.2,1.303,13.92,0.01266,13.26,11.77,22.67,0.8514,9.581,0.1519,36.56,13.25,19.88,2.04,0.563,2000,233.4,5.994,183.6,2.639,1.527,26.76,100.5,20.21,4.304,135,603.4,90,4.315,0.4782,175,51.82,218.1,563.8,484.5,40.04,0.0351,444.5,0.8,0.7121,0.6549,0.4633,0.7,0.1253,0.187,0.5012,0.1156,343.4,916.8,33.52,0.655,800,3.029,330.9,0.2683
63,child10,child,67.2157,13.000,0.000,13.000,106.000,7.000,86.550,0.772,1933.000,25.547,64.167,1937,2560,83.71,120,4.031,0.8291,1.2,1.491,10.78,0.01527,14.43,8.613,25.16,0.7131,8.711,0.1497,32.83,16.41,20.58,1.799,0.5043,1826,214.5,6,154.6,2.567,1.792,31.81,113.9,18.1,5.12,168.6,559.5,68.01,4.926,0.4734,234.6,46.26,250.3,429.9,530.7,30.58,0.04065,540.5,0.6554,0.5754,0.6991,0.6125,0.8467,0.1317,0.2518,0.5941,0.1226,521,799.4,40.83,0.686,685,3.607,342.7,0.2984
63,child11,child,86.1212,20.000,1.000,19.000,118.000,-5.000,-65.433,1.882,1958.000,23.047,66.267,1556,2516,134,116.5,4.105,0.9974,1.2,1.316,11.34,0.01415,16.09,10.46,27.3,0.7853,10.29,0.1248,41.41,17.57,17.71,2.005,0.5335,1434,211.4,5.863,144.6,3,1.957,36.16,117,13.66,3.891,138.8,500,75.69,4.376,0.473,199.3,48.15,193.9,417.1,665.8,40.35,0.05101,468.4,0.7772,0.7502,0.5734,0.6334,0.7735,0.1299,0.2286,0.4453,0.117,486,1026,44.51,0.6321,708,3.167,353.7,0.3102
63,child12,child,27.8301,7.000,0.000,7.000,52.000,15.000,106.200,-2.814,1771.000,9.453,42.317,2200,2641,98.28,120,4.168,1.012,1.2,1.174,13.61,0.01778,14.37,10.96,24.17,0.7281,12.51,0.2042,37.17,15.33,21.03,2.017,0.4712,1592,207.6,6,128.3,3,1.791,27.92,90.44,19.34,6.111,140.5,527.7,78.29,4.828,0.5338,193.1,42.48,171.4,379.4,636.1,37.14,0.0356,486.6,0.683,0.7519,0.5453,0.551,0.7582,0.1052,0.185,0.4792,0.1268,663.4,1072,35.44,0.6106,616.4,3.016,352.3,0.3103
63,child13,child,160.3909,34.000,0.000,34.000,188.000,24.000,190.267,0.440,3587.000,26.027,59.617,1818,2680,116.6,106,5.587,0.9493,1.2,1.492,10.79,0.01596,14.74,10.53,25.63,0.7862,11.8,0.1535,34.28,16.17,16.53,1.853,0.538,1865,218.2,6,152.5,2.892,2.002,35.99,119.7,18.55,5.169,174.8,508.4,85.88,4.147,0.5797,189.9,45.71,204.2,482.2,448.5,40.93,0.03982,484.7,0.8,0.6235,0.5747,0.659,0.7,0.1205,0.1655,0.3887,0.1072,495.3,779.7,31.19,0.6193,665.9,3.445,343.9,0.2871
63,child14,child,222.5490,44.000,0.000,44.000,260.000,51.000,299.250,1.431,4805.000,25.680,57.333,1865,2726,126.4,120,4.344,0.9526,1.2,1.5,10,0.0115,13.18,10.98,21.3,0.9382,9.812,0.1438,39.47,17.05,14.99,2.037,0.4815,1690,206.4,5.527,154.3,3,1.922,32.42,112.1,16.49,4.019,155.8,494.4,90,4.088,0.6357,191.5,46.61,256.1,458.8,495.8,42.58,0.03009,517.4,0.7775,0.6731,0.5755,0.5408,0.7921,0.1108,0.2038,0.5343,0.1561,435.4,945.1,38.48,0.6587,800,2.765,368.7,0.305
63,child15,child,110.6232,23.000,0.000,23.000,151.000,11.000,38.733,0.763,2948.000,24.847,52.683,2106,2215,116.1,120,3.912,0.8411,1.2,1.279,12.57,0.01134,15.63,12.76,20.72,0.7867,10.4,0.1482,33.99,18.17,22.11,2.267,0.514,1460,222.3,6,113.5,2.805,1.593,23.91,114,17.95,5.451,141.8,653.7,83.48,3.7,0.5674,194.5,42.19,234.4,697.7,548.1,49.82,0.03907,457.7,0.6995,0.885,0.6062,0.5695,0.816,0.1603,0.2481,0.4707,0.1241,477.3,859.2,40.82,0.5845,640.3,2.772,351.9,0.2949
64,parent,parent,186.7819,40.000,1.000,39.000,224.000,28.000,207.300,0.633,4412.000,26.773,54.833,1865,2726,126.4,120,4.344,0.9526,1.2,1.5,10,0.0115,13.18,10.98,21.3,0.9382,9.812,0.1438,39.47,17.05,14.99,2.037,0.4815,1690,206.4,5.527,154.3,3,1.922,32.42,112.1,16.49,4.019,155.8,494.4,90,4.088,0.6357,191.5,46.61,256.1,458.8,495.8,42.58,0.03009,517.4,0.7775,0.6731,0.5755,0.5408,0.7921,0.1108,0.2038,0.5343,0.1561,435.4,945.1,38.48,0.6587,800,2.765,368.7,0.305
64,child0,child,98.8237,27.000,5.000,22.000,149.000,13.000,157.850,0.579,3824.000,29.927,64.900,1858,2800,143.7,120,4.01,0.9975,1.2,1.472,11.65,0.01189,12.98,10.15,21.39,0.8429,10.45,0.1686,35.17,19.94,17.42,1.583,0.4188,1926,235.2,6,161.3,2.881,1.651,33.95,120,17.29,3.828,131.3,468.8,88.53,4.603,0.6901,186.9,43.59,299.7,437.6,482.1,36.29,0.02852,584.7,0.8,0.7094,0.623,0.4438,0.7944,0.1036,0.2189,0.7182,0.1134,516.6,875.2,49.94,0.5796,800,2.417,400,0.3027
64,child1,child,30.6929,13.000,4.000,9.000,54.000,14.000,70.717,1.735,1972.000,29.407,57.283,1705,2787,126.8,100.4,4.04,0.8197,1.2,1.418,10,0.01173,13.55,12.68,18.85,1.01,9.316,0.137,44.44,16.38,14,1.98,0.4362,1652,177.7,5.943,124.8,2.5,1.759,35.5,120,18.45,4.038,139.3,516.6,77.08,3.339,0.7077,167,61.04,240.4,461.4,464.7,45.71,0.03197,580.7,0.7493,0.8063,0.6303,0.4976,0.7265,0.1015,0.1958,0.6534,0.1562,477.9,928.8,33.59,0.7427,800,2.442,400,0.3441
64,child2,child,177.0802,36.000,0.000,36.000,215.000,31.000,237.567,0.870,4177.000,23.293,57.067,1811,2518,107.7,120,4.985,1.181,1.054,1.389,10.42,0.01135,10.6,8.941,21.2,0.9177,8.499,0.1351,42.3,17.33,12.93,2.343,0.448,1703,205.5,5.774,155.5,2.205,1.804,32.98,100.2,16.02,4.405,155.7,477.2,81.77,4.702,0.6066,167.5,54.01,262.2,534.7,408,42.63,0.03252,592.4,0.7603,0.7124,0.6388,0.5488,0.8913,0.08794,0.1607,0.4463,0.1708,439.5,814.6,44.78,0.5951,800,3.511,383.8,0.2829
64,child3,child,161.4713,33.000,0.000,33.000,199.000,28.000,204.600,0.276,3852.000,26.353,57.033,1956,2696,153.1,120,4.754,0.8524,1.162,1.492,10,0.0161,15.74,10.16,19.37,0.9678,10.64,0.1344,42.51,17.63,12.92,2.213,0.569,1743,187.3,4.86,124.5,3,1.901,28.33,101.7,17.55,3.359,133.5,405.6,74.34,5.231,0.7709,174.6,56.4,321.7,413.3,450.5,45.21,0.02556,552.4,0.763,0.6714,0.5819,0.5747,0.7793,0.1229,0.2297,0.6468,0.1825,488.6,783.9,37.02,0.7535,659.4,2.781,342.2,0.2796
64,child4,child,115.1900,21.000,1.000,20.000,185.000,17.000,108.517,-0.091,3433.000,27.913,57.133,1663,2800,142.7,120,3.629,0.8,1.2,1.5,10.06,0.01224,14.54,10.26,20.32,0.935,9.19,0.1411,43.01,13.03,14.71,2.128,0.4861,1762,169.4,5.225,130.7,3,1.502,35.45,120,14.95,3.916,188.5,406.8,90,4.926,0.6214,235,52.45,243.8,411.1,490.7,52.23,0.03089,458,0.6647,0.6424,0.6683,0.5587,0.7601,0.102,0.1687,0.6047,0.1871,481,875,38.49,0.5739,800,2.783,394.2,0.3525
64,child5,child,168.4560,32.000,0.000,32.000,218.000,24.000,149.833,-0.521,3710.000,24.153,45.650,2159,2522,151.1,119.4,3.132,0.8,1.2,1.481,10,0.009231,13.4,9.014,20.09,1.155,11.61,0.1689,47.34,16.08,15.69,1.833,0.5131,1860,225.3,4.14,165.6,3,1.717,22.77,114.5,17.73,3.885,137.6,528.6,90,4.243,0.7263,189,45.77,283,533.1,509.3,49.36,0.03734,546.4,0.7939,0.6094,0.6288,0.5931,0.7,0.1149,0.2276,0.4947,0.1457,441.3,951.4,37.3,0.6677,800,2.668,400,0.3091
64,child6,child,134.1283,28.000,0.000,28.000,161.000,37.000,254.467,-1.238,3504.000,23.187,48.833,1778,2800,149.6,112,4.311,1.213,1.2,1.5,10,0.0111,10.4,12.81,25.51,1.18,9.824,0.1397,36.13,15.1,11.71,2.276,0.5587,1736,177.8,5.728,171.3,2.643,2.011,34.44,108.5,19.48,4.283,138.8,601.9,90,4.056,0.556,209.9,53.57,238.1,485.3,476.4,39.93,0.02859,539.7,0.8,0.7185,0.6014,0.5611,0.7249,0.113,0.2204,0.4978,0.1697,459.1,1000,40.2,0.6331,800,2.135,400,0.3384
64,child7,child,147.3777,37.000,1.000,36.000,162.000,22.000,173.117,1.489,4336.000,26.093,42.600,1510,2350,126.5,120,4.219,0.8,1.08,1.347,11.73,0.01161,12.66,8.845,19.96,0.8739,10.68,0.1403,28.72,16.39,16.18,2.251,0.4428,1661,200.9,5.354,117.8,2.67,2.378,29.88,114.3,17.85,3.589,166.1,435.5,90,3.337,0.7256,170.9,50.68,263.3,403.6,462.7,46.22,0.02364,600,0.8,0.7454,0.5331,0.4691,0.8507,0.1242,0.1752,0.6587,0.1997,452.9,965.5,39.56,0.7274,800,2.876,327.4,0.3444
64,child8,child,158.8104,32.000,1.000,31.000,192.000,44.000,288.067,0.320,3797.000,24.373,45.033,1859,2489,137.9,117.2,4.626,0.9201,1.2,1.5,10.2,0.009704,13.19,11.92,22.51,0.8274,9.558,0.1305,35.52,18.58,14.38,2.044,0.502,1738,227,5.967,142.8,3,1.993,35.53,103.8,16.33,4.24,163.5,552.8,80.31,4.711,0.5761,165.8,39.1,285.7,498.2,555.9,42.03,0.02972,421.5,0.6856,0.6397,0.5066,0.531,0.8349,0.1236,0.1919,0.4915,0.1109,413.5,858.3,40.55,0.6733,800,2.565,365,0.3069
64,child9,child,54.1638,17.000,2.000,15.000,74.000,13.000,99.567,-1.836,2514.000,14.260,49.433,1878,2800,111.9,120,4.714,0.8,1.2,1.5,11.31,0.01081,15.18,11.06,21.28,1.189,8.936,0.1787,34.96,16.3,15.78,2.351,0.4106,2000,166,4.758,222.3,2.934,1.663,38.33,105.7,15.75,4.019,160.5,553.9,90,3.618,0.65,221.4,39.89,223,446.2,500.8,38.54,0.03232,475.5,0.7992,0.7058,0.6229,0.5029,0.7746,0.09409,0.1871,0.4938,0.1594,461.1,1127,31.48,0.7086,697,2.322,400,0.3537
64,child10,child,148.0916,30.000,1.000,29.000,182.000,37.000,220.950,1.929,3542.000,26.953,45.767,1789,2523,165.5,120,4.613,1.041,1.152,1.5,10,0.00987,11.29,11.57,20.49,0.7867,8.234,0.1436,39.7,15.42,17.78,1.755,0.4858,1460,196.3,6,132.7,2.55,1.699,30.82,117.6,14.85,3.12,128.8,460.9,90,4.105,0.7761,185,50.22,278.5,428,623.2,42.28,0.03026,581.4,0.8,0.781,0.5642,0.3999,0.7159,0.1031,0.1891,0.5872,0.1442,414.5,1080,38.09,0.6121,800,2.725,390.6,0.2654
64,child11,child,-15.8797,2.000,0.000,2.000,-1.000,-3.000,-9.983,-1.887,1400.000,7.047,49.317,2199,2800,121.3,120,4.376,0.916,1.2,1.475,10,0.01008,14.42,11.77,19.34,0.6927,7.787,0.1387,40.05,14.73,15.66,2.207,0.6112,1564,226,5.268,155.7,2.892,1.778,30.14,101.4,17.84,3.531,160.3,478.6,90,4.436,0.6809,211.2,33.75,248,417.2,411.6,44.93,0.03234,575.5,0.7687,0.7497,0.5904,0.5871,0.7,0.1008,0.1993,0.5,0.1825,421.5,990.7,32.72,0.7002,800,2.572,362.3,0.3267
64,child12,child,80.4656,19.000,0.000,19.000,102.000,24.000,30.767,2.507,2689.000,24.167,48.967,1873,2153,120,118.5,4.482,0.8355,1.2,1.345,10,0.01258,10.92,10.7,23,0.8683,10.79,0.125,38.06,17.15,15.64,1.789,0.4329,1741,261.8,5.735,161,2.684,2.058,33.15,111.7,18.81,3.975,168.1,429.2,85,5.01,0.6662,210.1,49.28,249,646.5,496.5,49.86,0.03888,436.6,0.6728,0.6742,0.5,0.5439,0.7732,0.1003,0.1745,0.6437,0.1739,524.5,898.5,39.65,0.5769,798.8,2.79,379.5,0.2681
64,child13,child,109.0200,27.000,0.000,27.000,133.000,1.000,90.317,1.051,3358.000,22.933,51.383,1833,2486,141.5,92.14,4.66,0.8583,1.071,1.5,11.26,0.01246,13.56,10.55,15.78,0.9756,9.418,0.1498,33.39,17.46,14.82,2.076,0.4956,1509,184.9,6,143.8,2.753,1.879,29.15,112.8,16.49,3.783,158.6,390,84.48,4.632,0.7021,154,41.11,292.6,505.4,467.5,38.12,0.03398,450,0.7968,0.6094,0.5778,0.5137,0.8191,0.11,0.2125,0.4121,0.1146,486.7,860.8,33.74,0.5647,763.9,2.536,391.7,0.2943
64,child14,child,106.5309,25.000,1.000,24.000,151.000,11.000,18.600,-0.166,3664.000,23.167,45.017,1760,2450,133.9,120,5.058,0.8828,1.096,1.464,11.77,0.01258,12.63,8.805,17.79,0.8354,8.845,0.1125,36.09,14.69,14.19,1.941,0.5663,1749,254.4,5.896,153.1,2.95,2.094,42.26,108.7,16.05,3.683,146,504,90,4.57,0.6473,197,41.36,283.5,423.3,536.3,46.28,0.02774,440.7,0.7362,0.7571,0.655,0.5707,0.8553,0.1071,0.2066,0.5612,0.1275,418.6,1004,36.04,0.6592,800,3.182,400,0.2765
64,child15,child,27.1206,7.000,1.000,6.000,59.000,18.000,72.133,-2.025,1861.000,12.047,45.950,1795,2800,133.8,120,3.869,0.9898,1.146,1.231,10,0.01187,13.43,10.72,21.47,0.8539,11.02,0.1226,38.01,18.04,16.28,1.964,0.4623,1637,181.4,6,166.8,3,2.016,29.4,105.4,15.45,4.394,151.8,627.6,90,3.737,0.7199,196.4,49.79,229.6,513.1,507.8,48.54,0.02848,387.4,0.8,0.7006,0.5378,0.5977,0.777,0.08524,0.1786,0.4997,0.1533,397.4,1001,34.91,0.797,780.2,2.76,302.3,0.2576
65,parent,parent,181.3018,36.000,0.000,36.000,214.000,46.000,264.067,0.760,3846.000,29.913,71.083,1865,2726,126.4,120,4.344,0.9526,1.2,1.5,10,0.0115,13.18,10.98,21.3,0.9382,9.812,0.1438,39.47,17.05,14.99,2.037,0.4815,1690,206.4,5.527,154.3,3,1.922,32.42,112.1,16.49,4.019,155.8,494.4,90,4.088,0.6357,191.5,46.61,256.1,458.8,495.8,42.58,0.03009,517.4,0.7775,0.6731,0.5755,0.5408,0.7921,0.1108,0.2038,0.5343,0.1561,435.4,945.1,38.48,0.6587,800,2.765,368.7,0.305
65,child0,child,161.3849,33.000,0.000,33.000,195.000,30.000,249.267,0.792,3724.000,26.913,65.650,1731,2542,133.7,120,4.682,0.9642,1.173,1.5,10,0.01012,14.34,13.24,26.23,0.9285,10.86,0.2022,36.79,18.39,17.94,2.134,0.4462,1423,162.2,5.997,113.5,3,2.5,28.84,109.1,15.52,3.356,147.5,467.2,90,4.052,0.6356,192.8,56.65,292.7,513.1,381.4,44.27,0.03267,466.3,0.8,0.6407,0.6347,0.6555,0.9264,0.1089,0.2086,0.4384,0.1524,334.4,906,34.01,0.6309,686.4,3.188,347.9,0.316
65,child1,child,95.9036,24.000,1.000,23.000,126.000,9.000,102.917,1.480,3129.000,26.880,67.167,1816,2800,158.1,120,4.085,0.9487,1.2,1.5,10,0.0103,12.64,9.767,18.4,0.9298,10.63,0.1329,35.05,17.33,14.18,1.963,0.4399,2000,187.5,6,192.5,3,1.891,30.68,118.4,15.65,3.823,182.3,576.7,81.82,3.791,0.7529,165.9,41.94,306.7,439.2,563.1,39.17,0.03223,438,0.6732,0.6855,0.5335,0.5253,0.741,0.09887,0.1967,0.5089,0.1527,468.9,937.9,33.21,0.667,800,2.53,329.7,0.3118
65,child2,child,15.4980,10.000,1.000,9.000,50.000,-14.000,-178.683,-1.128,2141.000,19.060,62.483,2182,2800,120.4,92.23,4.207,0.8971,1.166,1.5,10.49,0.01157,14.7,11.7,19.95,0.7531,11.77,0.1275,40.73,15.63,13.87,1.944,0.4775,1563,208,5.344,159.4,3,2.097,33.63,107,18.15,3.607,118.7,468.1,90,3.942,0.6769,193.3,45.21,275.6,469.5,425.9,41.19,0.024,556.7,0.8,0.6206,0.6082,0.5763,0.7,0.1258,0.2343,0.4592,0.1438,434.2,909.9,34.23,0.5636,746.7,3.369,382.3,0.2996
65,child3,child,179.4261,39.000,1.000,38.000,224.000,25.000,277.367,1.040,4820.000,30.427,63.983,1515,2612,120.4,120,4.691,0.9744,1.109,1.236,11.85,0.01133,13.18,9.266,21.94,0.8618,10.78,0.1239,40.88,14.8,14.99,2.594,0.4244,1722,196.4,5.822,134.1,3,1.847,30.11,107.2,15.42,4.938,160.9,539.3,85.1,3.789,0.6382,185.1,54.56,332,425.7,403.8,40.94,0.03179,440.3,0.8,0.6079,0.6079,0.551,0.7926,0.1016,0.2395,0.5421,0.1449,420.6,919.1,36.13,0.7901,783.9,2.839,389.7,0.2973
65,child4,child,179.8279,29.000,0.000,29.000,234.000,35.000,270.100,0.253,2773.000,27.207,62.500,1714,2777,119.7,120,4.681,0.9244,1.12,1.48,10,0.01208,13.2,11.49,18.51,0.9637,11.12,0.1524,34.81,15.58,15.38,2.042,0.5372,1650,188.7,4.816,158.4,2.991,1.61,34.56,115.4,19.32,4.211,199,488,77.58,4.546,0.5439,158,40.83,290.7,556.9,451.7,43.18,0.0277,566.8,0.8,0.7342,0.5078,0.5865,0.8202,0.1282,0.1816,0.5674,0.187,447.5,927.7,39.35,0.6074,800,2.475,299.7,0.3267
65,child5,child,159.0169,36.000,0.000,36.000,192.000,25.000,175.167,0.934,4504.000,25.853,63.283,2106,2705,130.8,113.2,3.629,1.045,1.2,1.26,10.28,0.01026,12.49,12.17,26.87,0.9141,9.876,0.1362,40,16.24,14.82,2.286,0.5209,1560,181.8,5.74,155.8,3,2.228,37.77,117.7,15.28,3.67,157.9,442.5,90,3.934,0.6883,184,40.49,230.7,474.3,457.7,43.36,0.0254,462.1,0.7777,0.7289,0.5696,0.517,0.8875,0.1011,0.2455,0.645,0.1545,412.6,905.9,36.6,0.7557,791.9,2.446,384.9,0.2842
65,child6,child,45.6733,12.000,0.000,12.000,69.000,7.000,14.900,-1.987,1860.000,11.693,57.617,1859,2800,133.2,120,5.397,1.286,1.058,1.5,13.06,0.0101,13.31,11.82,20.57,0.9081,8.976,0.1201,37.23,19.3,15.75,1.919,0.3892,2000,202.9,5.4,169.6,3,1.744,32.59,106.2,17.89,4.68,143.5,541,90,3.913,0.5181,188.1,49.35,241.1,431.5,544.9,37.79,0.03627,492.1,0.8,0.5752,0.5441,0.5717,0.7763,0.1348,0.204,0.4549,0.1729,396,936.5,34.47,0.6375,800,2.536,311.2,0.2742
65,child7,child,-36.9361,0.000,0.000,0.000,-29.000,-16.000,-93.217,-2.139,1123.000,6.473,44.250,1987,2800,100.9,120,4.497,0.9744,1.2,1.312,10,0.01017,15.74,10.43,22.62,1.055,8.577,0.1296,39.83,17.11,15.55,2.18,0.5581,1697,190.6,5.857,152.8,2.841,1.608,39.65,102.3,15.59,3.839,152.3,525.4,90,4.516,0.6061,190.4,52.06,239.5,444.1,550.6,45.78,0.02715,509.6,0.8,0.6031,0.5316,0.5477,1,0.131,0.2304,0.529,0.1515,416.6,826.9,35.76,0.7318,800,2.501,334.8,0.3006
65,child8,child,4.5987,4.000,0.000,4.000,12.000,17.000,135.967,-2.835,1321.000,7.147,41.783,1896,2800,113.2,120,4.671,1.152,1.032,1.5,12.33,0.01064,12.43,10.96,20.15,1.055,8.318,0.1655,40.36,18.88,15.19,2.149,0.4508,1849,215.6,4.872,126.8,2.538,2.044,32.22,97.94,16.58,4.239,144.3,486.7,87.14,4.628,0.6415,181.8,48.95,239.9,512.5,552.5,39,0.03031,429.2,0.8,0.6793,0.6344,0.4724,0.7,0.09672,0.1906,0.6173,0.1151,444.7,1008,50.97,0.6224,772.8,2.378,400,0.2884
65,child9,child,132.9859,32.000,0.000,32.000,154.000,16.000,237.467,0.518,3990.000,30.960,52.267,1827,2800,125.4,118.5,4.707,0.935,1.115,1.5,10,0.0141,11.74,13.7,23.55,1.033,9.63,0.1764,42.96,16.03,12.11,1.944,0.5883,1751,209.7,6,161.3,2.813,2.282,32.82,108.3,12.81,4.008,141.8,478.4,76.6,3.71,0.5743,191.8,60.19,256.8,406.2,398,44.53,0.03112,518.9,0.692,0.6339,0.5,0.5752,0.7413,0.1006,0.1997,0.5018,0.1868,482.4,1166,45.36,0.574,800,2.419,348.2,0.3022
65,child10,child,128.9379,25.000,0.000,25.000,183.000,3.000,211.250,-1.657,3208.000,38.287,56.500,1624,2596,151.8,116.1,4.517,0.8171,1.107,1.435,10,0.009627,14.6,9.768,21.3,1.15,10.92,0.1503,34.97,20.17,14.1,1.987,0.5567,1821,264.7,4.655,128.4,2.305,2.264,35.22,120,15.5,5.291,156.4,465.5,86.25,4.564,0.6781,166.1,49.68,268.8,533.3,600.5,34.73,0.02869,501.8,0.7522,0.736,0.5,0.5143,0.7717,0.1122,0.2127,0.4594,0.1537,352.3,918.4,37.42,0.5246,800,2.855,318,0.2747
65,child11,child,205.0083,40.000,0.000,40.000,243.000,42.000,206.200,0.763,4197.000,25.953,48.317,1654,2800,124.6,120,4.022,0.9275,1.2,1.5,10.01,0.0137,11.94,9.063,18.52,1.079,8.923,0.2012,33.26,15.68,14.68,2.01,0.4032,1578,211.2,6,184.9,3,2.1,40.22,104.6,13.74,4.315,132.2,467.7,78.59,4.386,0.7269,208.8,54.2,270.1,486.2,607,33.48,0.03393,531.1,0.7014,0.6287,0.6267,0.5458,0.7158,0.1031,0.221,0.5512,0.1484,427.5,829.8,35.16,0.8,800,2.618,375.9,0.3342
65,child12,child,137.2930,23.000,0.000,23.000,197.000,33.000,232.717,0.170,3342.000,23.513,57.750,2200,2318,115.3,120,3.679,0.9906,1.2,1.5,10,0.01103,13.08,10.63,19.73,1.015,10.89,0.1656,37.17,14.69,16.44,1.702,0.4746,1999,221.5,5.352,166.4,2.977,1.871,34.02,104.6,14.26,3.907,156.9,411.6,90,4.592,0.5738,176.5,55.6,225.9,413.5,514.5,44.44,0.03024,597.7,0.8,0.7433,0.5606,0.5461,0.7448,0.112,0.2374,0.4601,0.1772,424.6,782.5,41.39,0.6434,800,3.057,380.3,0.3716
65,child13,child,166.6117,38.000,0.000,38.000,194.000,27.000,68.600,1.525,4193.000,26.393,73.533,2179,2727,116.7,120,4.284,1.329,1.085,1.5,10,0.0121,13.11,9.194,17.96,0.9908,10.47,0.1463,39.79,17.04,20.41,1.933,0.4673,1531,177.4,5.99,132.6,3,2.059,33.42,118.5,18.93,4.003,161.7,551.5,90,4.4,0.755,228.8,47.04,256.4,485.1,491.4,49.45,0.03202,549.6,0.7688,0.7383,0.723,0.4573,0.7922,0.09593,0.215,0.4518,0.1632,357.3,1053,45.87,0.7752,800,2.051,371.9,0.2695
65,child14,child,119.7016,22.000,0.000,22.000,174.000,18.000,139.433,1.103,3171.000,26.953,58.333,1963,2454,108.3,120,5.138,0.808,1.2,1.5,11.04,0.01101,13.1,8.823,23.92,0.8229,8.904,0.1402,37.36,15.84,16.94,1.93,0.4557,1452,170.8,5.298,167.2,2.819,2.064,32.89,120,14.62,2.934,139.7,520.1,90,3.671,0.6464,231,51.11,270.1,444.3,569.5,45.96,0.03403,596.5,0.6803,0.6019,0.625,0.4652,0.9704,0.1303,0.191,0.4958,0.1471,389.3,923.9,39.38,0.6979,800,2.778,365.6,0.3164
65,child15,child,122.4796,25.000,0.000,25.000,162.000,23.000,256.417,1.736,3472.000,27.733,66.233,1691,2769,120.7,119.5,4.48,0.9695,1.2,1.5,11.36,0.009969,12.35,12.22,21.63,1.121,9.475,0.12,42.96,18.26,16.6,2.133,0.4631,1603,220.7,6,182.6,3,1.867,32.83,120,16.68,3.504,144.6,444.9,90,4.269,0.6413,201.8,55.44,201.5,481,650.9,36.3,0.03645,524.5,0.7928,0.6883,0.5506,0.5298,0.7,0.1199,0.2102,0.6461,0.176,542.4,849.1,42.04,0.6586,747.8,2.757,372.7,0.3517
66,parent,parent,203.4072,39.000,0.000,39.000,251.000,41.000,238.717,0.995,4229.000,26.213,76.533,1654,2800,124.6,120,4.022,0.9275,1.2,1.5,10.01,0.0137,11.94,9.063,18.52,1.079,8.923,0.2012,33.26,15.68,14.68,2.01,0.4032,1578,211.2,6,184.9,3,2.1,40.22,104.6,13.74,4.315,132.2,467.7,78.59,4.386,0.7269,208.8,54.2,270.1,486.2,607,33.48,0.03393,531.1,0.7014,0.6287,0.6267,0.5458,0.7158,0.1031,0.221,0.5512,0.1484,427.5,829.8,35.16,0.8,800,2.618,375.9,0.3342
66,child0,child,93.5906,25.000,6.000,19.000,142.000,-5.000,-18.983,1.062,2445.000,28.193,62.917,1670,2800,106.5,119.3,3.675,0.9067,1.2,1.5,10,0.01307,13.79,8.597,15.55,1.211,8.933,0.1751,34.58,14.08,13.84,1.816,0.3951,1849,200.3,5.053,204,2.592,2.316,37.31,120,12.68,4.439,135.5,415.7,78.8,4.088,0.7778,202.4,47.61,346.1,374.9,671.7,35.06,0.03549,567.1,0.6786,0.6197,0.6056,0.5856,0.7,0.1039,0.1845,0.5593,0.1421,450.3,831.7,43.44,0.8,785.6,2.341,400,0.2804
66,child1,child,139.8101,33.000,1.000,32.000,168.000,14.000,225.550,-0.486,3948.000,29.493,48.283,1366,2800,139.7,113.9,4.252,1.015,0.999,1.404,10,0.01256,14.44,10.42,16.5,1.021,10.16,0.2231,27.7,16.09,13.36,2,0.4465,1740,241.7,6,201.9,2.919,2.5,36.62,120,14.58,5.411,141.2,510.8,84.3,4.727,0.8391,192.5,52.81,312.7,537.5,733,29.17,0.03171,553.2,0.6157,0.5683,0.6006,0.6171,0.9113,0.09276,0.2829,0.5198,0.1276,362.2,885.6,30.33,0.6743,665.7,2.295,400,0.3483
66,child2,child,133.3214,24.000,0.000,24.000,186.000,27.000,221.250,0.568,3380.000,25.860,54.017,1818,2800,123.5,120,4.138,1.031,1.157,1.5,10,0.01605,12.12,10.19,14.17,1.341,8.852,0.1844,35.86,15.13,15.71,1.727,0.4171,1860,263.5,6,173.3,2.515,2.008,37.3,120,13.8,4.35,139.1,457.7,90,4.238,0.6449,201.3,45.38,284.9,578.6,612.8,31.44,0.03266,552.2,0.6597,0.5962,0.5801,0.4101,0.7,0.1096,0.1981,0.6642,0.1396,457.7,821.8,36.71,0.5868,800,3.054,385.5,0.2915
66,child3,child,153.5459,33.000,1.000,32.000,193.000,38.000,155.367,-0.536,4085.000,28.033,57.400,1362,2800,145,120,4.356,0.8425,1.082,1.5,11.79,0.01632,10.94,8.439,21.88,1.081,10.72,0.1947,39.98,16.76,13.22,2.2,0.4422,1474,252.2,4.972,164.2,2.963,2.131,46.74,120,14.06,3.968,125.5,555.6,90,3.297,0.7654,200.4,52.62,276.6,429.6,610.2,34.12,0.02635,500.9,0.6824,0.7384,0.7465,0.5254,0.7,0.09348,0.2556,0.5685,0.1637,362,836.3,42.69,0.7745,800,2.517,349.6,0.356
66,child4,child,68.5104,20.000,0.000,20.000,65.000,27.000,130.233,2.288,2456.000,26.547,59.233,1855,2693,131.1,107.1,3.058,0.9206,1.2,1.5,10,0.01283,12,7.274,20.98,1.085,11.02,0.1853,34.9,15.78,13.29,1.483,0.4249,1659,273,4.918,198.8,3,2.5,33.18,120,12.03,3.459,135.5,487.8,77.98,3.63,0.6465,276.1,52.25,298.3,477.9,562.1,37.3,0.03291,561.5,0.7869,0.587,0.6597,0.5777,0.7,0.09132,0.2245,0.6761,0.1503,541,984.2,37.28,0.8,800,2.498,298.5,0.3704
66,child5,child,85.2427,21.000,0.000,21.000,126.000,-5.000,19.500,0.184,3156.000,25.260,61.533,1692,2800,124.4,120,4.124,0.8,1.072,1.412,10,0.01654,12.12,7.842,19.24,1.372,8.303,0.1915,33.81,13.97,13.18,1.695,0.3868,1671,188.8,6,194.1,3,1.894,50.29,103.1,12.56,3.996,109.9,529.5,71.47,4.991,0.5709,214.5,51.98,302.9,481.3,507.7,36.9,0.03629,578.3,0.6189,0.5581,0.5676,0.5648,0.7,0.103,0.2114,0.4779,0.1773,558.7,845.3,36.36,0.8,726.5,2.334,397.9,0.4434
66,child6,child,50.6276,15.000,3.000,12.000,79.000,16.000,95.450,2.122,2132.000,32.393,64.833,1695,2800,126.1,110.9,4.165,0.8686,1.179,1.477,11.35,0.015,11.39,9.447,17.38,1.054,8.925,0.2344,30.02,13.36,18.82,1.585,0.369,1643,218,5.697,161.2,3,1.967,36.44,120,13.64,3.326,137.3,511,74.02,4.329,0.756,196.1,53.43,275.6,424.5,642.3,34.87,0.03499,518.3,0.642,0.6755,0.6215,0.5575,0.7,0.0866,0.2519,0.4555,0.1271,479.4,740.8,40.79,0.8,800,3.108,374.3,0.364
66,child7,child,60.0011,19.000,0.000,19.000,69.000,-16.000,-111.600,1.979,1806.000,24.613,65.350,1658,2581,148,107.2,3.805,0.9791,1.2,1.321,10,0.0125,11.45,7.586,16.73,1.031,9.113,0.1619,31.18,17.58,15.03,1.382,0.3903,1568,243.7,5.392,189,2.646,2.048,37.37,113,8.776,4.525,123.8,427.8,72.6,4.059,0.821,253.6,65.96,249.2,443.3,637.6,30.17,0.03297,476.8,0.8,0.7659,0.5595,0.55,0.7,0.09644,0.2322,0.55,0.1252,594.4,870.3,30.91,0.8,799.2,2.44,316.7,0.3063
66,child8,child,107.8374,21.000,0.000,21.000,167.000,-11.000,-186.367,1.351,2446.000,28.707,60.800,1741,2569,125.8,99.62,4.043,1.073,1.148,1.5,13.14,0.01214,12.5,8.029,16.72,1.2,10.16,0.2025,32.94,13.82,13.43,2.384,0.3668,1912,171.1,5.767,180.2,2.92,2.081,46.54,104.6,12.53,4.627,128.8,478.1,64.12,5.322,0.7411,214.9,48.36,364.9,512,641,29.43,0.03626,548.1,0.7454,0.6487,0.6349,0.5118,0.7,0.1157,0.1996,0.602,0.1537,321.4,1010,39.4,0.8,800,3.016,375.8,0.3021
66,child9,child,16.8740,8.000,0.000,8.000,35.000,6.000,-6.483,-1.408,1925.000,14.507,42.917,1231,2800,112.1,105.9,4.405,0.853,1.087,1.5,10,0.01705,11.26,8.414,20.73,1.033,7.507,0.1705,29.09,18.14,17.06,2.184,0.5908,1645,173.7,6,173.5,2.897,2.261,36.75,88.36,14.68,4.172,153.7,356.6,74.82,3.984,0.7198,174.9,56.57,276.1,540.6,704.5,33.32,0.0393,512.2,0.6492,0.6372,0.7613,0.5368,0.7,0.1042,0.2158,0.5275,0.1442,476.7,879.5,40.85,0.8,800,2.623,325.6,0.3471
66,child10,child,150.1292,34.000,0.000,34.000,183.000,12.000,74.333,0.014,3871.000,27.360,58.183,1282,2800,118.7,104.3,3.87,0.8,1.178,1.5,10,0.01351,12.74,10.02,19.09,1.274,8.158,0.1787,35.34,14.43,12.84,2.114,0.4502,1571,189.2,5.332,212.4,3,1.781,42.63,103.9,14.07,4.444,106.6,475.5,82.97,4.066,0.8423,201.5,43.45,318.8,476.8,518.5,39.54,0.03494,591.2,0.7214,0.6874,0.5467,0.5014,0.7764,0.09557,0.2237,0.5839,0.1227,484.5,956.9,39.43,0.7333,760.2,2.226,400,0.3089
66,child11,child,184.0171,39.000,1.000,38.000,219.000,29.000,220.350,1.216,4147.000,25.860,62.417,1202,2800,113.8,120,4.222,0.8368,1.08,1.5,10,0.01294,12.37,9.963,19.32,1.02,7.647,0.2144,38.64,15.99,15.69,1.969,0.4426,1601,204.1,6,201.7,2.399,2.088,36.28,114,17.3,3.994,129.4,455.9,89.05,5.012,0.8694,217.3,61.02,247.3,463.3,714,35.73,0.03966,465.1,0.6861,0.5885,0.7154,0.4746,0.7261,0.1084,0.286,0.5194,0.1356,381.9,735.4,33.41,0.8,690.4,2.487,314.6,0.3629
66,child12,child,149.6291,30.000,0.000,30.000,204.000,17.000,355.233,0.126,4212.000,29.367,78.817,1635,2800,118.7,120,3.181,0.8766,1.2,1.478,10,0.01548,10.9,8.374,19.78,1.123,7.128,0.1842,36.3,15.26,16.74,2.228,0.3704,1636,209.5,6,188.7,2.84,1.919,36.73,101.9,13.79,3.667,147.6,590.4,72.17,4.711,0.6682,190.9,59.44,253.7,559.2,559.2,32.84,0.03712,512.9,0.6631,0.5905,0.6107,0.473,0.7472,0.1174,0.2481,0.5604,0.1555,378.3,866.2,29.63,0.6835,800,2.748,392.4,0.3537
66,child13,child,79.2123,16.000,1.000,15.000,107.000,27.000,245.217,1.995,2287.000,31.260,45.933,1619,2425,117.5,120,4.06,1.017,1.2,1.296,10,0.01111,9.476,8.923,22.1,1.143,9.516,0.2052,44.44,19.26,14.79,1.676,0.4651,1149,224.2,5.969,121.9,3,1.913,38.07,109.1,12.87,4.838,146.6,505.1,57.78,4.392,0.6442,251.2,60.18,239.8,370.7,641.7,35.74,0.02763,501,0.7524,0.5415,0.6359,0.4414,0.7115,0.1041,0.2069,0.6651,0.1552,458.6,767.9,40.09,0.8,800,2.401,400,0.3782
66,child14,child,106.0111,28.000,1.000,27.000,129.000,-4.000,23.317,0.612,3233.000,23.527,47.783,1469,2416,106.1,120,3.654,0.863,1.151,1.464,12.34,0.01584,15.53,8.448,14.13,1.021,9.353,0.1715,36.03,16.35,16.39,2.203,0.4521,1753,218.3,6,173,2.831,1.761,39.12,106.5,11.79,3.879,132.5,509.1,83.65,4.77,0.6867,198.4,67.82,267,571.9,636.3,31.2,0.036,519.1,0.7596,0.615,0.6062,0.6005,0.7317,0.09678,0.2239,0.5053,0.1148,333.9,735.5,35.45,0.8,762,2.654,362.4,0.3349
66,child15,child,61.7817,19.000,0.000,19.000,86.000,-4.000,27.500,1.189,2894.000,28.647,67.583,1947,2090,129.1,120,4.453,0.8,0.8602,1.5,10.43,0.01383,11.07,8.818,18.67,1.068,8.285,0.2222,39.95,15.54,13.57,1.91,0.4159,1366,192.8,6,163.4,2.468,2.243,37.09,108.4,15.49,4.09,132.3,522.4,77.96,3.808,0.6792,246.5,66.78,277.9,459.2,485.7,38.9,0.02923,563,0.6719,0.6413,0.6134,0.5049,0.71,0.09801,0.24,0.545,0.1377,433.8,783.9,36.4,0.6231,728.2,3.036,357.1,0.3955
67,parent,parent,181.1417,36.000,0.000,36.000,236.000,11.000,101.033,2.191,4283.000,23.760,49.683,1654,2800,124.6,120,4.022,0.9275,1.2,1.5,10.01,0.0137,11.94,9.063,18.52,1.079,8.923,0.2012,33.26,15.68,14.68,2.01,0.4032,1578,211.2,6,184.9,3,2.1,40.22,104.6,13.74,4.315,132.2,467.7,78.59,4.386,0.7269,208.8,54.2,270.1,486.2,607,33.48,0.03393,531.1,0.7014,0.6287,0.6267,0.5458,0.7158,0.1031,0.221,0.5512,0.1484,427.5,829.8,35.16,0.8,800,2.618,375.9,0.3342
67,child0,child,67.5594,22.000,2.000,20.000,99.000,-31.000,-364.433,1.648,1923.000,29.927,70.533,1752,2800,110.5,120,3.948,0.8341,1.164,1.44,10.71,0.01397,10.87,8.34,18.91,1.226,10.1,0.2423,36.95,15.26,16.39,1.77,0.3506,1641,208.9,6,151.4,2.841,2.077,44.61,107.6,14.89,2.972,137.7,416.9,68.82,4.071,0.7876,208.4,56.58,237.8,465.6,727.2,36.56,0.04278,600,0.6229,0.6792,0.6905,0.5497,0.7439,0.1175,0.2376,0.5752,0.1361,409.7,795.2,29.72,0.8,784.5,2.871,400,0.3539
67,child1,child,145.1308,30.000,2.000,28.000,199.000,23.000,198.300,1.057,3933.000,25.420,55.917,1710,2659,148.7,114.3,4.564,0.8981,1.2,1.315,10.2,0.01256,12.56,10.13,22.39,1.157,8.026,0.2058,30.72,19,14.53,2.024,0.3866,1532,233.5,6,184.6,2.763,2.5,38.1,110.7,15.09,4.466,154.4,535.6,86.48,5.54,0.8111,174.9,62.98,357,463.5,480.9,35.16,0.03035,588.8,0.7245,0.7185,0.6561,0.6865,0.7,0.09723,0.2177,0.5052,0.1566,398.9,786,38.77,0.8,744.8,2.668,288,0.3818
67,child2,child,81.6758,19.000,0.000,19.000,131.000,-4.000,-28.250,0.956,3142.000,21.507,63.667,1469,2527,123.1,120,3.857,0.9896,1.042,1.409,10,0.0162,14.06,9.857,19.69,0.9781,9.204,0.2092,27.54,13.92,14.47,2.17,0.4426,1576,242.2,6,238.3,3,2.291,42,112.6,14.64,4.071,187.8,387.9,77.41,5.094,0.5584,242,51.75,284.7,474.8,677.9,35.74,0.03648,600,0.8,0.7433,0.6308,0.6679,0.7,0.1047,0.1947,0.6565,0.1322,517.7,839.2,27.98,0.7935,800,2.445,355.4,0.3325
67,child3,child,129.7341,33.000,0.000,33.000,151.000,24.000,88.150,0.960,4409.000,22.887,54.300,1636,2433,122.9,120,4.106,1.063,1.2,1.5,11.36,0.01341,12.24,9.784,21.62,0.8077,6.877,0.1715,34.94,13.94,16.17,1.989,0.4488,1838,220.7,6,188.6,2.73,1.805,35.12,104.5,14.04,4.239,135.2,398.5,89.85,5.519,0.6371,203.2,53.31,236.5,544.7,646.8,33.11,0.04224,511,0.6705,0.6202,0.5953,0.5407,0.7,0.09378,0.2462,0.6401,0.1494,435.2,843.2,41.6,0.8,800,2.356,357.6,0.2906
67,child4,child,106.2566,22.000,1.000,21.000,136.000,27.000,160.733,1.904,2550.000,29.167,58.933,1842,2800,118.2,120,3.574,0.8491,1.16,1.5,10.13,0.01511,12.09,10.93,18.13,1.291,7.442,0.204,31.66,16.15,14.26,1.848,0.4635,1676,265.7,5.947,209.4,3,2.042,46.86,115.4,11.73,3.866,130,595.2,70.83,4.547,0.758,267.6,42.68,266.5,397.1,620.4,37.33,0.02647,565.6,0.7982,0.7024,0.7013,0.5386,0.7,0.09203,0.2175,0.6389,0.1614,395.1,630,33.81,0.8,752.5,2.228,303,0.3701
67,child5,child,125.0348,26.000,0.000,26.000,169.000,20.000,87.850,1.158,3546.000,26.360,57.050,1406,2699,116,119.9,3.759,0.8941,1.152,1.5,10,0.0132,12.48,8.093,22.66,0.9076,9.098,0.2105,36.38,17.28,13.25,1.751,0.3841,1938,226.6,6,174.2,2.588,2.5,39.93,99.08,16.4,4.831,120.9,384.5,69.94,3.896,0.8226,182.9,48.79,322.1,439.8,499.2,27.82,0.03018,600,0.646,0.8096,0.5528,0.6156,0.7246,0.1212,0.2356,0.5989,0.1546,431.1,752.7,42.45,0.8,766,2.511,400,0.309
67,child6,child,76.1034,17.000,0.000,17.000,108.000,-11.000,-64.200,1.450,1808.000,22.693,57.883,2200,2800,112.8,109.3,3.761,0.8666,1.2,1.5,10,0.01316,13.24,8.717,13.65,1.075,9.601,0.2032,28.77,19.49,13.23,1.989,0.4251,1564,240.8,6,197.1,2.74,2.283,40.89,119.7,14.85,3.819,141,370.6,82.26,4.001,0.6819,218.9,53.89,260.7,521.2,572.6,26.05,0.03724,600,0.6114,0.6613,0.6082,0.4668,0.7,0.08944,0.2805,0.5002,0.1135,423.4,958.3,34.36,0.7945,800,2.675,260.6,0.3992
67,child7,child,156.9289,32.000,0.000,32.000,210.000,21.000,136.183,0.708,4156.000,32.087,65.800,1470,2800,111.7,120,4.306,0.8377,1.178,1.278,10,0.01096,10.83,10.07,14.7,1.002,9.469,0.1984,32.22,15.32,15.19,2.563,0.39,1758,214.9,6,220.3,2.873,1.84,40.45,99.43,11.87,3.313,153.9,511.8,71,4.173,0.7842,236.3,50.62,232.2,486.3,689.8,27.35,0.02569,518.2,0.7235,0.6474,0.5812,0.4633,0.7051,0.106,0.1916,0.5407,0.1458,470,805,31.63,0.7673,653.9,2.196,324.9,0.396
67,child8,child,169.9572,39.000,0.000,39.000,196.000,33.000,243.933,1.007,4911.000,27.100,52.050,1644,2729,157.8,120,3.781,0.8733,1.022,1.5,11.06,0.01568,10.32,7.265,18.02,1.039,7.758,0.1788,35.08,16.36,13.81,2.09,0.3959,1332,255.1,6,164.1,3,2.139,38.21,114.4,16.34,4.027,153.4,546.1,85.88,4.168,0.6082,217.9,46.76,314.5,479.2,564.5,34.6,0.03155,440.6,0.7304,0.6096,0.6265,0.6841,0.7318,0.1046,0.2616,0.5542,0.157,419.1,802,34.76,0.8,777.9,2.786,392.6,0.3792
67,child9,child,140.9336,28.000,1.000,27.000,195.000,19.000,225.500,0.399,3695.000,26.693,64.567,1597,2800,129.7,111.9,3.85,0.9506,1.2,1.5,10.31,0.01222,10.9,9.328,17.97,1.172,9.417,0.2028,34.67,18.33,14.27,2.258,0.3899,1479,205.9,6,154.1,3,2.192,41.99,116.2,13.83,4.906,140.9,517.6,80.7,5.095,0.8756,179.9,43.5,355.4,582.5,635,30.24,0.03019,542.9,0.7929,0.6911,0.6818,0.4857,0.9261,0.1092,0.2445,0.5085,0.1347,324.5,770.5,28.07,0.7962,772.2,2.82,348.7,0.3625
67,child10,child,55.7931,15.000,0.000,15.000,85.000,0.000,-87.367,1.756,2101.000,25.960,72.317,2168,2547,137.4,116.4,3.416,0.9474,1.039,1.358,10.11,0.0128,12.29,8.597,19.41,0.946,8.951,0.2185,37.75,13.27,17.75,2.319,0.4244,1543,223.9,6,230.2,2.501,2.5,41.53,113.3,12.78,4.578,134.3,483.9,66.22,5.061,0.8337,197.8,47.99,262.8,465.1,609.8,38.29,0.03261,481.6,0.708,0.6092,0.6252,0.583,0.7,0.1166,0.2118,0.6863,0.1617,456.4,816,32.85,0.8,800,2.701,334.8,0.2988
67,child11,child,133.3982,28.000,0.000,28.000,184.000,17.000,68.917,0.322,3792.000,25.593,70.617,1782,2800,131.7,108.3,3.678,0.8,1.2,1.267,10,0.01578,11.22,9.634,20.61,1.063,9.607,0.1875,37.16,16.16,13,2.078,0.3418,1565,181.9,5.986,189.6,3,1.911,40.47,96.32,11.23,4.862,106.6,585.9,76.28,4.954,0.6529,189.5,58.22,346.4,495.3,550.4,34.86,0.03509,503.8,0.7528,0.5835,0.627,0.4777,0.7,0.1178,0.1794,0.6856,0.1275,391.3,847.4,28.74,0.8,724.9,2.685,400,0.3081
67,child12,child,162.0850,32.000,0.000,32.000,208.000,30.000,226.667,0.650,4033.000,31.367,53.067,1742,2800,121.1,110.6,3.844,0.9271,1.2,1.5,10.6,0.01275,11.9,9.076,19.91,1.155,7.205,0.2187,28.26,20.42,16.76,2.098,0.4241,1598,186.1,6,201.8,3,2.281,33.09,93.98,15.48,4.726,123.3,451.7,64.14,3.985,0.7049,199.3,53.76,349.1,464.7,599.6,32.22,0.03215,472.4,0.604,0.7101,0.6337,0.6167,0.7,0.1003,0.2102,0.5833,0.158,427.1,907.8,33.57,0.8,800,2.828,400,0.2868
67,child13,child,13.8311,7.000,1.000,6.000,42.000,-8.000,51.700,2.108,1631.000,26.120,67.350,1445,2396,104.1,120,3.375,0.9282,1.029,1.5,11.23,0.0143,14.54,8.975,20.96,1.09,8.502,0.2077,35.12,16.08,14.67,2.05,0.3692,1600,261.8,6,173.2,2.514,2.22,43.77,114.1,12.66,3.677,132.1,475.7,71.41,4.727,0.6219,209.7,58.17,251.2,410.7,634.2,29.82,0.03317,583.5,0.6097,0.6372,0.5841,0.5169,0.9055,0.09193,0.2175,0.5821,0.1526,443,806.3,33.09,0.8,800,2.37,371.1,0.3521
67,child14,child,104.9194,31.000,2.000,29.000,151.000,-30.000,-59.967,0.316,4196.000,26.593,59.200,1565,2800,150.5,120,4.114,0.8947,1.197,1.5,10,0.01245,15.53,10.28,19.19,1.367,10.23,0.1732,25.16,17.87,13.14,2.133,0.5238,1800,235.3,6,204.2,3,1.847,34.32,109.3,13.2,3.942,101.2,455.5,90,4.228,0.7038,224.2,49.26,254,518.6,629.5,29.12,0.03553,575.5,0.681,0.6703,0.6109,0.4623,0.7,0.09565,0.2338,0.5011,0.1302,446.3,740,37.9,0.5852,800,2.73,367.5,0.384
67,child15,child,89.7896,23.000,0.000,23.000,127.000,3.000,39.850,0.409,3464.000,25.220,71.500,1769,2119,112.2,120,4.766,0.8387,1.181,1.403,10.83,0.015,12.07,9.363,19.02,1.105,8.12,0.2231,32.15,12.57,13.99,2.033,0.3712,1545,212.7,6,183,2.608,1.556,49.1,98.29,13.09,5.21,135,445.6,79.08,4.708,0.6437,255,74.23,319,516.6,601.5,34.11,0.0322,600,0.6096,0.5683,0.5546,0.5007,0.9095,0.1062,0.2167,0.4994,0.1369,459.4,774.6,41.45,0.8,738.4,3.246,400,0.3195
68,parent,parent,216.9473,44.000,0.000,44.000,255.000,51.000,273.750,0.808,4893.000,28.867,68.150,1654,2800,124.6,120,4.022,0.9275,1.2,1.5,10.01,0.0137,11.94,9.063,18.52,1.079,8.923,0.2012,33.26,15.68,14.68,2.01,0.4032,1578,211.2,6,184.9,3,2.1,40.22,104.6,13.74,4.315,132.2,467.7,78.59,4.386,0.7269,208.8,54.2,270.1,486.2,607,33.48,0.03393,531.1,0.7014,0.6287,0.6267,0.5458,0.7158,0.1031,0.221,0.5512,0.1484,427.5,829.8,35.16,0.8,800,2.618,375.9,0.3342
68,child0,child,97.9221,23.000,1.000,22.000,120.000,29.000,221.100,1.164,2990.000,29.587,60.233,1321,2672,149,107.8,3.117,0.9855,1.033,1.5,10,0.01334,10.01,9.71,17.99,1.101,7.512,0.151,28.89,18.92,14.97,1.812,0.4416,1679,234.4,4.362,178.9,3,2.036,35.73,118.2,14.01,3.818,147.1,419.9,65.59,4.21,0.7711,237.4,56.79,284.2,537,602.1,36.49,0.02882,555.6,0.6247,0.6262,0.7127,0.5991,0.7184,0.09877,0.17,0.5175,0.136,403.1,863.8,32.18,0.8,773.9,2.545,397.9,0.4048
68,child1,child,-20.4281,0.000,0.000,0.000,-3.000,-2.000,-14.700,-2.524,1209.000,7.787,41.033,1749,2800,120,116.7,4.296,1.076,1.2,1.5,10.78,0.01454,12.57,9.756,14.29,1.116,7.163,0.2123,35.08,17.19,14.19,2.399,0.3547,1739,243.1,5.025,201.2,3,1.903,36.63,90.77,15.03,4.14,112.9,491.3,90,4.59,0.7128,203.1,69.64,293.9,438,637.3,32.15,0.03959,421.9,0.5712,0.5355,0.6274,0.5906,0.8183,0.09174,0.2018,0.6471,0.1424,400.6,835,36.08,0.7882,593.6,2.249,400,0.3361
68,child2,child,-9.8934,1.000,0.000,1.000,15.000,9.000,99.817,-4.258,1603.000,14.240,46.067,1743,2402,125.1,120,3.243,0.8259,1.153,1.385,10.07,0.01205,10.17,9.105,25.44,1.179,8.265,0.1774,33.29,15.34,12.6,2.244,0.3692,1252,160.9,5.604,217.3,3,2.194,35.1,77.38,11.79,3.588,133.9,424.8,80.52,4.057,0.7098,239.2,58.94,311.4,405.4,492,31.15,0.03032,568.1,0.6001,0.5,0.5974,0.4821,0.7383,0.1085,0.2347,0.5491,0.1236,416.7,812,29.1,0.8,707.3,2.698,315.6,0.3394
68,child3,child,149.8803,31.000,0.000,31.000,193.000,18.000,138.533,-0.739,3724.000,25.460,58.350,1995,2487,156.8,120,3.755,0.974,1.2,1.5,11.14,0.01853,12.54,7.985,18.28,1.014,10.5,0.1832,27.22,14.67,13.77,1.885,0.4064,1541,174.9,5.855,217.1,3,1.753,53.23,116.3,11.88,4.229,163.3,491.8,90,4.749,0.8807,215,56.42,260.6,536.3,657.7,36.72,0.02932,510.9,0.6674,0.6157,0.6634,0.53,0.734,0.0806,0.1814,0.5118,0.1373,479.9,722.7,37.47,0.7941,800,2.507,396.1,0.3496
68,child4,child,170.3100,32.000,1.000,31.000,237.000,29.000,271.033,0.687,4349.000,28.093,64.550,1661,2800,128.7,120,5.072,0.883,0.9428,1.5,10,0.01109,11.5,10.48,20.1,1.109,9.27,0.2472,35.66,16.56,14.44,1.587,0.4465,1385,215.4,5.375,181.4,3,2.109,30.56,113.1,12.1,3.938,124.4,519.9,86.18,4.597,0.5362,188.8,58.98,244,523.3,531.4,36.58,0.0315,552.4,0.7533,0.7492,0.5384,0.5775,0.7,0.09805,0.2097,0.5052,0.1534,382.3,794.5,33.09,0.8,800,2.844,310.9,0.2795
68,child5,child,124.0319,25.000,0.000,25.000,155.000,36.000,230.317,0.826,3300.000,27.127,49.750,1497,2553,114.5,110.9,3.785,0.963,1.085,1.246,10,0.01218,11.61,10.21,16.68,0.9211,8.943,0.2211,33.22,15.28,13.66,1.992,0.4073,1508,189.1,5.791,187.6,2.886,2.066,41.21,113.6,12.66,2.966,114,521.7,84.63,4.536,0.7257,197.6,43.06,269,375.3,766.1,38.2,0.03077,565.8,0.8,0.6762,0.6393,0.4947,0.7,0.09817,0.2254,0.4682,0.164,427.5,937.6,32.68,0.725,644.3,2.561,352.2,0.3315
68,child6,child,160.4881,35.000,0.000,35.000,186.000,23.000,213.883,0.068,3882.000,24.987,51.050,1521,2502,130.3,120,4.695,0.8005,1.2,1.5,10,0.01171,13.29,9.313,18.3,1.223,7.793,0.1725,33.24,16.07,15.92,1.621,0.3687,1626,178.9,5.894,174.4,3,1.882,45.82,99.52,11.45,3.84,115.3,499,83.9,4.07,0.6736,176.6,53.28,245.2,417.4,631.9,28.7,0.03617,530.1,0.6193,0.6775,0.6084,0.4682,0.7923,0.09874,0.2624,0.5295,0.1238,365.6,927.9,33.4,0.7507,800,2.669,392.1,0.2615
68,child7,child,93.8959,25.000,3.000,22.000,142.000,-1.000,13.467,1.334,3539.000,27.073,57.433,2060,2800,130.1,113.5,4.805,0.9773,1.09,1.5,10,0.01273,11.17,8.837,17.42,1.122,9.65,0.2001,37.98,15.61,15.8,2.275,0.3983,1673,257.2,6,197,3,2.5,46.3,116.7,16.12,4.191,104.3,506.4,80.95,3.636,0.7574,235.7,57.07,290.7,623.9,718.7,34.02,0.03376,600,0.7235,0.5939,0.6121,0.4266,0.7,0.1299,0.2996,0.5327,0.154,474.9,735.1,31.61,0.7865,736,2.125,355.9,0.3101
68,child8,child,93.3910,26.000,5.000,21.000,118.000,29.000,135.033,2.162,2960.000,30.107,55.800,1245,2800,138.8,116.3,3.83,1.274,1.117,1.5,10,0.01621,11.5,10.49,18.7,1.124,9.648,0.1854,31.4,16.02,16.1,2.382,0.4285,1614,243.1,5.756,167.7,2.575,2.04,40.7,114,13.75,4.655,137.7,417.2,68.94,3.504,0.8272,236.8,56.63,341.3,544,563,36.78,0.03057,547,0.6946,0.5924,0.6395,0.54,0.7,0.09584,0.256,0.6287,0.164,384,858.9,33.18,0.7171,697.4,2.516,306.1,0.3551
68,child9,child,42.7040,22.000,5.000,17.000,66.000,-23.000,-313.867,1.309,2205.000,27.747,62.483,1520,2800,130.6,111.9,3.757,1.041,1.171,1.309,11.77,0.01049,10.91,9.851,19.61,1.173,7.479,0.1966,31.69,13.49,13.2,1.95,0.4252,1630,213,5.755,175.8,2.93,1.946,43.29,116.4,14.03,5.05,159.1,391.5,76.31,4.757,0.6869,198,49.97,210.8,542.8,622.6,44.51,0.03671,489.2,0.5536,0.5966,0.6292,0.6053,0.8418,0.09438,0.207,0.5035,0.1445,414.7,796.2,37.66,0.7933,672.9,2.457,387.8,0.3528
68,child10,child,-13.6233,1.000,0.000,1.000,9.000,-10.000,-3.017,-2.519,1276.000,8.087,42.350,1586,2731,110.8,99.78,3.734,0.9929,1.041,1.404,10,0.01097,11.69,7.895,20.56,1.078,8.053,0.2213,32.98,14.24,12.52,2.101,0.4037,1461,222.9,6,199.1,2.58,1.902,43.34,90.55,15.63,4.781,156.9,481.7,90,4.208,0.672,226.4,44.67,299.9,471.3,570.6,32.01,0.03127,471.9,0.682,0.6115,0.738,0.5231,0.942,0.1066,0.2176,0.4943,0.1468,518.5,900.4,37.4,0.8,800,2.545,310,0.4065
68,child11,child,90.4893,19.000,0.000,19.000,123.000,24.000,105.717,1.211,2743.000,29.207,51.800,1652,2315,105.4,107.1,4.793,1.094,1.2,1.5,10,0.0126,9.456,8.534,17.37,0.8111,8.917,0.2159,38.67,17.11,13.5,1.855,0.4196,1633,255.8,6,191.9,3,1.561,39,96.69,12.33,4.387,140.2,399.1,67.03,4.433,0.6027,193.7,63.52,244.4,403.8,633.5,44.44,0.0334,554.2,0.7975,0.7093,0.6791,0.666,0.7552,0.1276,0.193,0.5207,0.1668,440.6,852.6,41.3,0.8,742.4,2.752,400,0.3353
68,child12,child,92.8099,26.000,2.000,24.000,126.000,12.000,131.167,0.727,3769.000,33.653,65.217,1632,2514,125.1,99.44,4.965,1.008,1.127,1.263,10,0.01366,10.27,8.245,17.12,0.9926,8.189,0.1779,31.35,14.35,17.57,1.59,0.4756,1882,194.9,5.395,174.9,2.27,2.477,31.26,120,16.63,3.857,155.4,442.4,85.53,4.003,0.7571,187.6,59.88,330.9,539.4,641.4,33.46,0.0326,518.9,0.7539,0.7385,0.7004,0.4708,0.7,0.08567,0.2234,0.4957,0.1709,472.1,791.2,37.28,0.8,800,2.834,400,0.2929
68,child13,child,124.2920,29.000,1.000,28.000,157.000,28.000,307.950,0.501,4148.000,30.460,56.917,1520,2800,107,120,3.488,1.044,1.194,1.5,10,0.01282,10.21,8.938,17.48,0.7595,6.868,0.2037,29.3,13.08,14.83,1.712,0.3185,1412,211.9,5.68,167.2,3,2.065,45.1,102.5,12.98,4.418,122.7,452.2,72.89,4.659,0.822,211.1,60.12,267.4,469.1,649.9,31.77,0.03399,547.8,0.721,0.6353,0.5766,0.5169,0.7,0.1066,0.2459,0.5196,0.1478,445.7,825.8,37.93,0.8,768.1,2.691,325.6,0.3356
68,child14,child,-9.9900,5.000,2.000,3.000,19.000,-13.000,-69.533,-1.873,1847.000,13.927,37.000,1606,2800,107.5,116.6,4.432,0.934,1.085,1.5,10,0.01302,11.09,10.55,19.64,1.135,9.231,0.1715,34.3,15.53,14.1,1.764,0.402,1512,217.9,4.418,207.2,3,1.768,49.47,104.5,15.02,4.287,143.2,437.9,90,4.371,0.8436,208.3,50.55,285.8,514.1,697.4,36.6,0.03674,536.2,0.8,0.7766,0.702,0.5111,0.845,0.1033,0.2354,0.582,0.1394,466.1,664.9,36.94,0.8,800,2.528,331.5,0.3172
68,child15,child,186.4512,34.000,0.000,34.000,241.000,35.000,319.833,0.651,3959.000,25.660,76.150,1835,2743,100.3,101.7,3.669,0.9037,1.2,1.443,10,0.01652,12.38,9.895,17.67,1.384,10.03,0.1918,37.97,15.72,16.83,1.763,0.3863,1659,156.7,5.726,197.7,2.414,2.005,50.59,105.8,16.44,3.797,126.2,444.7,77.33,4.796,0.794,189.8,54.26,256,533.5,647.2,28.49,0.03049,494.2,0.662,0.6382,0.635,0.5589,0.7,0.1177,0.1853,0.5598,0.1498,376,920.6,34.58,0.746,760.4,2.298,395.4,0.3464
69,parent,parent,180.0311,35.000,0.000,35.000,235.000,16.000,150.650,0.660,3993.000,24.700,66.117,1654,2800,124.6,120,4.022,0.9275,1.2,1.5,10.01,0.0137,11.94,9.063,18.52,1.079,8.923,0.2012,33.26,15.68,14.68,2.01,0.4032,1578,211.2,6,184.9,3,2.1,40.22,104.6,13.74,4.315,132.2,467.7,78.59,4.386,0.7269,208.8,54.2,270.1,486.2,607,33.48,0.03393,531.1,0.7014,0.6287,0.6267,0.5458,0.7158,0.1031,0.221,0.5512,0.1484,427.5,829.8,35.16,0.8,800,2.618,375.9,0.3342
69,child0,child,-12.1313,0.000,0.000,0.000,9.000,-1.000,82.150,-1.718,1215.000,8.087,42.567,1570,2303,125.3,120,3.755,0.8,0.9203,1.5,10,0.01767,12.91,7.542,19.15,1.305,9.706,0.2357,39.1,13.83,13.36,2.08,0.3967,1690,204.6,5.775,152.5,3,2.063,40.37,89.18,12.72,4.406,123.3,498.8,85.65,3.851,0.6819,219.9,65.33,383.3,406.8,489.6,34.53,0.03117,452.8,0.8,0.5513,0.777,0.6562,0.7,0.1009,0.2137,0.6759,0.1272,332.4,814.5,37.7,0.7241,730.1,2.726,400,0.2557
69,child1,child,173.0866,40.000,0.000,40.000,192.000,31.000,259.083,0.893,4739.000,24.833,48.683,1697,2433,128.2,94.52,4.452,0.9297,1.2,1.5,10,0.01589,13.09,9.431,19.05,1.174,7.374,0.2113,32.42,13.8,16.97,2.017,0.3796,1301,205.9,5.118,186.5,3,1.936,38.69,111.7,12.33,4.216,162.6,596.7,90,5.13,0.7001,181.9,53.55,346.4,401.4,603.8,37.05,0.0276,537.8,0.6426,0.5596,0.6721,0.5658,0.7,0.1189,0.2431,0.6691,0.1527,509.6,1007,38.53,0.7948,800,2.395,292.2,0.2978
69,child2,child,64.3052,13.000,2.000,11.000,96.000,37.000,408.200,0.896,2295.000,29.053,68.517,1494,2551,95.23,120,3.284,0.8891,0.9881,1.5,10.45,0.01659,11.74,9.241,17.98,1.122,8.757,0.2008,33.69,13.76,15.29,1.988,0.3767,1449,196.7,5.207,217.3,2.747,2.166,44.35,105,16.39,4.087,149.4,501.5,60.26,3.922,0.6742,234.2,45.48,300.5,490.5,611.5,33.98,0.03253,494.8,0.6712,0.5842,0.676,0.7753,0.7,0.1138,0.2063,0.5128,0.1821,380.9,746.9,30.98,0.8,773.9,2.635,360.3,0.3499
69,child3,child,107.8692,25.000,0.000,25.000,149.000,5.000,97.133,-0.547,3410.000,24.367,77.633,1795,2621,124.3,120,4.256,0.8634,1.126,1.456,10,0.0192,12.69,9.067,22.33,0.9943,9.179,0.2229,36.44,16.1,16.62,1.734,0.3665,1615,233.1,6,207.2,3,1.925,38.71,107.9,13.36,4.003,139.4,521.7,75.9,4.4,0.6641,221.8,59.23,388,452.3,706.5,34.35,0.03493,478.3,0.8,0.658,0.5425,0.5387,0.7739,0.111,0.2161,0.5082,0.1251,368.8,829.4,39.91,0.6917,711.9,3.001,307.6,0.3518
69,child4,child,22.3641,10.000,1.000,9.000,40.000,6.000,98.233,-1.514,2119.000,12.553,45.983,1643,2800,120.1,116.4,4.208,0.8291,1.193,1.425,11.5,0.01394,15.09,9.568,15.81,1.108,8.389,0.1756,42.13,14.61,17.06,1.816,0.4265,1836,213,6,187.7,2.492,1.897,41.88,101,12.7,4.054,128.7,456.5,85.3,3.704,0.7789,226.3,50.47,241.5,416.9,650,34.96,0.03466,528.5,0.7592,0.5203,0.6362,0.4813,0.8213,0.1014,0.2338,0.4868,0.1257,441.8,740.7,30.06,0.8,800,2.785,400,0.3418
69,child5,child,68.2670,18.000,2.000,16.000,82.000,18.000,105.100,2.569,1917.000,24.480,61.017,2200,2800,147.5,120,4.444,0.8791,1.166,1.5,10.23,0.0127,11.44,8.784,20.46,1.246,8.071,0.2334,50.05,16.07,15.45,1.958,0.3996,2000,215.9,6,150.8,3,1.989,44.17,120,15.62,5.472,130.1,465.9,74.65,4.597,0.821,242.7,54.26,242.4,431,582.6,32.06,0.04626,438.3,0.7753,0.716,0.5818,0.5519,0.816,0.1083,0.2075,0.5753,0.1486,413.2,902.3,31.6,0.7679,800,2.623,400,0.2925
69,child6,child,-10.0681,0.000,0.000,0.000,17.000,3.000,40.183,-1.756,1352.000,12.507,43.233,1686,2439,123.5,115.8,3.58,1.043,1.004,1.182,11.61,0.01468,14.43,9.512,21.05,1.172,9.703,0.2354,33.21,13.96,13.38,2.396,0.4503,1503,198.4,6,200,2.905,2.319,34.33,90.23,13.92,4.472,132.5,392,90,4.062,0.7396,242.4,64.47,282.1,455.2,575.5,32.74,0.03464,600,0.6033,0.6174,0.674,0.5292,0.7084,0.1031,0.2338,0.5263,0.1527,444.1,923.2,36.11,0.8,747.2,2.056,400,0.3489
69,child7,child,-0.9272,4.000,0.000,4.000,18.000,-7.000,-56.250,-2.174,1390.000,7.120,37.033,1619,2800,115.4,120,4.815,1.084,1.2,1.5,12.25,0.01334,11.17,11.54,14.96,0.8519,8.511,0.1683,32.86,12.3,17.35,2.09,0.3895,1789,234.8,5.821,164.9,3,2.105,34.46,99.06,15.75,3.961,119.2,411.8,90,4.015,0.5471,177.7,60.89,295.6,499.1,711,37.59,0.02907,547.9,0.7282,0.5097,0.736,0.6468,0.7102,0.0964,0.2153,0.523,0.1722,454.1,878.7,33.49,0.8,772.6,2.139,390.1,0.3556
69,child8,child,80.1551,18.000,0.000,18.000,104.000,31.000,176.050,1.080,2796.000,30.107,51.350,1488,2151,107.7,86.62,3.561,0.8427,1.2,1.5,10,0.01284,10.6,9.06,14.66,1.08,8.277,0.1899,33.3,14.84,15.95,1.727,0.3766,1582,254.3,5.473,180,3,2.259,33.07,111.4,13.88,3.079,168.8,442,81.78,3.431,0.7356,174.9,51.12,264.3,585.6,593,30.91,0.03492,587.7,0.6918,0.5384,0.5821,0.5774,0.7102,0.1086,0.1972,0.7731,0.1671,414.2,719.8,34.73,0.8,800,2.281,351.8,0.2944
69,child9,child,139.3470,31.000,1.000,30.000,190.000,6.000,-5.150,0.365,3911.000,28.593,49.633,1761,2732,115.6,96.07,4.066,1.058,1.198,1.5,10.47,0.01577,12.42,8.934,21.84,1.174,9.987,0.2208,30.37,14.86,16.7,1.948,0.5092,2000,242.2,6,172.6,3,1.998,43.16,105.8,14.38,4.527,131.6,472.6,86.48,5.61,0.7947,217.1,51.38,267.5,493.1,704.5,31.62,0.03383,445.4,0.8,0.5971,0.6419,0.5291,0.7,0.1092,0.2083,0.4623,0.1372,567.5,867.4,35.68,0.7113,800,2.653,375.6,0.352
69,child10,child,151.3497,30.000,0.000,30.000,204.000,6.000,113.733,-0.475,3720.000,23.540,43.333,1499,2800,134.5,108.6,3.905,0.8,1.2,1.5,10,0.01374,11.5,8.159,17.89,1.169,8.378,0.1844,34.09,13.6,15.18,2.5,0.48,1657,200.4,6,191.8,2.762,1.808,45.16,105.2,11.96,3.515,109.4,453.1,85.91,4.893,0.8297,220.9,59.08,239.5,545.1,637.2,44.9,0.02977,511.1,0.6159,0.57,0.6679,0.5937,0.7877,0.09926,0.2155,0.499,0.114,351.3,838.7,34.6,0.8,800,2.011,345.3,0.3623
69,child11,child,62.9106,18.000,5.000,13.000,84.000,36.000,281.317,1.464,2209.000,28.727,66.850,1831,2800,108.2,107.6,3.311,1.003,1.2,1.452,10,0.01352,12.91,9.913,16.44,1.3,7.487,0.1951,41.42,14.53,14.27,2.532,0.3893,1592,212.8,5.491,187.9,2.894,2.206,36.2,120,14.74,4.939,115.8,403.7,72.62,3.794,0.7127,234,64.46,320.8,459.8,646.2,31.36,0.03868,600,0.6394,0.602,0.6867,0.6246,0.7,0.1119,0.2431,0.5284,0.1338,532.9,819.8,43.04,0.7303,788.9,2.269,353.4,0.3151
69,child12,child,77.1523,19.000,1.000,18.000,107.000,14.000,154.533,0.882,2578.000,32.960,76.033,1532,2766,94.85,119.9,4.67,0.9767,1.2,1.5,10,0.0136,12.8,10.56,16.93,0.9514,9.214,0.2201,33.01,14.57,13.85,2.244,0.4117,1325,203,4.472,183.5,2.715,2.127,34.04,113.2,12.01,3.807,123.8,520.3,56.89,4.135,0.8416,154.2,57.7,332.5,511.7,740.8,25.26,0.03439,557.6,0.6098,0.5787,0.8175,0.4593,0.9504,0.09883,0.2214,0.4988,0.1239,425.3,850.6,29.32,0.7453,800,2.233,331.7,0.3315
69,child13,child,-7.6047,0.000,1.000,-1.000,20.000,1.000,96.583,-2.337,1140.000,4.513,37.167,1647,2709,134.3,120,4.21,0.9421,1.157,1.491,10.82,0.01154,10.56,8.308,17.1,1.022,11.84,0.1999,33.61,16.17,16.07,2.217,0.4636,1490,236.3,5.604,156.4,3,2.5,46.91,94.9,15.66,4.56,132.5,409.4,86.79,4.797,0.8387,267.7,75.18,261.7,599.4,594.7,40.39,0.03547,569.1,0.8,0.6983,0.5602,0.504,0.8887,0.1181,0.2092,0.5413,0.1824,374.3,926.3,41.9,0.8,800,2.534,315.5,0.3377
69,child14,child,85.3863,17.000,0.000,17.000,119.000,24.000,284.667,0.520,2767.000,23.420,58.550,1602,2293,94.41,120,4.213,0.9345,1.2,1.5,10.34,0.01186,12.8,9.089,20.45,1.125,7.625,0.1997,29.12,14.98,12.88,2.005,0.5081,1786,217.9,6,189.9,2.536,1.979,37.98,112,14.4,4.511,124.7,441,76.68,5.854,0.8498,216.9,60.22,227.3,481.3,560,33.66,0.03807,541.9,0.7544,0.5489,0.5907,0.6647,0.7788,0.1113,0.2456,0.5678,0.1533,463.5,949.9,40.91,0.7765,800,2.519,388.1,0.3472
69,child15,child,153.0666,35.000,0.000,35.000,184.000,18.000,102.133,0.094,4039.000,25.213,67.117,1534,2726,129.1,113.1,3.939,0.8763,1.157,1.388,11.17,0.01314,11.61,7.825,19.09,1.168,8.834,0.1845,29.73,16.38,13.49,1.902,0.4134,1388,235.5,5.304,150.6,3,2.057,49.28,111.7,16.4,3.699,158.3,449.2,85.91,4.379,0.722,173.6,65.64,312.1,471.9,542.9,37.07,0.03521,553.9,0.8,0.5887,0.6363,0.4594,0.8289,0.09519,0.2257,0.566,0.1131,450,876.4,36.36,0.7842,673.7,2.525,286.6,0.2961
70,parent,parent,141.6387,24.000,0.000,24.000,216.000,9.000,163.100,0.159,3457.000,24.493,64.833,1654,2800,124.6,120,4.022,0.9275,1.2,1.5,10.01,0.0137,11.94,9.063,18.52,1.079,8.923,0.2012,33.26,15.68,14.68,2.01,0.4032,1578,211.2,6,184.9,3,2.1,40.22,104.6,13.74,4.315,132.2,467.7,78.59,4.386,0.7269,208.8,54.2,270.1,486.2,607,33.48,0.03393,531.1,0.7014,0.6287,0.6267,0.5458,0.7158,0.1031,0.221,0.5512,0.1484,427.5,829.8,35.16,0.8,800,2.618,375.9,0.3342
70,child0,child,163.3628,38.000,0.000,38.000,187.000,17.000,131.850,0.713,4163.000,27.707,61.300,1715,2800,131.5,108,4.351,0.9228,1.2,1.5,10.59,0.01727,10.52,8.937,21.27,0.9507,9.129,0.221,31.73,13.9,14.64,1.989,0.2941,1770,171.2,5.463,166.1,2.926,2.123,48.38,120,14.12,5.168,121.6,438.8,87.92,4.587,0.7438,232.4,48.62,300.5,525.4,577.4,26.05,0.02977,505.3,0.6601,0.6306,0.6807,0.4873,0.7,0.08125,0.1883,0.4726,0.1319,399.8,893.7,35.46,0.7385,800,2.196,379.5,0.2625
70,child1,child,118.6569,26.000,0.000,26.000,159.000,23.000,160.133,1.383,3769.000,26.740,69.733,1703,2635,137,110.2,3.738,1.099,1.2,1.254,10,0.01327,9.058,8.536,18.76,1.228,9.607,0.2287,38.26,18.15,16.29,1.862,0.402,1854,190.9,5.223,201.1,3,2.247,42.21,116.8,13.86,4.482,129.9,382.5,82.23,5.322,0.7207,256.7,55.01,292.3,370.9,586.5,32.37,0.03423,460.3,0.617,0.7717,0.6576,0.495,0.7972,0.1104,0.1993,0.6023,0.1391,397.5,931.1,35.2,0.8,800,3.046,400,0.2849
70,child2,child,151.0030,32.000,1.000,31.000,190.000,16.000,192.333,2.475,3745.000,25.047,53.267,1684,2432,122.5,113.6,4.469,1.018,1.2,1.5,12.61,0.0135,12.19,9.72,21.54,1.025,8.044,0.2349,35.69,15.18,12.88,2.057,0.3854,1604,244.1,6,176.7,3,1.953,34.33,91.71,16.34,4.057,114,514.9,67.84,4.237,0.7089,217.2,63.72,287.2,466.3,671.4,27.31,0.03566,432.5,0.7311,0.5416,0.6501,0.5166,0.7,0.08981,0.2281,0.4906,0.1353,293.2,762.9,35.01,0.7745,629.6,2.792,322.2,0.3851
70,child3,child,204.3751,35.000,0.000,35.000,270.000,48.000,328.417,-0.494,4434.000,28.813,43.250,1500,2800,122.4,110.8,3.494,0.8,1.2,1.384,12.79,0.01756,13.25,8.65,19.06,0.8735,8.632,0.1973,39.23,17.1,14.33,2.173,0.366,1576,213.1,5.668,195.2,3,2.005,38.64,99.4,12.88,5.018,125.5,425.2,77.04,4.845,0.6756,239.3,50.64,222.8,465.3,595.4,32.13,0.03255,542.1,0.7179,0.549,0.6613,0.5596,0.7,0.1078,0.197,0.6757,0.1353,381,766.2,44.37,0.8,726.8,2.343,356,0.3625
70,child4,child,144.0343,34.000,0.000,34.000,155.000,37.000,240.650,1.141,3792.000,26.727,76.567,1624,2651,113.3,120,5.077,1.093,1.081,1.5,11.64,0.01122,13.95,7.415,18.63,1.084,8.865,0.1963,30.44,16.22,16.51,1.979,0.337,1316,251.1,5.853,148.1,2.637,2.173,42.26,108.3,13.68,4.301,130.2,433.5,90,4.733,0.6955,231.7,50.32,275.2,480.9,895.4,41.01,0.03712,487.4,0.6584,0.5859,0.7466,0.6749,0.7,0.09718,0.2136,0.6181,0.1386,415.5,879.4,29.47,0.7903,656,2.823,400,0.3443
70,child5,child,67.2291,14.000,1.000,13.000,106.000,2.000,25.417,2.128,1881.000,24.980,54.350,1551,2800,122.1,109.4,5.407,0.8903,1.093,1.49,10,0.01404,9.92,8.841,16.23,0.9539,9.507,0.1952,29.19,16.15,13.6,1.661,0.4109,1498,186.2,6,181.1,3,1.636,44.84,120,11.22,4.592,130.8,513.7,75.67,4.143,0.6759,241,61.98,225.5,560.1,663.4,39.23,0.03663,488.1,0.6718,0.6543,0.7985,0.508,0.7,0.09402,0.2207,0.6509,0.1419,476.9,974.3,29.59,0.7245,771.1,2.507,345.2,0.2729
70,child6,child,75.3468,16.000,0.000,16.000,86.000,30.000,323.017,1.946,1960.000,24.580,70.283,1574,2227,102.9,120,4.118,0.8534,1.157,1.472,11.1,0.0132,11.83,9.066,17.22,1.367,7.543,0.2096,35.18,19.27,12.36,2.54,0.3861,1996,176.4,6,192.4,2.9,2.38,40.7,120,13.73,4.386,132.4,457.8,76.14,4.093,0.7297,221.4,42.71,308.3,497.9,566.5,37.17,0.03542,463.8,0.6448,0.6756,0.5703,0.6143,0.7,0.09818,0.2188,0.5127,0.1315,360,842.1,37.34,0.8,800,2.966,400,0.2984
70,child7,child,138.2673,32.000,0.000,32.000,182.000,-8.000,-11.617,0.634,3958.000,24.907,51.467,1696,2800,138.3,101.6,4.256,0.8,1.2,1.349,10,0.0137,12.89,8.201,17.65,1.048,9.489,0.1872,30.57,15.14,11.93,1.632,0.3102,1516,194.9,5.908,198.4,3,2.425,38.43,101.1,15.72,4.454,150.7,446.6,83.35,6.551,0.7576,220.5,56.19,294.2,365.8,656.1,32.5,0.03619,476,0.6933,0.729,0.5701,0.5101,0.7,0.09587,0.2215,0.5324,0.1431,415.2,769.3,32.7,0.7719,645.2,2.77,359.7,0.3437
70,child8,child,164.6119,39.000,0.000,39.000,184.000,23.000,263.417,-0.047,4510.000,32.747,58.583,1715,2800,129.1,120,3.74,0.8,0.9711,1.316,10,0.01283,12.61,9.058,16.56,0.8771,6.563,0.2482,29.68,16.54,12.36,1.772,0.3695,1370,159.6,5.763,214.4,3,1.689,41.45,110.1,16.99,4.705,131.2,489.6,76.59,4.706,0.7289,202.4,51.15,305.7,509.7,757.7,28.2,0.02816,558.5,0.7239,0.5608,0.6012,0.5551,0.7016,0.09831,0.1902,0.513,0.1394,391,787.4,32.84,0.8,639.2,2.702,366.4,0.3428
70,child9,child,147.6122,26.000,0.000,26.000,197.000,29.000,218.117,1.259,3155.000,28.447,52.850,1481,2589,137.7,120,4.018,0.8,1.2,1.5,10,0.01161,10.71,9.751,16.42,1.158,9.644,0.1772,34.56,17.24,13.96,1.633,0.4044,1575,219.5,6,183.4,3,1.844,43.68,102.6,13.15,3.834,137.5,468.8,75.5,4.315,0.7702,190.2,69.53,358.2,603.5,597.4,32.29,0.03261,600,0.6566,0.6293,0.5933,0.5619,0.7703,0.1187,0.2403,0.5787,0.1449,403.8,904,43.07,0.7475,800,2.948,400,0.2803
70,child10,child,52.7920,11.000,1.000,10.000,95.000,17.000,175.600,1.928,2419.000,28.807,55.133,1605,2599,136.7,115.6,3.577,1.065,1.171,1.375,10.38,0.01414,8.429,12.08,18.68,1.006,9.084,0.1911,31.96,12.91,13.1,1.716,0.4097,1590,192.8,6,160.5,2.967,1.96,39.82,120,14.53,4.484,138.3,479.3,63.26,4.015,0.8207,202.3,55.63,311,607.9,553.6,31.22,0.03605,421.2,0.64,0.7577,0.6751,0.6205,0.7,0.08732,0.2284,0.579,0.1466,370.5,788.8,27.38,0.8,775.2,2.421,293.6,0.3489
70,child11,child,105.8348,30.000,4.000,26.000,164.000,-17.000,-103.067,0.304,4050.000,27.907,55.650,1652,2800,129.2,120,3.566,0.8684,1.2,1.5,10.17,0.01334,13.38,10.79,26.17,1.097,8.767,0.1703,33.88,15.88,12.92,1.881,0.4103,1391,167.4,5.272,184.4,3,2.212,43.28,101.1,15.25,4.252,115.4,365.6,81.6,4.414,0.5606,211.9,61.17,262.2,496.8,804.5,30.46,0.04041,600,0.7391,0.5,0.6308,0.5256,0.7,0.1212,0.2557,0.6054,0.1458,404.8,748.6,31.88,0.6227,740.1,2.118,342.9,0.3872
70,child12,child,118.3109,26.000,1.000,25.000,152.000,25.000,220.200,0.956,3275.000,33.627,64.583,1502,2673,132.8,99.02,3.894,1.123,1.2,1.334,10,0.01509,13.06,6.521,14.79,1.088,10.57,0.2276,39.88,14.08,14.39,2.396,0.4216,1835,195.5,5.519,241,2.819,2.065,41.28,107.9,13.15,3.79,138.4,483.4,77.59,3.699,0.6787,196.2,63.25,271.2,429,516.9,31.97,0.03248,549.4,0.77,0.6112,0.605,0.5455,0.7,0.1109,0.1801,0.5137,0.1472,351.9,846.9,38.4,0.7149,800,2.87,368.6,0.2542
70,child13,child,117.4160,29.000,0.000,29.000,131.000,14.000,134.450,1.505,3434.000,27.087,42.767,1745,2228,126.9,120,3.788,0.954,1.082,1.47,13.54,0.01278,11.82,8.913,20.46,1.02,7.959,0.1833,34.93,17.69,15.81,2.624,0.3974,1667,212.4,6,180.1,3,2.41,38.41,116.5,12.78,5.434,131.1,488.9,90,5.104,0.7295,194,49.36,255.9,447.4,673.1,37.32,0.03211,506,0.7921,0.6558,0.5994,0.549,0.7,0.1055,0.1588,0.5575,0.1624,512.3,772.9,31.38,0.8,800,2.516,332.3,0.3117
70,child14,child,93.3883,24.000,1.000,23.000,131.000,-4.000,-63.900,-0.455,2969.000,26.647,64.517,1765,2800,134.4,120,3.838,0.9851,1.199,1.5,10,0.01465,13.51,9.301,19.16,1.295,10.66,0.2064,34.95,14.54,16.86,1.757,0.325,1553,227,5.489,200.8,2.636,2.142,39.62,97.98,14.51,3.632,129.5,470.6,67.02,4.133,0.8289,201.2,41.35,269.9,422.8,660.2,33.72,0.04133,600,0.7157,0.7257,0.6359,0.6143,0.7,0.1048,0.2285,0.57,0.1318,473.4,1036,34.28,0.8,693.7,2.55,400,0.3055
70,child15,child,160.4788,32.000,0.000,32.000,194.000,33.000,288.883,0.137,3595.000,26.573,63.600,1828,2800,115.7,116.8,4.179,0.9767,1.2,1.496,10,0.01599,11.63,8.85,19.06,1.425,9.471,0.1788,35.76,18.94,14.98,2.189,0.3983,1711,213.9,5.91,180.4,2.595,2.01,38.51,99.12,14.26,4.581,123.4,377,78.79,5.566,0.6933,178,51.7,302.7,471,654.9,27.62,0.03597,502.9,0.7675,0.6985,0.6467,0.6189,0.789,0.08836,0.2058,0.4278,0.1491,443.2,641.3,32.49,0.7656,800,2.758,400,0.3224
71,parent,parent,175.4281,39.000,1.000,38.000,226.000,11.000,56.833,-0.179,4644.000,26.340,57.450,1500,2800,122.4,110.8,3.494,0.8,1.2,1.384,12.79,0.01756,13.25,8.65,19.06,0.8735,8.632,0.1973,39.23,17.1,14.33,2.173,0.366,1576,213.1,5.668,195.2,3,2.005,38.64,99.4,12.88,5.018,125.5,425.2,77.04,4.845,0.6756,239.3,50.64,222.8,465.3,595.4,32.13,0.03255,542.1,0.7179,0.549,0.6613,0.5596,0.7,0.1078,0.197,0.6757,0.1353,381,766.2,44.37,0.8,726.8,2.343,356,0.3625
71,child0,child,156.5217,33.000,1.000,32.000,208.000,21.000,122.650,0.746,4267.000,24.127,54.217,1702,2594,123.9,114.8,3.321,0.8,1.057,1.045,14.31,0.01498,15.05,8.26,15.92,0.9533,9.381,0.1853,40.43,18.95,12.81,2.127,0.4357,1771,232.7,5.498,155.2,2.329,1.969,32.35,103,11.21,5.363,114.9,416.3,78.58,5.516,0.6257,252.1,43.34,221,425.3,506.8,35.19,0.03633,443.2,0.7683,0.5809,0.581,0.4986,0.7,0.1203,0.1961,0.7799,0.1216,344.3,661.2,52.03,0.7181,742.7,2.51,381,0.3515
71,child1,child,10.0792,6.000,0.000,6.000,34.000,-5.000,-32.850,-2.326,1603.000,9.493,51.217,1400,2800,110,120,3.553,0.8,1.156,1.5,11.29,0.02066,14.59,8.822,18.92,0.9008,8.471,0.1723,44.55,16.5,14.87,1.978,0.391,1494,234.8,5.015,215.6,2.577,2.285,36.91,93.43,10.1,5.271,116.9,507.4,78.43,4.388,0.7201,224.4,59.04,202.6,451.5,578,31.18,0.03719,592.5,0.7879,0.6078,0.7936,0.6094,0.7,0.0934,0.2023,0.5706,0.135,425.1,743.4,42.31,0.7773,800,2.177,350.9,0.3568
71,child2,child,-19.8743,1.000,0.000,1.000,-7.000,8.000,124.550,-2.091,1626.000,12.100,49.500,1317,2800,103.6,106.2,2.692,0.8696,1.2,1.315,12.94,0.01604,10.77,8.149,20.85,0.8852,8.451,0.1705,37.17,14.25,13.78,2.064,0.3459,1760,207.2,5.159,191.6,3,2.5,42.32,87.48,14.16,5.5,138.6,435.4,90,6.176,0.6121,244,51.72,228.8,426.4,632,38.53,0.03981,537.1,0.8,0.5,0.5835,0.6025,0.7,0.07639,0.2224,0.5778,0.1323,402.2,596.2,55.75,0.7725,667.3,2.623,303,0.3594
71,child3,child,193.0663,40.000,1.000,39.000,241.000,37.000,278.567,-0.151,4843.000,26.713,62.283,1576,2800,132.3,120,3.062,0.8,1.178,1.144,10.86,0.01762,12.86,9.473,21.86,0.7287,9.07,0.2063,36.12,18.48,14.19,2.488,0.3244,1254,178.8,4.196,214,3,1.869,41.54,99.45,15.96,5.207,139.3,280.6,73.51,4.521,0.6489,207.2,52.36,246.4,412.2,497.9,32.52,0.03157,589.2,0.6094,0.551,0.6122,0.4965,0.7269,0.1147,0.1825,0.7193,0.131,325.7,884.9,45.84,0.8,721.2,2.434,400,0.3574
71,child4,child,24.2807,9.000,0.000,9.000,43.000,3.000,61.767,-1.891,1926.000,9.127,49.367,1315,2476,121.9,120,3.948,0.8215,1.2,1.265,19.37,0.01841,11.54,8.034,22.63,0.9634,8.736,0.1781,36.72,16.39,15.25,2.481,0.4593,1534,231.1,5.351,137.4,3,1.988,35.82,97.21,14.84,5.072,113.9,445.2,89.66,5.18,0.6233,236.9,66.81,160.5,482.3,694.8,37.25,0.03518,567.1,0.6319,0.5382,0.9169,0.4628,0.7,0.1019,0.2272,0.6984,0.1224,465.2,781.1,45.4,0.8,800,2.101,365.9,0.3232
71,child5,child,66.8814,20.000,2.000,18.000,85.000,-7.000,-19.067,1.852,1918.000,26.033,69.800,1726,2780,132.8,111.5,3.333,0.8,1.2,1.4,13.02,0.02098,11.51,9.42,22.69,0.9032,9.011,0.1776,38.64,17.42,18.13,2.486,0.3156,1594,168.9,6,210.8,3,1.546,30.07,109.3,14.17,4.5,118,419.5,66.94,3.38,0.8081,233.2,52.58,213.3,491.5,681.6,31.88,0.03158,466.9,0.7558,0.5425,0.5998,0.5043,0.7,0.09007,0.1677,0.6772,0.1299,460.9,745.7,41.99,0.7352,793.5,2.48,400,0.3485
71,child6,child,168.2066,34.000,0.000,34.000,205.000,38.000,268.733,1.183,4115.000,25.347,61.750,1903,2455,131.5,101.3,2.844,0.869,1.2,1.5,13.52,0.01546,12.69,8.378,22,0.8777,9.781,0.2285,44.44,15.84,11.79,2.264,0.4303,1547,219,5.08,210.6,3,2.381,40.12,93.72,12.55,5.549,106.9,377.7,71.05,5.606,0.5942,283.3,44.37,207.4,436.7,672.5,34.67,0.0294,556.4,0.8,0.6004,0.7438,0.5777,0.7,0.1204,0.1674,0.6316,0.1349,422.5,992.3,45.53,0.7485,685.3,2.682,400,0.4043
71,child7,child,197.3332,46.000,0.000,46.000,212.000,33.000,73.750,2.114,4606.000,31.107,66.283,1441,2800,114.8,119.4,3.877,0.8604,1.2,1.387,10.94,0.01911,11.52,8.659,20.2,0.9108,8.887,0.2581,38.36,18.8,11.87,2.311,0.387,1389,172.4,6,168.1,3,2.266,33.36,111.3,14.52,5.13,121.4,534.2,84.73,4.44,0.6895,267.5,47.88,215.1,517.6,525,33.68,0.0344,458.6,0.6387,0.6402,0.7337,0.7094,0.7,0.1136,0.1903,0.5546,0.1366,388,745.7,40.86,0.7259,742.2,2.26,400,0.4938
71,child8,child,54.0781,26.000,6.000,20.000,73.000,-33.000,-263.533,1.846,2260.000,27.007,61.733,1633,2662,147.7,107.7,3.539,0.8251,1.088,1.5,11.93,0.01777,12.32,7.577,17.7,0.6821,9.25,0.1592,39.56,17.05,12.04,2.43,0.4284,2000,217.2,5.43,179.6,2.657,2.395,37.11,119.2,10.05,5.049,126.7,435.9,79.55,4.41,0.7107,250,47.8,207.3,472.2,497.2,27.51,0.02556,582.5,0.7483,0.5381,0.7053,0.571,0.8039,0.1249,0.1785,0.6148,0.1382,366.7,782.7,55.91,0.696,800,2.433,333.1,0.3929
71,child9,child,-22.1816,3.000,0.000,3.000,-3.000,-13.000,-160.900,-2.752,1636.000,11.340,49.933,1436,2800,115.9,99.4,4.086,0.8,1.023,1.387,11.06,0.02169,11.66,7.371,16.38,0.8829,12.58,0.1966,41.45,16.7,13.63,2.077,0.347,1558,195.8,6,227.8,2.772,2.392,41.14,84.68,11.29,5.033,120.6,406.1,83.25,4.962,0.5846,249.4,50.64,214.7,482,708.7,33.29,0.0346,548.2,0.8,0.5275,0.6402,0.5234,0.7006,0.1027,0.1662,0.6161,0.1111,298.9,628.9,58.41,0.7471,703,2.301,362.5,0.4199
71,child10,child,17.7370,16.000,4.000,12.000,73.000,-40.000,-333.533,-1.071,3195.000,21.700,54.367,1797,2800,130.8,118,3.011,0.8,0.9195,1.5,11.63,0.0173,13.12,9.192,15.93,0.921,8.283,0.1783,43.37,16.97,15.25,2.551,0.378,1579,259.3,4.868,194.2,2.84,2.028,42.5,103.8,11.92,4.637,111.9,447.9,85.08,4.928,0.586,223.3,59.98,210,480.9,612.3,35.44,0.03352,600,0.8,0.5469,0.6349,0.7207,0.752,0.1192,0.1718,0.7011,0.1452,362.8,931.5,40.71,0.6861,709.8,2.171,328.3,0.451
71,child11,child,89.1726,27.000,2.000,25.000,99.000,20.000,173.833,0.630,3571.000,23.607,50.483,1303,2293,136.6,93.2,3.175,0.8476,1.2,1.233,12.61,0.01742,17.42,10.79,21.57,0.871,11.2,0.2052,38.29,17.7,15.22,2.95,0.3761,1717,203.3,5.634,231.3,3,1.6,40.93,101.4,11.32,5.018,105.1,355,78.03,4.83,0.6972,274.8,59.74,258.8,444.9,623.5,24.8,0.03284,559.9,0.5925,0.5648,0.635,0.502,0.7298,0.1144,0.1962,0.6216,0.1359,463.5,708.1,46.77,0.8,685.9,2.181,359.3,0.3941
71,child12,child,114.5772,27.000,0.000,27.000,128.000,26.000,191.283,-0.142,3111.000,31.573,51.100,1414,2582,92.95,120,3.374,0.9323,1.2,1.433,13.32,0.02042,14.39,7.01,20.03,0.7529,8.239,0.1795,44.08,16.41,13,2.636,0.296,1804,172.5,5.877,183.2,2.869,2.163,39.7,111.8,13.38,4.871,141.9,406.5,74.12,5.768,0.8112,279.3,41.99,222,487.7,628.2,37.59,0.04154,600,0.6026,0.5218,0.6528,0.4214,0.7,0.1141,0.1866,0.5932,0.1462,366.1,609.5,44.2,0.7099,547.3,2.353,398.6,0.3367
71,child13,child,5.4141,6.000,0.000,6.000,20.000,-3.000,-35.467,-2.153,1498.000,8.767,43.433,1275,2800,106.4,96.09,2.901,0.8219,1.2,1.45,13.75,0.0139,12.1,10.26,22.7,0.7483,10,0.208,40.79,15.33,14.47,2.051,0.4769,1548,238.8,6,228.2,2.816,1.689,44.03,94.21,14.17,5.759,155.5,441.3,89.49,3.647,0.6453,254.8,59,232.8,417.2,668,35.96,0.03457,574.2,0.7641,0.5205,0.6058,0.5473,0.7,0.09819,0.1744,0.6829,0.1366,369.4,825.4,40.33,0.8,777.9,2.421,365.4,0.325
71,child14,child,82.9156,21.000,0.000,21.000,111.000,10.000,144.333,0.185,3154.000,22.520,67.717,1923,2800,98.26,84.38,3.506,0.8,1.2,1.228,14.24,0.01609,13.1,8.612,18.65,0.7382,8.97,0.1953,39.78,17.76,15.26,1.572,0.3605,2000,208.1,6,180.4,2.473,1.911,34.33,88.83,13.04,4.8,137.9,363.2,80.32,4.515,0.7258,256.7,52.28,270,481.6,616.4,28.15,0.02651,517.1,0.8,0.5,0.7613,0.6303,0.9101,0.09648,0.1789,0.6401,0.1519,450.2,832.2,41.65,0.7369,800,2.221,400,0.363
71,child15,child,23.7041,9.000,0.000,9.000,41.000,3.000,45.233,-2.200,1829.000,9.987,49.117,1863,2488,126.7,120,3.698,0.9535,0.9707,1.5,10.56,0.01308,14.84,7.447,20.38,0.9232,9.893,0.1817,41.75,15.5,12.58,1.97,0.3453,1640,202,4.941,213.3,2.721,2.181,41.73,84.52,14.12,5.382,120.4,437.3,77.19,4.833,0.662,200.9,51.17,229.2,524.4,569.1,33.53,0.02621,600,0.6293,0.543,0.6454,0.5692,0.7323,0.09832,0.2242,0.7744,0.1248,376.8,758.4,40.13,0.8,767,2.258,377.1,0.3706
72,parent,parent,183.9597,39.000,2.000,37.000,222.000,40.000,278.000,0.040,4403.000,28.487,47.417,1441,2800,114.8,119.4,3.877,0.8604,1.2,1.387,10.94,0.01911,11.52,8.659,20.2,0.9108,8.887,0.2581,38.36,18.8,11.87,2.311,0.387,1389,172.4,6,168.1,3,2.266,33.36,111.3,14.52,5.13,121.4,534.2,84.73,4.44,0.6895,267.5,47.88,215.1,517.6,525,33.68,0.0344,458.6,0.6387,0.6402,0.7337,0.7094,0.7,0.1136,0.1903,0.5546,0.1366,388,745.7,40.86,0.7259,742.2,2.26,400,0.4938
72,child0,child,107.2022,22.000,1.000,21.000,155.000,32.000,130.550,-0.414,3218.000,26.553,72.667,1416,2800,98.57,113,3.457,0.9799,1.091,1.234,10.25,0.01969,11.56,8.599,19.02,0.8285,9.179,0.2388,41.46,18.29,11.72,2.799,0.3343,1608,170.8,6,164,3,2.267,36.87,120,14.55,4.999,125.4,570.2,87.73,4.12,0.7291,236.7,53.55,193.5,543.8,468.4,31.42,0.03256,433.2,0.573,0.7495,0.7606,0.8313,0.835,0.1134,0.1998,0.5055,0.1475,353.9,836.5,31.64,0.7224,800,2.486,400,0.4865
72,child1,child,117.5049,29.000,0.000,29.000,130.000,13.000,214.783,0.904,3467.000,23.447,48.283,1283,2603,114,102.3,4.254,0.8062,1.082,1.392,11.45,0.01524,10.04,6.833,18.25,0.8024,8.186,0.2392,30.28,20.33,9.969,2.122,0.4965,1487,178.6,6,175.8,3,2.322,31.1,120,15.09,5.657,113.8,534.1,89.48,3.716,0.5948,271.8,41.03,243.7,600,550.2,31.85,0.0438,445.5,0.7091,0.5548,0.6363,0.6508,0.7,0.1015,0.1802,0.6561,0.1703,448.9,915,44.06,0.67,755.2,2.21,400,0.4959
72,child2,child,157.7408,36.000,0.000,36.000,193.000,20.000,61.183,-0.360,4367.000,26.860,54.467,1588,2800,118.2,120,3.803,0.8,1.2,1.5,10.44,0.0217,11.89,9.287,24.18,0.8797,8.442,0.2799,39.61,18.73,13.7,1.868,0.4341,2000,150,6,209.2,3,2.353,37.9,115.7,14,4.602,97.94,528.6,90,5.216,0.7337,300,49.57,242.9,637.5,562.7,35.07,0.03299,514.1,0.6779,0.6382,1,0.6723,0.7,0.1273,0.2289,0.6078,0.1338,306.6,786.2,43.59,0.6456,800,2.037,372.7,0.4701
72,child3,child,65.7688,29.000,7.000,22.000,68.000,-13.000,-80.083,2.020,2235.000,27.980,58.917,1740,2602,113.9,103.1,3.686,0.8,1.2,1.125,10.78,0.01764,10.61,8.721,21.64,0.7101,12.24,0.2716,43.87,17.32,11.83,2.163,0.4143,1420,185.5,5.301,182.7,2.792,2.052,28.29,108.2,12.85,5.724,121.9,521.6,63.95,4.209,0.8204,301.2,55.24,195.3,612.4,501,39.15,0.04277,464.7,0.5805,0.6354,0.7414,0.6488,0.7,0.09697,0.1888,0.4643,0.1253,408.5,805.1,41.19,0.7115,764.7,1.919,382.2,0.4727
72,child4,child,51.8982,14.000,0.000,14.000,76.000,2.000,101.383,-1.173,2319.000,14.513,53.017,1408,2800,101.1,120,5.256,0.9477,1.2,1.407,11.98,0.01833,11.78,7.901,18.88,0.9385,7.906,0.2689,37.06,23.07,12.36,2.804,0.3303,1648,202,6,192,3,2.025,30.25,107.4,15.51,5.9,116.4,524.1,90,4.062,0.7251,282.1,59.7,228.7,431.5,635.1,30.24,0.03467,525.5,0.6838,0.6046,0.567,0.6898,0.7,0.09991,0.2094,0.55,0.1411,319.8,999.8,40.05,0.7063,800,2.625,316.5,0.5089
72,child5,child,2.5566,3.000,0.000,3.000,24.000,2.000,33.083,-2.407,1325.000,6.667,43.850,1348,2800,108.3,120,3.758,0.8,1.036,1.166,10.15,0.01622,11.49,9.54,24.33,0.8896,8.581,0.2186,35.89,16.29,13.93,1.988,0.425,1315,197.4,5.56,123,3,2.129,32.29,94.51,15.09,5.221,114.9,510.8,85.09,4.636,0.6808,269.9,38.38,238.9,526.2,501.5,37.64,0.03005,368.2,0.7157,0.6122,0.8786,0.6265,0.7,0.1176,0.2226,0.6856,0.1144,407.5,621.3,46.03,0.5811,783.4,2.172,400,0.5212
72,child6,child,46.5779,12.000,0.000,12.000,76.000,9.000,32.067,-2.490,2221.000,13.553,50.533,1505,2800,109.9,120,3.638,0.8504,1.2,1.356,12.75,0.01988,13.24,8.641,23.92,0.9277,8.526,0.2274,34.73,18.91,11.39,2.084,0.3239,1371,195,5.48,139.2,2.885,2.069,42.59,97.7,13.82,5.007,109.7,484.8,81.22,4.691,0.6429,303.1,47.98,268.1,614.4,513.4,31.03,0.03766,405.6,0.5407,0.5803,0.6109,0.7765,0.7,0.1785,0.1355,0.4997,0.1806,333.6,803.4,40.92,0.7519,740.5,2.26,400,0.4646
72,child7,child,79.7576,19.000,0.000,19.000,112.000,20.000,187.183,-1.250,3197.000,27.893,56.017,1553,2498,105.2,120,2.904,0.8,1.192,1.438,12.08,0.02024,8.717,10.39,21.38,0.9211,9.565,0.2408,34.16,18.1,11.32,2.576,0.2988,1242,210.5,4.987,157.1,3,2.421,29.49,107.2,14.1,5.42,131.8,479.9,72.15,3.811,0.737,250.5,56.87,198.2,519.7,472.9,32.87,0.03965,460.1,0.7904,0.879,0.5652,0.781,0.7126,0.1139,0.1905,0.5587,0.1488,320.5,759.1,45.06,0.6377,652.7,2.478,350,0.4628
72,child8,child,197.2686,45.000,1.000,44.000,213.000,49.000,254.217,1.586,4778.000,27.373,63.917,1495,2800,118,117.9,3.958,0.8657,1.115,1.5,12.16,0.01703,11.55,9.325,17.75,0.9212,10.6,0.2553,33.99,22.46,14.84,2.824,0.3029,1388,203.7,6,137.6,3,2.482,35.67,120,11.3,5.283,143.6,423.6,90,4.811,0.67,224.8,50.8,204.5,618.2,496.8,31.9,0.03177,450.9,0.5028,0.7261,0.7824,0.569,0.8152,0.1039,0.1622,0.6621,0.1234,388.5,848.2,49.3,0.7174,564.2,2.271,400,0.4836
72,child9,child,177.8269,41.000,0.000,41.000,192.000,29.000,228.250,0.029,4335.000,28.360,53.667,1177,2654,126.4,108.5,3.496,0.8,1.127,1.277,10,0.01876,9.725,7.565,19.35,0.8423,9.982,0.2456,28.62,17.7,11.25,2.179,0.4007,1319,182.7,6,156.1,2.694,2.048,36.78,120,15.78,6.722,127.3,534.9,90,3.577,0.5671,256.9,48.77,228.7,583.3,455.2,30.43,0.02804,409.4,0.566,0.5816,0.7602,0.8191,0.7,0.1046,0.1701,0.5813,0.1385,384.5,693.1,43.01,0.7269,660.3,2.229,400,0.6198
72,child10,child,140.6261,35.000,0.000,35.000,151.000,9.000,146.367,1.422,3604.000,24.153,68.567,1504,2800,105.5,112.3,3.56,0.8,1.2,1.419,13.1,0.01944,12.39,11.48,17.79,0.8719,7.478,0.2384,43.34,22.76,12.63,2.293,0.4078,1609,223.9,6,169.5,2.738,2.424,37.45,109.9,14.13,5.671,124.2,512.3,90,3.947,0.6508,265.5,48.05,217.3,566.4,464.8,32.77,0.03436,470.9,0.663,0.5984,0.6805,0.7342,0.799,0.1091,0.2373,0.6541,0.1389,331.9,780.1,39.12,0.6843,694.1,2.177,400,0.4386
72,child11,child,7.3813,2.000,0.000,2.000,35.000,4.000,90.167,-2.197,1204.000,5.700,50.133,1656,2800,107.6,112.4,4.261,0.8532,1.2,1.45,13.71,0.02035,10.68,9.015,20.09,0.9919,6.684,0.2428,34.99,20.99,12.19,2.319,0.4456,1413,176.1,5.57,192.1,2.768,2.235,27.81,84.07,13.89,5.266,127.3,530.9,75.69,3.82,0.7741,276.1,43.2,268.2,482.5,554.5,31.57,0.04459,415.1,0.7536,0.5539,0.6888,0.634,0.7112,0.1266,0.2136,0.6502,0.1119,428.2,627.6,36.45,0.6135,668.5,2.195,400,0.4539
72,child12,child,53.1528,18.000,1.000,17.000,73.000,-13.000,-189.917,2.000,1847.000,28.640,76.150,1703,2679,118.1,106.8,3.657,0.879,0.9272,1.253,10.53,0.01904,13.3,8.01,25.84,1.123,9.201,0.2648,41.47,18.73,10.53,1.784,0.3867,1636,173.2,5.406,153.8,3,2.172,30.64,120,13.64,6.354,145.4,694,71.32,4.279,0.5808,218.1,42.51,252.7,651.3,554.6,39.06,0.04169,600,0.5718,0.5796,0.7741,0.7654,0.7,0.1275,0.1584,0.5884,0.1093,359.8,891.7,34.65,0.7829,800,2.527,400,0.4314
72,child13,child,150.8918,39.000,0.000,39.000,163.000,8.000,155.650,1.140,4330.000,26.647,69.267,1421,2521,116,99.11,3.828,0.8202,1.079,1.487,12.36,0.01595,10.53,10.06,20.35,1.081,9.116,0.2782,35.84,17.87,10.17,2.172,0.4284,1421,195,6,171.3,2.504,2.236,40.03,110.8,12.96,4.811,95.89,581.6,90,4.453,0.8955,274.6,44.37,222.9,511.9,613.9,38.25,0.03208,471.4,0.6632,0.7333,0.7491,0.8167,0.7353,0.1031,0.1556,0.5162,0.1331,392.2,722.6,45.22,0.6567,748.6,1.984,400,0.4456
72,child14,child,34.6313,14.000,1.000,13.000,67.000,-9.000,-67.250,-1.596,2612.000,13.507,64.550,1486,2800,133.6,120,3.526,0.8636,1.2,1.5,10.71,0.01818,12.07,7.408,21.18,0.9744,6.933,0.2635,32.48,20.68,9.463,2.786,0.3591,1564,163.5,5.585,135.7,2.577,2.19,42.57,105.4,13.66,4.362,140.6,554.4,90,4.379,0.5861,259.9,56,244.9,499.6,446.5,44.32,0.03845,574,0.6392,0.7128,0.5753,0.6321,0.7,0.1365,0.1614,0.5807,0.1576,341,630.9,38.64,0.8,800,2.631,371.7,0.4587
72,child15,child,128.9449,32.000,0.000,32.000,147.000,15.000,234.350,0.812,4046.000,22.667,59.217,1264,2029,95.07,120,3.763,0.8707,1.2,1.304,10.15,0.01992,11.77,10.02,17.72,0.9639,9.264,0.2238,34.86,17.38,11.21,2.463,0.4213,1473,159.2,5.59,198.6,3,2.17,27.45,90.05,16.23,5.862,108.6,675.4,79.95,5.895,0.621,242.5,51.99,279.2,528.2,502.7,35.72,0.03304,520.8,0.6136,0.6951,0.762,0.6319,0.7,0.1167,0.2073,0.5895,0.1375,431.4,798.2,42.97,0.5261,517,2.135,380.8,0.6223
73,parent,parent,127.0639,29.000,2.000,27.000,175.000,19.000,72.767,0.784,3731.000,26.753,70.983,1495,2800,118,117.9,3.958,0.8657,1.115,1.5,12.16,0.01703,11.55,9.325,17.75,0.9212,10.6,0.2553,33.99,22.46,14.84,2.824,0.3029,1388,203.7,6,137.6,3,2.482,35.67,120,11.3,5.283,143.6,423.6,90,4.811,0.67,224.8,50.8,204.5,618.2,496.8,31.9,0.03177,450.9,0.5028,0.7261,0.7824,0.569,0.8152,0.1039,0.1622,0.6621,0.1234,388.5,848.2,49.3,0.7174,564.2,2.271,400,0.4836
73,child0,child,102.1930,29.000,2.000,27.000,123.000,16.000,66.083,1.047,3568.000,27.140,69.583,1581,2800,113.4,120,3.774,0.8,1.117,1.5,12.48,0.0177,11.37,8.336,14.89,0.8749,10.68,0.2708,36.89,21.3,15.3,3.111,0.2901,1379,268.5,6,116,2.723,2.5,34.5,117.9,11.1,5.143,173.8,444,86.11,5.451,0.5696,271.3,41.49,187.7,667.5,371.2,26.86,0.03168,469.2,0.5398,0.7339,0.7858,0.6366,0.9556,0.1279,0.1454,0.5535,0.1454,358.8,791.6,49.68,0.8,655.7,2.355,400,0.5842
73,child1,child,84.3731,26.000,2.000,24.000,112.000,-6.000,-110.267,1.514,3327.000,27.167,49.917,1707,2800,121,120,3.976,0.8441,1.126,1.5,12.52,0.01599,12.94,9.632,17.82,0.91,10.68,0.2445,37.04,24.68,19.42,3.45,0.3151,1857,208.3,6,135.5,3,2.5,37.31,120,10.85,4.73,140.6,327.6,84.58,4.866,0.7857,196.9,49.13,213,675.4,510.9,27.09,0.02991,471,0.5279,0.7219,0.6986,0.5409,0.736,0.1062,0.1362,0.6195,0.1242,362.3,674.1,46.23,0.6124,582.3,2.361,400,0.395
73,child2,child,105.9902,24.000,1.000,23.000,127.000,25.000,319.150,3.574,3261.000,22.347,48.350,1310,2202,133.1,99.98,3.66,0.8528,1.074,1.363,12.76,0.01766,10.48,8.449,18.67,0.96,11.16,0.2311,35.94,22.94,15.44,2.594,0.3581,1603,179.2,6,128.8,3,2.297,36.81,111.1,12.14,5.135,140.5,455.8,90,3.328,0.6194,184.6,49.58,235.6,587.9,488.7,32.2,0.0349,425.2,0.5171,0.9494,1,0.5689,0.7847,0.1129,0.1329,0.6611,0.08749,416.1,858.4,64.07,0.7181,526.4,2.297,371.6,0.4782
73,child3,child,97.1892,19.000,0.000,19.000,126.000,29.000,230.617,0.983,2677.000,26.413,43.033,1712,2545,113.6,85.43,4.842,0.9408,1.146,1.386,12.62,0.0176,12.63,9.861,17.86,0.9032,12.65,0.3042,33.79,19.58,16,2.459,0.2708,1570,219,6,121.7,3,2.5,38.93,120,10.07,4.621,166.6,609.2,90,4.817,0.6202,262.4,62.01,211.6,554.3,527.6,38.48,0.0231,495.8,0.5192,0.7715,0.9785,0.6226,1,0.1225,0.1528,0.7424,0.1486,330.4,853.6,50.05,0.694,700.2,2.458,396.7,0.561
73,child4,child,124.0701,27.000,0.000,27.000,173.000,4.000,10.500,0.056,3531.000,28.393,63.183,1526,2800,113.3,120,3.71,0.8,1.15,1.165,10.84,0.01609,12.63,9.798,16.22,1.01,9.948,0.2498,34.59,22.21,13.04,2.94,0.2966,1774,186.6,5.803,148.7,2.406,2.5,34.23,120,10.9,4.394,130.1,364.3,90,4.848,0.5456,183.7,45.97,232.6,713.5,445.4,28.81,0.03364,545.7,0.5153,0.7531,0.7164,0.6064,0.7697,0.1147,0.1451,0.7321,0.12,426,908.1,45.3,0.5859,514.3,2.177,332.7,0.4582
73,child5,child,127.0708,32.000,1.000,31.000,147.000,19.000,88.383,0.126,3799.000,23.067,47.633,1388,2800,125.6,118.6,3.545,0.9064,1.2,1.5,13.12,0.01799,13.47,7.986,19.4,1.108,10.64,0.2707,32.18,23.15,16.56,2.384,0.3198,1244,219.8,6,120.7,3,2.5,34.88,107.6,11.45,5.07,116.9,453.1,90,5.641,0.8237,173,49.56,195.9,623.2,516.9,32.71,0.03122,478.6,0.4552,0.9436,0.7574,0.6128,0.7942,0.08935,0.1562,0.6886,0.1125,384.5,776.3,54.86,0.7021,556.8,2.277,344,0.4777
73,child6,child,104.9014,27.000,1.000,26.000,145.000,2.000,12.417,-0.856,3773.000,26.907,53.983,1233,2800,101.8,120,3.682,0.886,1.053,1.5,10.86,0.01742,12.68,8.092,13.66,0.8492,8.608,0.252,30.37,19.87,14.81,3.2,0.2812,1609,200.4,6,126.1,3,2.486,43.86,113.9,11.2,6.136,129.4,452.7,79.56,3.824,0.5893,268.8,60.21,162.4,652.5,494.9,27.56,0.03211,491.8,0.4395,0.6503,0.7982,0.6075,0.843,0.1126,0.1699,0.7693,0.1211,447.8,848.8,49.44,0.8,706,2.829,400,0.4842
73,child7,child,180.4516,39.000,0.000,39.000,214.000,29.000,248.583,0.766,4563.000,25.800,64.933,1189,2798,103.6,120,4.248,0.8091,1.097,1.49,13.53,0.01636,14.55,9.012,17.34,0.877,9.747,0.2218,40.48,19.75,15.12,3.417,0.3133,1774,184.5,6,114.5,3,2.231,33.17,111.5,12.74,5.674,144.8,457.4,90,4.777,0.686,215.2,57.22,261.4,636.4,398.9,42.22,0.03022,435.9,0.4713,0.8429,0.9229,0.3891,0.7715,0.1217,0.1721,0.8714,0.1568,405.7,881.5,48.56,0.7471,567.8,2.296,360.8,0.4718
73,child8,child,119.3031,28.000,1.000,27.000,173.000,4.000,111.783,-0.458,4118.000,32.487,65.750,1286,2800,96.6,120,3.53,1.032,1.2,1.429,10.41,0.01868,13.23,8.512,15.1,0.9796,11.53,0.2338,32.64,20.41,15.82,2.499,0.3089,1575,241,5.367,134.7,3,2.5,26.33,109.4,10.78,5.018,144.7,477.1,76.51,5.811,0.6226,237.4,45.76,206.2,728,549.7,36.34,0.02834,457.8,0.5519,0.7826,1,0.6006,0.7,0.1041,0.1615,0.6375,0.1381,436.4,1094,53.26,0.5929,575.4,2.387,371.7,0.3933
73,child9,child,102.3290,21.000,1.000,20.000,147.000,22.000,153.133,1.547,3036.000,23.707,66.767,1293,2490,136.7,120,3.515,0.8,1.2,1.339,11.94,0.01897,12.27,8.658,19.92,0.7806,11.67,0.244,31.64,27.19,13.45,3.285,0.3419,1438,182.6,6,120.7,2.844,1.932,27.15,120,9.477,5.198,146.7,305.2,90,4.588,0.6092,214.4,47.22,190.7,732.7,573.3,34.53,0.03782,442,0.4976,0.745,1,0.5751,0.7518,0.1085,0.176,0.7241,0.1335,426.8,826.1,44.59,0.7754,520.6,2.71,351.8,0.4116
73,child10,child,72.4873,20.000,2.000,18.000,94.000,-12.000,-135.683,1.218,1734.000,26.113,40.567,1412,2800,98.23,120,4.707,0.9731,1.164,1.295,13.47,0.02113,12.27,8.374,16.58,0.9864,10.56,0.3293,35.96,22.5,14.55,2.44,0.3041,1826,261,6,147.1,2.951,2.5,34.92,120,10.49,5.204,148,434.9,77.11,5.061,0.6595,253.2,53.19,219.9,555.4,614.3,34.05,0.0337,373.5,0.5307,0.7664,0.6741,0.6125,0.7937,0.1284,0.1515,0.5421,0.1177,408.3,834.7,52.38,0.701,683,2.316,400,0.4687
73,child11,child,-2.1136,4.000,0.000,4.000,9.000,1.000,18.950,-1.627,1372.000,7.640,38.950,1665,2596,141.7,120,4.244,0.8031,1.017,1.377,10.89,0.01838,10.07,8.447,18.05,0.8364,9.681,0.2304,32.08,21.34,15.97,2.763,0.29,1304,241.5,5.399,134.2,3,2.5,35.25,95.93,11.75,5.265,179.9,423.8,85.72,4.453,0.7691,251.3,53.85,206.8,615.6,694.2,28.4,0.03706,428.6,0.4337,0.7486,0.8262,0.6975,0.8652,0.09515,0.1725,0.629,0.1382,442.9,808.3,55.2,0.6995,574.3,2.388,372.1,0.4477
73,child12,child,116.5431,30.000,4.000,26.000,159.000,18.000,34.550,0.677,3807.000,28.113,47.050,1285,2792,117.5,107.9,4.298,0.8654,1.196,1.303,12.73,0.01469,9.91,8.944,18.58,1.032,12.6,0.2444,34.65,20.17,15.73,2.692,0.3408,1233,162.7,6,116,3,2.5,34.73,120,10.36,5.941,166.5,372.7,87.7,5.385,0.9541,219.3,51.36,168.3,560.1,426.4,37.05,0.03024,456.7,0.4281,0.9607,0.8214,0.4754,0.7256,0.1124,0.1414,0.5434,0.1334,393.9,956.4,45.14,0.73,575,2.089,329.9,0.5338
73,child13,child,129.3274,36.000,1.000,35.000,133.000,4.000,69.350,1.805,3658.000,33.553,53.267,1454,2800,119.3,109.5,3.632,0.9824,1.142,1.357,12.16,0.01922,12.29,7.869,15.36,0.8426,12.04,0.2188,41.93,23.93,15.7,2.631,0.3114,1501,188.7,5.396,120.7,2.792,2.302,34.87,120,11.2,5.994,184.6,457.9,87.39,5.316,0.6156,220,56.01,192.1,520.6,544.7,33.73,0.03275,422.6,0.4544,0.6634,0.7358,0.5698,0.8504,0.1043,0.1409,0.5369,0.1246,349.1,844.6,47.47,0.7967,657.6,2.362,363.8,0.5538
73,child14,child,143.7582,32.000,0.000,32.000,177.000,22.000,127.533,0.702,3825.000,28.420,69.517,1352,2800,111.9,120,4.522,0.8919,1.128,1.33,11.29,0.01731,14.96,8.034,18.64,1.055,13.22,0.2395,35.21,24.44,16.87,2.792,0.3043,1329,208.2,6,143,2.939,2.5,41.63,119.3,12.75,5.894,171.1,496.2,85.3,5.617,0.6336,255.8,59.95,204,673,470.6,36.91,0.03454,429.5,0.4506,0.8088,0.653,0.6418,0.7,0.09543,0.1797,0.7643,0.1076,362.7,887.2,47.74,0.6246,591.9,2.273,400,0.4579
73,child15,child,133.9557,31.000,1.000,30.000,161.000,28.000,131.717,0.527,3521.000,31.853,66.467,1386,2747,99.23,120,4.009,1,1.2,1.5,10,0.01454,14.93,9.745,22.97,0.9387,10.4,0.2523,25.33,26.43,13.7,2.853,0.3341,1621,167.8,5.811,158,2.8,2.5,33.1,111.7,12.72,5.141,137.5,386.8,77.61,4.271,0.6107,215.6,51.44,210.4,581.3,502.8,33.92,0.02914,403.5,0.5512,0.7664,0.8175,0.5449,0.7,0.08687,0.1788,0.6538,0.1188,460,901.2,52.62,0.7352,589.2,2.185,400,0.5335
74,parent,parent,160.9484,32.000,0.000,32.000,225.000,12.000,70.933,-0.212,4352.000,26.927,50.517,1189,2798,103.6,120,4.248,0.8091,1.097,1.49,13.53,0.01636,14.55,9.012,17.34,0.877,9.747,0.2218,40.48,19.75,15.12,3.417,0.3133,1774,184.5,6,114.5,3,2.231,33.17,111.5,12.74,5.674,144.8,457.4,90,4.777,0.686,215.2,57.22,261.4,636.4,398.9,42.22,0.03022,435.9,0.4713,0.8429,0.9229,0.3891,0.7715,0.1217,0.1721,0.8714,0.1568,405.7,881.5,48.56,0.7471,567.8,2.296,360.8,0.4718
74,child0,child,146.6893,38.000,1.000,37.000,158.000,22.000,189.567,3.171,4414.000,24.727,64.750,1207,2701,105.1,120,5.438,0.8,1.2,1.5,18.26,0.01294,13.3,7.226,20.42,1.1,10.01,0.1866,53.89,21.97,16.41,3.59,0.3523,1585,223.6,6,103.3,2.332,2.386,42.46,109.4,14.5,6.31,152.2,433.8,90,4.295,0.6452,201.4,50.42,276.8,599.7,403.5,36.33,0.02895,347.4,0.497,0.7501,0.9765,0.4198,0.8345,0.1219,0.1819,0.9077,0.155,414.1,726.8,50.89,0.7126,525.2,1.863,359,0.4656
74,child1,child,122.9798,27.000,1.000,26.000,179.000,0.000,-45.783,0.219,3656.000,26.273,45.267,1281,2800,84.41,120,4.646,0.925,0.9516,1.5,13.18,0.0161,17.52,9.107,19.06,1.033,9.703,0.2719,37.93,19,12.34,4.177,0.286,1608,223.6,5.939,150.6,3,2.109,37.72,116.1,11.02,5.999,159.3,522.7,90,4.331,0.7733,176.4,48.15,249.6,568.5,389,41.25,0.03081,386.8,0.5126,0.7548,0.8375,0.3756,0.7997,0.1378,0.1952,0.7842,0.123,382.9,883.1,46.08,0.7234,668.1,2.458,345.7,0.4531
74,child2,child,191.2697,34.000,0.000,34.000,243.000,44.000,299.683,0.254,3880.000,28.227,55.283,1421,2613,91.65,120,4.01,0.8,1.2,1.5,14.85,0.01374,13.2,6.767,20.34,1.004,11.64,0.2613,46.78,17.23,12.79,3.957,0.3275,1430,164.2,5.928,138,2.878,2.5,35.24,104.2,13.71,4.94,132.1,435,83.52,5.039,0.6864,226.8,52.97,241.8,641.2,463.3,44.28,0.03436,492.4,0.5285,0.8262,1,0.4424,0.8088,0.1296,0.162,0.6175,0.176,371.9,947.5,47.03,0.5457,564,2.314,400,0.503
74,child3,child,110.3649,25.000,0.000,25.000,137.000,21.000,153.033,-0.026,3247.000,22.013,57.117,1239,2800,101.2,120,4.377,0.8,1.2,1.5,14.48,0.02058,16.71,9.618,16.17,0.8191,9.072,0.2267,44.61,20.33,13.4,3.159,0.2874,2000,215.1,5.23,132,3,2.117,28.63,120,15.5,6.185,129,505.5,90,4.825,0.4951,213.7,51.84,251.4,681.9,378.6,41.52,0.03587,446.2,0.4312,0.8611,0.798,0.4304,0.7799,0.1087,0.1673,0.7899,0.142,437.6,980.8,50.25,0.7797,563.3,2.621,400,0.3748
74,child4,child,-3.8712,7.000,0.000,7.000,21.000,-16.000,-136.233,-1.562,2250.000,13.907,47.750,1228,2800,133.1,107.3,4.549,0.8,0.9645,1.5,13.56,0.01566,12.86,8.784,17.24,0.7982,8.821,0.256,45.24,21.21,12.72,3.137,0.35,1834,174.6,5.024,110.5,3,2.161,26.26,87.73,13.47,6.87,153.8,489.5,90,4.994,0.6385,229.4,44.57,262.7,549.6,369.5,46.87,0.03648,374.7,0.4882,0.8173,0.9679,0.3548,0.8614,0.1209,0.179,0.8305,0.1305,446.4,805.5,54.12,0.8,545.9,1.81,386.9,0.4586
74,child5,child,58.3814,20.000,3.000,17.000,116.000,-13.000,-78.033,-0.798,3654.000,26.773,68.417,900,2800,97.67,104.8,4.438,0.8,1.055,1.5,14.31,0.02151,13.09,11.75,19.5,1.053,8.62,0.2952,40.1,19.85,13.88,4.211,0.3138,1698,246.6,5.689,123.1,2.879,2.5,30.61,120,13.41,5.148,127.9,491.1,90,3.332,0.6608,228.7,61.52,263.3,441.3,413.3,57.43,0.02682,455,0.462,0.8393,0.9754,0.3767,0.7034,0.1274,0.187,0.9072,0.1668,443.5,852.5,60.12,0.8,613.5,2.466,321.7,0.4955
74,child6,child,105.8922,33.000,0.000,33.000,125.000,-11.000,-129.900,1.540,4395.000,23.447,52.850,1129,2800,99.3,108.1,3.888,0.8,0.9176,1.478,11.17,0.01545,12.53,8.897,16.57,0.7841,9.432,0.2,36.83,17.68,16.4,3.108,0.3221,1623,158.1,6,111.3,2.639,2.498,30.69,111.3,12.5,5.648,147.7,503.7,90,5.913,0.6983,206.5,54.29,231.3,631.1,369.4,49.31,0.02456,534.6,0.4977,0.867,0.8209,0.449,0.8044,0.1213,0.2191,0.9418,0.1811,442.3,698,49.63,0.8,480.9,2.118,400,0.4767
74,child7,child,57.5709,14.000,1.000,13.000,81.000,35.000,239.533,-1.189,2619.000,17.353,52.000,1256,2705,122.4,115.6,3.515,0.9185,1.2,1.5,12,0.0137,14.03,9.827,20.84,1.115,8.963,0.2312,44.73,21.54,14.07,3.191,0.3567,1765,203,5.409,100,3,2.062,38.57,102.9,13.19,6.151,157,574.3,90,4.038,0.6889,198.3,59.83,325.2,669.3,336.8,44.95,0.02744,426.6,0.5532,0.8177,0.946,0.3943,0.7743,0.1178,0.1791,1,0.1318,418,907.3,57.06,0.7073,458.7,2.154,400,0.5454
74,child8,child,1.3309,4.000,0.000,4.000,22.000,-1.000,69.117,-2.242,1650.000,9.853,42.450,1143,2800,93.29,120,4.768,0.8,1.053,1.231,15.63,0.01389,13.56,8.123,17.82,0.97,8.508,0.1978,38.14,19.55,12.72,2.863,0.2712,1896,192.1,5.835,122.5,3,2.272,27.63,103.1,15.25,6.442,109.8,454.5,90,4.121,0.7869,241.9,53.27,304.8,674.6,358,39.11,0.03081,468.9,0.4328,0.7476,1,0.461,0.8391,0.1376,0.1725,0.8966,0.1766,398,839.6,44.74,0.5962,635.4,2.41,355.4,0.4473
74,child9,child,80.8131,24.000,0.000,24.000,100.000,-3.000,70.950,0.484,3417.000,19.293,61.483,1140,2606,105.8,113.5,4.529,0.9481,0.9765,1.5,12.86,0.01842,13.51,8.892,16.99,0.8496,8.516,0.2025,48.22,19.95,14.78,3.107,0.2582,1992,210,6,109.8,3,2.224,32.94,107.7,13.44,7.16,157.3,453.1,90,5.007,0.7456,232,52.94,235.6,699.7,479.9,37.96,0.03584,529.2,0.4554,0.9113,1,0.4299,0.855,0.0953,0.1387,0.8479,0.1539,455,989.5,49.19,0.6839,593,2.522,328.1,0.3559
74,child10,child,39.2394,9.000,0.000,9.000,96.000,-12.000,-80.700,-1.396,2495.000,14.500,46.483,1562,2800,94.58,114.4,4.236,0.8,1.008,1.5,14.04,0.01736,12.84,9.046,15.27,0.9189,10.44,0.2861,44.86,20.57,14.81,3.671,0.3543,1791,191.5,6,135.3,2.974,1.975,30.25,90.17,11.43,5.257,136,448.7,87.6,4.278,0.6444,214.6,62.7,288.1,651.2,444.2,42.03,0.02959,378.2,0.5293,0.7508,0.8901,0.3837,0.7432,0.1468,0.2116,1,0.158,437.5,739.2,45.38,0.8,689.2,2.773,342.8,0.5466
74,child11,child,25.5998,10.000,2.000,8.000,55.000,12.000,125.067,-2.184,2311.000,15.113,50.883,1226,2800,112,120,3.718,0.8,1.009,1.5,14.27,0.01668,16.57,8.733,15.43,0.8712,9.086,0.188,33.21,21.1,13.83,3.81,0.3427,1744,202.4,6,106.4,2.871,2.159,33.12,93.51,13.54,6.515,156.7,511.7,90,5.313,0.5475,255.8,53.04,211.6,568.8,396.7,44,0.02479,379.8,0.4177,0.859,0.8516,0.4173,0.7072,0.1295,0.159,0.9229,0.1539,441,950.4,53.79,0.788,646.4,2.477,342.5,0.4833
74,child12,child,106.0422,27.000,0.000,27.000,118.000,29.000,169.967,1.404,3667.000,22.760,49.133,1390,2337,102.4,120,4.53,0.8,0.8386,1.5,14.1,0.01864,12.08,7.955,17.07,1.004,10.23,0.2105,40.33,22.24,14.8,3.131,0.2977,2000,208.9,5.504,124.7,2.887,2.225,31.49,108.6,10.95,5.227,136.1,427,90,4.617,0.6441,206.8,57.86,267.8,829.1,461.1,39.64,0.02938,465.7,0.4759,0.9391,0.7677,0.4097,0.8025,0.135,0.1612,0.8059,0.1237,536.1,846.1,53.37,0.7602,676.9,2.211,326.1,0.4276
74,child13,child,25.5300,15.000,0.000,15.000,30.000,-1.000,-29.767,-1.101,2609.000,14.773,55.567,1150,2800,116.8,120,3.668,0.949,0.8949,1.5,13.66,0.01359,13.21,9.504,15.17,0.978,7.549,0.1751,41.52,18.87,15.01,3.735,0.2837,1596,216,4.883,116.7,3,2.357,27.69,105.3,13.85,6.128,116.2,513.1,86.91,4.888,0.6849,177.6,50.51,258.9,857.8,424.8,43.66,0.02555,481.4,0.5392,0.7882,0.9272,0.389,0.7109,0.1141,0.1624,0.7209,0.1689,350.6,811.3,47.48,0.7681,578.1,2.306,400,0.5297
74,child14,child,15.3429,8.000,0.000,8.000,47.000,-4.000,5.950,-1.220,2322.000,15.147,61.317,1262,2800,103.8,115.5,4.548,0.8,1.103,1.5,13.43,0.01618,15.44,9.906,13.87,1.034,10.95,0.1899,38.73,23.48,12.11,4.391,0.3595,1950,195.5,5.86,139.3,3,1.993,35.39,89.87,12.08,6.501,152.4,438.8,90,4.616,0.566,183.1,60.8,229.5,543.9,385.7,42.81,0.03274,446.9,0.4498,0.8181,0.7221,0.4205,0.7479,0.1275,0.1882,0.8988,0.1844,440.2,717.5,44.16,0.6929,527.3,1.822,330.1,0.5193
74,child15,child,130.6474,28.000,0.000,28.000,178.000,12.000,224.600,1.444,4267.000,23.880,49.083,1508,2408,114.7,120,4.257,0.8999,1.072,1.347,15.88,0.01508,13.27,9.628,16.43,0.9105,11.39,0.2158,51.32,19.7,13.94,4.018,0.3273,2000,215.8,5.859,112.2,2.673,2.186,31.45,105.1,14.55,5.249,155,429.9,90,4.742,0.6483,179.5,54.98,268.8,607.7,407.4,43.7,0.0317,461.2,0.5398,0.7629,0.8086,0.3513,0.7,0.1122,0.1761,0.8953,0.161,407.9,1023,48.2,0.7121,549.9,2.592,388.8,0.5414
75,parent,parent,139.9549,29.000,0.000,29.000,171.000,32.000,170.800,1.264,3345.000,27.680,67.750,1421,2613,91.65,120,4.01,0.8,1.2,1.5,14.85,0.01374,13.2,6.767,20.34,1.004,11.64,0.2613,46.78,17.23,12.79,3.957,0.3275,1430,164.2,5.928,138,2.878,2.5,35.24,104.2,13.71,4.94,132.1,435,83.52,5.039,0.6864,226.8,52.97,241.8,641.2,463.3,44.28,0.03436,492.4,0.5285,0.8262,1,0.4424,0.8088,0.1296,0.162,0.6175,0.176,371.9,947.5,47.03,0.5457,564,2.314,400,0.503
75,child0,child,52.2607,11.000,0.000,11.000,92.000,3.000,42.433,-0.883,1953.000,15.600,66.567,1493,2800,85.72,120,4.201,0.8,1.142,1.481,16.05,0.01398,17.14,6.564,18.75,0.8455,13.02,0.3246,53.02,16.56,12.98,4.045,0.3704,1533,214,5.599,153.6,3,2.5,31.05,103.4,13.72,4.896,127.5,390.5,85.24,4.932,0.822,301.2,46.5,181.7,707.1,415,49.88,0.03494,496.4,0.5119,0.7742,0.9376,0.3808,0.7,0.1353,0.1825,0.549,0.1697,373.3,980.6,45.76,0.5099,542.1,2.111,399.5,0.6403
75,child1,child,20.1167,7.000,0.000,7.000,43.000,9.000,90.967,-3.580,1682.000,11.327,62.600,1625,2128,82.49,120,3.893,0.8868,1.097,1.405,16.77,0.013,13.1,6.521,18.09,0.9976,10.47,0.2305,36.81,17.63,13.1,4.897,0.2934,1237,192.8,4.46,149.4,3,2.346,34.53,92.4,13.59,4.774,106.2,477.5,86.04,5.898,0.6284,246.4,53.93,201.9,676.5,564.9,37.79,0.03855,410.9,0.4025,0.7289,1,0.4295,0.7384,0.1041,0.1486,0.6115,0.2004,453.1,905.3,39.56,0.4739,578.2,2.365,378.7,0.5299
75,child2,child,98.3017,26.000,1.000,25.000,122.000,12.000,126.400,1.761,3280.000,20.887,86.183,1690,2022,95.65,120,4.109,1.004,0.851,1.5,18.58,0.0158,11.03,7.312,19.82,0.8763,11.07,0.2155,49.62,17.34,11.12,4.321,0.3566,1529,155,5.112,107.4,2.951,2.5,38.73,107,11.33,4.622,141.8,479.9,90,5.033,0.6332,226.2,55.18,230.5,605.2,422.6,35.31,0.03298,551.6,0.4882,0.7206,1,0.4481,0.8772,0.1368,0.1735,0.62,0.1684,313,1073,51.3,0.6112,570.5,2.062,400,0.4071
75,child3,child,47.4716,17.000,1.000,16.000,59.000,9.000,-10.650,-0.618,2396.000,18.347,55.117,1322,2755,81.71,120,3.61,0.937,1.2,1.5,15.35,0.01606,12.42,5.277,18.69,1.169,12.13,0.2701,42.97,17.76,13.93,3.748,0.3304,1464,176.6,6,134.4,3,2.5,35.39,102.8,14.43,4.891,129,381.5,86.29,5.125,0.7297,248.3,49.58,220.4,749.3,514.1,44.11,0.03637,600,0.5088,0.9402,1,0.3334,0.9294,0.1273,0.1436,0.6298,0.1574,382.6,1130,58.63,0.5565,559.1,2.346,400,0.4471
75,child4,child,2.8130,4.000,0.000,4.000,20.000,3.000,75.767,-1.441,1484.000,9.767,47.650,1353,2594,94.88,120,3.667,0.8,1.2,1.04,12.95,0.01266,14.42,7.905,19.31,0.9305,9.626,0.2113,45.15,18.78,15.35,4.348,0.333,1605,172.4,6,144.6,3,2.5,31.2,94.86,11.81,6.446,114,396,90,7.21,0.8887,244.1,52.94,242.3,570.2,494.6,55.33,0.03363,502.4,0.4992,0.8243,0.9789,0.3768,0.7223,0.1444,0.1455,0.5637,0.1941,293.9,742.8,54.44,0.5563,663.4,2.392,400,0.4705
75,child5,child,6.7123,6.000,0.000,6.000,24.000,8.000,80.867,-1.332,1904.000,13.873,54.117,1632,2469,98.13,119.9,3.382,0.8022,1.056,1.5,16.41,0.01576,15.47,7.769,25.95,1.039,11.33,0.2828,40.29,16.3,12.69,3.784,0.3481,1615,150,4.414,143.5,2.513,2.312,41.1,84.03,15.37,5.69,130.7,495.6,88.29,4.722,0.6638,250.7,54.26,240.7,630.3,441.3,36.18,0.03118,500.7,0.5401,0.9762,1,0.4179,0.8749,0.1166,0.154,0.5631,0.167,360.7,984.8,57.36,0.6358,643.7,2.175,400,0.4776
75,child6,child,28.9373,9.000,1.000,8.000,50.000,17.000,110.267,1.531,1724.000,25.853,66.083,1700,2551,89.92,120,4.635,0.8534,1.183,1.273,15.6,0.01409,13.22,5.982,19.11,0.8295,11.08,0.1984,45.99,19.99,11.52,4.814,0.4045,1605,174.2,5.76,144.9,3,2.5,34.34,118.4,13.72,4.858,150,383.8,72.92,4.932,0.6149,213,61.74,241.4,675.1,558.8,34.2,0.03123,499.7,0.5388,0.9125,0.8828,0.4074,0.7,0.1171,0.1932,0.668,0.1465,283.6,938.9,43.5,0.4886,565.1,2.441,400,0.4579
75,child7,child,121.8077,27.000,0.000,27.000,130.000,34.000,205.767,2.887,2936.000,24.347,47.567,1306,2180,104.1,115.8,4.732,0.819,1.142,1.5,14.17,0.01423,16.24,6.094,24.24,1.003,12.81,0.2639,50.71,18.37,15.39,4.187,0.3511,1609,175.9,6,115.7,2.688,2.28,31.65,94.21,13.99,4.48,144.5,393.2,67.41,5.567,0.6759,209.1,46.87,263.8,560.5,419.8,56.91,0.03432,600,0.6419,0.8402,0.8504,0.44,0.7208,0.1147,0.1884,0.579,0.1688,386.9,1026,59.98,0.6395,462.3,2.217,400,0.441
75,child8,child,59.3627,15.000,0.000,15.000,100.000,-2.000,-22.933,0.160,2518.000,24.420,72.367,1307,2800,102.6,99.5,4.183,0.8,1.148,1.408,14.81,0.01652,12.73,7.284,22.27,0.868,11.81,0.2502,43.15,20.66,13.49,3.924,0.2685,1635,150,5.899,149.9,3,2.313,27.79,108.5,11.88,5.246,127.2,416,77.79,3.671,0.6068,195.6,49.28,231.5,664.4,506.3,39.86,0.03898,600,0.5442,0.7695,1,0.4745,0.8422,0.142,0.1475,0.5555,0.1711,432,944.4,41.78,0.5668,481,1.916,393.2,0.5846
75,child9,child,142.8961,30.000,1.000,29.000,176.000,28.000,271.917,1.906,3557.000,28.387,56.867,1544,2503,91.1,120,3.66,0.8,1.079,1.5,15.63,0.01107,11.17,7.488,19.42,0.8357,10.98,0.2749,48.24,18.45,10.25,4.215,0.339,1394,150,6,137.4,2.849,2.5,36.57,120,15.89,5.922,121.2,461.9,90,5.753,0.6998,205.5,44.28,254.8,719.9,553.3,43.35,0.03557,518.1,0.5235,0.7193,0.9143,0.4334,0.8935,0.1336,0.1876,0.6206,0.1511,350.7,1200,41.7,0.6383,599.7,2.818,364.7,0.4804
75,child10,child,95.2921,25.000,2.000,23.000,131.000,16.000,185.267,0.565,3629.000,25.307,75.750,1274,2668,94,116.8,3.473,0.8766,0.9887,1.5,17.75,0.01257,12.42,6.574,19.07,1.178,16.79,0.2668,44.34,15.26,14.72,3.559,0.2873,1192,150,6,159.2,2.9,2.5,23.07,105.5,12.76,4.878,154.1,466.2,72.96,5.746,0.6311,249.5,54.96,258.3,670.6,475.8,43.08,0.04186,495,0.4908,0.7011,0.8186,0.503,0.7,0.1508,0.1904,0.7149,0.2045,479.4,1024,43.46,0.6543,706.7,1.931,400,0.4787
75,child11,child,181.1746,36.000,0.000,36.000,208.000,32.000,253.433,1.650,3427.000,25.093,63.400,1217,2800,104.8,111.7,3.274,0.947,1.2,1.265,14.68,0.01375,15.08,6.768,18.85,1.113,11.81,0.237,52.23,16.64,13.11,3.908,0.3438,1564,188.7,6,117.8,2.892,2.5,31.31,120,11.58,5.305,132.2,339.7,90,5.624,0.5952,238,50.01,262.7,696.4,410.8,37.81,0.0375,478.6,0.4859,0.777,0.8446,0.4054,0.8496,0.1074,0.1737,0.6025,0.1588,393.4,810.9,40.53,0.5653,545.5,2.55,396.1,0.5291
75,child12,child,119.2679,27.000,1.000,26.000,144.000,13.000,248.150,3.515,3146.000,23.360,62.567,1455,2800,100.9,93.27,4.011,0.8,1.2,1.098,11.17,0.01479,14.36,6.99,17.86,1.03,13.47,0.2531,48.4,16.15,12.85,3.662,0.3499,1547,184.7,5.566,125.1,2.829,2.5,37.39,92.48,13.5,4.535,127.6,439.7,76.95,4.291,0.8339,234.8,64.42,218.6,682.9,417.5,54.03,0.03517,431.7,0.6219,0.7556,0.9748,0.4825,0.8298,0.1291,0.1853,0.5667,0.1704,282.7,970.3,40.74,0.5503,525.6,2.468,400,0.5402
75,child13,child,141.6479,26.000,0.000,26.000,168.000,25.000,207.367,1.080,2107.000,25.780,63.917,1619,2496,89.06,103.5,4.082,0.8,1.2,1.358,14.65,0.009925,11.94,6.739,20.47,0.9519,12.49,0.2651,50.68,17.46,13.9,3.982,0.3449,1485,156.3,4.565,154,3,2.369,41.16,120,12.61,6.362,115,450.2,78.12,4.734,0.6416,216.8,60.67,271.7,621.3,363.8,41.09,0.03454,479.9,0.5512,0.8626,1,0.4334,0.7268,0.1214,0.153,0.5855,0.1767,278.9,910.7,41.4,0.5437,709,2.624,378.7,0.5553
75,child14,child,75.3271,21.000,0.000,21.000,78.000,-1.000,-84.767,2.437,1692.000,24.827,65.933,1071,2800,120.5,91.6,3.998,0.854,1.158,1.5,15.41,0.01683,12.92,6.026,17.81,1.142,12.45,0.3119,47.18,17.6,12.92,4.432,0.3153,1312,150,5.713,132.9,2.76,2.5,31.61,107.8,9.488,4.853,113,470.7,68.71,4.866,0.7973,255.7,64.17,222.2,641.6,417.7,41.74,0.03641,549.2,0.4339,0.9157,1,0.4384,0.8252,0.1273,0.146,0.724,0.1797,358.1,1175,45.11,0.6105,498.5,1.996,400,0.548
75,child15,child,-17.9477,3.000,0.000,3.000,-13.000,0.000,30.683,-2.476,1367.000,8.333,53.200,1751,2800,80,120,4.545,0.8,1.2,1.5,14.94,0.01164,12.53,6.568,19.25,1.062,11.74,0.2657,46.05,16.56,17.42,4.298,0.3272,1507,175,5.835,121.4,3,2.5,31.98,91.69,16.83,4.209,112.5,443.2,76.89,4.238,0.8641,255.6,37.97,239.4,522.2,418.2,53.1,0.03822,517.9,0.5619,0.8185,0.9879,0.4438,0.7913,0.1097,0.1781,0.5968,0.1331,448.9,896.9,48.2,0.4582,510,2.356,365.9,0.4643
76,parent,parent,151.8934,31.000,1.000,30.000,194.000,30.000,184.183,1.383,3555.000,30.933,68.383,1217,2800,104.8,111.7,3.274,0.947,1.2,1.265,14.68,0.01375,15.08,6.768,18.85,1.113,11.81,0.237,52.23,16.64,13.11,3.908,0.3438,1564,188.7,6,117.8,2.892,2.5,31.31,120,11.58,5.305,132.2,339.7,90,5.624,0.5952,238,50.01,262.7,696.4,410.8,37.81,0.0375,478.6,0.4859,0.777,0.8446,0.4054,0.8496,0.1074,0.1737,0.6025,0.1588,393.4,810.9,40.53,0.5653,545.5,2.55,396.1,0.5291
76,child0,child,74.1271,14.000,0.000,14.000,118.000,19.000,176.133,1.148,2707.000,22.693,54.300,1276,2800,80.84,105.2,3.593,0.8,1.2,1.327,16.36,0.01433,15.84,6.917,19.78,1.185,14.71,0.2547,54.16,17.08,13.33,3.708,0.3525,1413,171.6,5.394,119.8,2.462,2.375,32.51,120,13.03,3.961,119.5,284.5,90,5.176,0.6144,212.6,53.21,402.7,615.5,466.1,43.33,0.03373,466,0.4144,0.677,0.7782,0.3186,0.8139,0.1044,0.1945,0.532,0.1721,373.7,865.1,44.11,0.6264,592.8,2.39,400,0.5725
76,child1,child,138.6107,32.000,0.000,32.000,161.000,18.000,150.433,3.434,3749.000,24.033,63.217,1201,2800,102.5,106.5,2.725,0.9359,1.12,1.24,18.83,0.01237,12.25,6.279,18.58,1.159,11.77,0.2571,52.56,18.95,11.51,3.975,0.3503,1782,165.2,5.63,114.7,2.946,2.223,28.8,109.9,12.82,4.723,140.6,383,90,5.323,0.5501,280.2,54.91,283.5,696.2,382.5,43.13,0.03571,461.6,0.5403,0.7632,0.7447,0.3353,0.719,0.1062,0.1641,0.6305,0.1522,296.5,836,34.85,0.5935,448.2,2.375,345,0.5264
76,child2,child,27.2748,16.000,6.000,10.000,33.000,27.000,243.567,3.933,2146.000,26.713,73.317,1250,2800,106.5,97.26,3.32,1.033,0.9945,1.419,13.95,0.01212,16.49,6.649,18.25,1.14,13.69,0.345,67.38,20.04,13.2,3.514,0.3472,1697,171.7,5.319,133.3,3,2.376,26.54,120,12.06,5.837,135.7,371.3,74.3,5.136,0.734,265.3,39.06,257.6,718.3,427.5,31.67,0.03975,447.8,0.4663,0.6716,0.8622,0.4228,0.8255,0.1358,0.1389,0.6439,0.1666,406.2,812.8,39.04,0.5769,531.5,2.166,400,0.5239
76,child3,child,145.1566,25.000,0.000,25.000,207.000,12.000,96.783,1.069,2916.000,28.187,62.350,1054,2741,99.3,120,3.55,0.9405,1.2,1.432,13.09,0.01298,14.82,6.139,18.66,1.115,14.42,0.2859,49.4,17.09,11.02,3.456,0.3115,1671,244.8,6,152.6,2.837,2.5,29.11,120,13.31,5.253,148.3,302.4,90,6.201,0.6469,258,51.01,272.3,749.2,467.2,43.01,0.03495,479.5,0.5864,0.6504,0.7355,0.4314,1,0.1342,0.1535,0.6062,0.1587,356.2,944,47.14,0.5499,596.6,2.683,317.6,0.5671
76,child4,child,169.0404,34.000,0.000,34.000,190.000,44.000,278.217,2.679,3584.000,24.667,53.567,1154,2427,106.7,117.5,2.96,1.148,1.2,1.139,17.3,0.01386,15,5.33,22.95,1.237,11.14,0.2006,52.18,18.07,11.65,3.744,0.3761,1599,182.1,5.305,111.8,3,2.427,29.77,114.7,10.87,5.157,152.8,301.6,90,4.874,0.6249,286.6,55.59,253.3,685.5,519.1,36.4,0.03487,390.7,0.4363,0.6088,0.6664,0.4714,0.9038,0.09798,0.1582,0.5712,0.1603,463.1,829.9,36.63,0.5652,594.2,2.783,382.5,0.6157
76,child5,child,52.6396,13.000,0.000,13.000,82.000,18.000,19.883,2.320,2348.000,20.933,69.450,1318,2800,80,108.4,3.704,1.064,1,1.352,14.93,0.01682,15.28,6.891,23.7,1.127,9.239,0.2505,59.04,17.62,14.63,3.278,0.3214,1723,212.4,6,131.2,3,2.5,30.46,120,12.24,4.907,123.6,311.4,90,5.445,0.5382,267.2,56.63,329.4,584.3,341.8,32.99,0.0416,389.9,0.5747,0.8301,1,0.4132,0.8913,0.1146,0.1951,0.6615,0.1695,398.5,804.2,38.86,0.4959,437.7,2.985,384.7,0.5094
76,child6,child,148.9828,32.000,1.000,31.000,191.000,11.000,127.483,1.689,3710.000,26.647,53.467,1199,2718,127.2,115.8,3.289,0.8608,1.2,1.264,13.25,0.01614,16.42,6.776,15.8,1.161,12.27,0.2525,59.89,13.16,12.46,3.724,0.3865,1539,190,6,112.6,2.388,2.5,32.48,120,12.71,5.988,134.1,367.5,90,6.505,0.5393,196.7,57.01,217.6,601.6,464.8,36.71,0.0385,457.9,0.4387,0.8425,0.7903,0.4328,0.8034,0.08281,0.1575,0.6856,0.1517,400.8,841.4,34.83,0.5849,615,2.488,400,0.3698
76,child7,child,118.0263,27.000,1.000,26.000,138.000,36.000,265.567,2.219,3148.000,28.127,83.017,1190,2353,101.3,120,3.176,0.8708,1.041,1.404,12.28,0.01552,14.9,5.77,19.64,1.212,9.641,0.2036,56.28,19.66,14.29,3.64,0.3634,1519,205.1,6,115.4,2.496,2.5,31.53,120,8.97,4.782,128.9,277,86.49,7.095,0.6629,219.1,52.04,215.9,591.2,353.4,36.36,0.04179,451.5,0.499,0.6858,0.9042,0.3767,0.8479,0.09891,0.159,0.615,0.1407,427.8,818.9,46.54,0.562,635.3,2.389,400,0.5383
76,child8,child,201.2872,43.000,0.000,43.000,233.000,31.000,188.833,1.969,4525.000,25.640,73.600,1153,2800,113.5,120,3.086,1.034,1.174,1.5,15.51,0.01275,18.78,6.563,20.15,1.083,13.74,0.2568,53.33,16.37,12.84,3.576,0.3069,1718,192.5,5.12,131.8,2.599,2.5,29.31,117.1,10.86,6.574,144.2,264.6,90,4.82,0.7263,212.8,50.3,218.8,701.6,372.7,39.69,0.03601,496.4,0.4803,0.7803,0.7309,0.3817,0.781,0.08381,0.2067,0.6335,0.2163,373.5,614.1,44.65,0.618,479.7,2.068,400,0.5091
76,child9,child,3.3411,3.000,0.000,3.000,31.000,16.000,77.783,-2.613,1728.000,15.047,58.233,1077,2800,112,120,3.442,0.9861,1.141,1.5,17.51,0.01124,15.26,7.119,21.68,1.32,9.656,0.2344,48.04,17.34,12.98,4.728,0.3344,1702,265.1,6,100,2.195,2.5,28.97,90.21,12.3,4.594,131.1,304.4,88.33,5.769,0.5926,195.3,60.61,315.1,657.5,393,38.81,0.03332,500.4,0.5331,0.7873,0.6229,0.4686,0.9424,0.1213,0.1573,0.5951,0.1586,474.8,834.7,43.14,0.7559,518.6,2.292,397.6,0.505
76,child10,child,194.9226,38.000,0.000,38.000,249.000,29.000,222.917,0.958,4433.000,27.147,72.700,1065,2626,106.4,120,3.062,1.226,1.076,1.085,16.23,0.01634,14.45,7.791,18.4,1.39,11.03,0.2493,51.2,18.16,12.99,3.306,0.394,1393,202.9,4.72,115.3,3,2.434,37.3,111.2,8.614,5.375,158.7,318.6,90,4.944,0.6334,277.1,45.63,266.6,680.8,404.8,36.19,0.04275,390.5,0.4875,0.7644,0.7274,0.4383,0.7,0.09205,0.167,0.7273,0.1797,341.5,642.4,44.11,0.6434,615.1,2.675,388,0.6523
76,child11,child,50.3960,14.000,3.000,11.000,123.000,-22.000,-100.317,1.008,3009.000,18.867,62.250,1228,2747,80,120,2.85,0.811,1.028,1.5,17.41,0.0111,15.53,6.38,19.46,0.8615,10.54,0.2038,47.83,18.62,16.61,3.527,0.3288,1772,207.8,5.05,110.7,2.87,2.5,26.7,120,13.2,4.504,111,318.5,90,6.712,0.589,200.9,54.79,312.7,608.3,513.5,34.53,0.03376,553.3,0.3917,0.7742,1,0.3638,0.8324,0.1009,0.1406,0.6462,0.1917,348.1,787.4,35.55,0.4565,514.6,2.166,387,0.4937
76,child12,child,-17.0651,0.000,0.000,0.000,4.000,-6.000,-8.217,-0.907,1134.000,7.073,52.000,1258,2692,107.1,105.9,3.232,0.8109,1.2,1.5,15.24,0.01172,17.57,6.822,19.68,1.222,12.69,0.2932,43.95,13.91,14.57,3.283,0.2575,1608,182.4,6,130,3,2.342,29.6,97.75,13.1,4.97,134.8,257.3,90,6.085,0.7325,211.8,56.93,268.7,617.2,413.9,40.33,0.04225,499.1,0.4688,0.778,0.8726,0.4764,0.9206,0.095,0.1778,0.5763,0.1858,337,926.9,46.34,0.5847,532.8,2.166,390.6,0.5847
76,child13,child,151.7599,30.000,1.000,29.000,214.000,8.000,177.950,0.814,3886.000,32.747,56.717,1152,2800,126.9,120,3.163,1.077,1.2,1.319,17.35,0.01372,11.95,7.514,22.5,0.9181,14.86,0.2526,57.43,18.15,12.48,4.06,0.3222,1764,191.7,5.216,126.1,2.64,2.104,34.63,116.4,10.29,5.322,137.1,407,82.67,5.058,0.5983,259,46.78,235.2,714.7,349.1,42.7,0.0388,556.7,0.4157,0.7872,0.9264,0.4028,0.8924,0.09897,0.1588,0.6197,0.1888,393.6,795.9,38.33,0.526,534.2,2.571,393.6,0.5486
76,child14,child,97.2964,24.000,3.000,21.000,158.000,4.000,62.617,0.520,3623.000,28.907,78.950,1002,2800,116.1,117.1,3.029,0.974,1.021,1.469,17.87,0.01257,14.14,6.834,19.14,1.163,10.58,0.2168,42.61,13.86,12.73,4.03,0.3377,1743,181.4,6,125.1,3,2.061,37.01,120,11.49,5.547,137.6,380.7,83.63,5.515,0.6403,252.7,55.98,346.8,609.9,339.3,40.83,0.03992,439.9,0.5939,0.684,0.8001,0.3795,0.8104,0.09822,0.1741,0.6426,0.1404,442.2,758.8,34.03,0.5278,605.2,2.613,400,0.5527
76,child15,child,143.6571,30.000,0.000,30.000,177.000,23.000,66.117,1.532,3195.000,31.127,64.683,1620,2800,121.6,118.7,2.959,1.119,1.184,1.345,15.02,0.01604,14.92,6.277,16.39,1.398,14.45,0.2197,47.87,19.04,13.46,3.983,0.3412,1529,199.5,6,131.2,3,2.5,34.27,120,11.01,4.403,143.2,365.2,90,5.341,0.5914,220.5,54.11,344.6,560.3,322.2,45.76,0.03305,438.9,0.4127,0.7423,0.8441,0.3632,0.7,0.1295,0.1358,0.7142,0.1596,461.9,994.2,41.06,0.6263,545.6,3.15,342.1,0.5897
77,parent,parent,230.9139,48.000,0.000,48.000,273.000,42.000,279.400,0.909,5569.000,29.320,54.067,1153,2800,113.5,120,3.086,1.034,1.174,1.5,15.51,0.01275,18.78,6.563,20.15,1.083,13.74,0.2568,53.33,16.37,12.84,3.576,0.3069,1718,192.5,5.12,131.8,2.599,2.5,29.31,117.1,10.86,6.574,144.2,264.6,90,4.82,0.7263,212.8,50.3,218.8,701.6,372.7,39.69,0.03601,496.4,0.4803,0.7803,0.7309,0.3817,0.781,0.08381,0.2067,0.6335,0.2163,373.5,614.1,44.65,0.618,479.7,2.068,400,0.5091
77,child0,child,4.5588,2.000,0.000,2.000,25.000,10.000,188.850,-2.975,1289.000,8.273,45.133,1077,2692,130.1,120,2.954,1.185,1.2,1.442,17.85,0.01177,19.78,5.061,18.34,0.9432,11.49,0.2802,48.77,14.79,12.98,4.04,0.3197,2000,151.6,4.863,135.7,2.801,2.5,23.82,102.6,11.42,6.141,140.9,244.3,90,4.01,0.6384,180.6,52.87,239.3,606.4,329.7,36.25,0.02876,482.5,0.4122,0.7206,0.6847,0.3644,0.7499,0.08015,0.1861,0.5572,0.2178,486.2,581.6,39.74,0.6148,473.8,1.959,400,0.4287
77,child1,child,-7.1541,4.000,0.000,4.000,16.000,-4.000,-113.783,-1.731,1703.000,13.413,48.417,955.9,2558,95.9,105.5,2.619,1.19,1.2,1.456,15.53,0.01344,17.5,7.108,19.67,0.9918,11.22,0.2733,51.87,19.18,13.69,3.322,0.2812,1841,201.6,5.597,118.1,2.447,2.388,28.33,88.76,9.558,6.376,126,270.1,90,4.419,0.8483,236.3,65.55,247.9,665,397.3,39.62,0.03006,520.5,0.3931,0.7048,0.7765,0.3273,0.9445,0.09341,0.2056,0.7607,0.1969,404.4,741.8,40.24,0.6369,363.2,2.005,400,0.6104
77,child2,child,-6.9550,1.000,0.000,1.000,12.000,5.000,-8.300,-1.504,1052.000,8.920,46.250,1037,2532,116.7,109.4,3.057,1.01,1.2,1.241,14.86,0.01227,18.13,8.273,20.68,1.156,13.72,0.2242,50.27,14.65,11.29,3.369,0.2815,1581,212.4,5.456,175.8,2.277,2.5,25.1,99.74,9.32,6.651,135.1,263.3,90,5.87,0.6987,195.7,54.42,249.9,719.3,400.3,36.11,0.03719,495.3,0.4659,0.7143,0.6062,0.3326,0.7,0.0658,0.1981,0.568,0.2028,418.5,645.4,50.88,0.7688,520,2.391,400,0.4222
77,child3,child,19.8096,13.000,3.000,10.000,39.000,2.000,14.717,-0.420,2277.000,15.647,58.400,1189,2693,115.3,110.6,3.855,0.8363,1.085,1.5,15.76,0.01311,15.41,6.587,16.19,1.185,15.32,0.2892,55.79,12.42,11.79,4.394,0.3209,1602,210.8,4.195,176.3,2.81,2.365,29.64,106.2,11.01,5.135,170.6,236.6,90,4.797,0.8515,216.5,47.78,186.2,671.9,306.2,38.78,0.03462,600,0.3968,0.7011,0.9214,0.4679,0.7542,0.09004,0.2077,0.6875,0.1943,383.6,627.5,39.3,0.5539,444.2,2.472,362.3,0.563
77,child4,child,129.4717,31.000,0.000,31.000,144.000,25.000,193.533,2.531,3686.000,32.747,55.300,1174,2101,96.13,100.6,3.49,1.124,1.162,1.467,17.2,0.01394,19.55,6.56,23.19,1.153,15.31,0.2927,54.72,17.02,15.82,3.469,0.3662,1722,194.1,4.738,152.7,2.518,2.318,32.93,113,9.511,6.39,144.5,284.6,83.85,4.909,0.8143,232.7,51.36,155.4,813.2,362.8,44.27,0.03276,508.7,0.5023,0.845,0.8312,0.3703,0.9244,0.07665,0.2236,0.6907,0.2128,313.9,618.8,52.73,0.6061,460.6,2.119,400,0.6204
77,child5,child,82.0526,23.000,0.000,23.000,86.000,26.000,116.700,0.340,2945.000,20.547,61.467,1347,2584,119.4,120,3.273,0.8651,1.044,1.5,16.73,0.01127,18.4,6.229,23.74,1.083,12.61,0.3114,68.35,21.09,10.46,4.119,0.3265,2000,180.7,5.132,147.8,2.805,2.5,30.69,96.64,12.75,6.072,149.5,319.2,90,4.887,0.593,199.7,51.03,243.6,714.4,383.1,42.11,0.02879,481.1,0.4425,0.8111,0.6871,0.3766,0.7,0.07293,0.184,0.6296,0.218,432.4,537.5,54.12,0.5731,566.4,2.065,396.7,0.4423
77,child6,child,61.4213,15.000,3.000,12.000,94.000,37.000,307.283,1.702,2566.000,30.920,72.233,1237,2800,96.22,113.3,3.291,1.219,1.2,1.5,14.66,0.01279,19.84,6.249,17.66,1.23,12.69,0.2742,51.97,17.5,13.33,3.515,0.294,1631,181.7,5.275,131.3,2.225,2.5,32.91,120,9.169,6.029,134.8,250.6,69.94,5.13,0.8113,209.9,51.8,200,714.1,386.7,37.49,0.03347,554.9,0.4885,0.9214,0.992,0.3605,0.7477,0.07101,0.1857,0.5989,0.2457,397.7,684.8,47.47,0.5745,484,2.075,400,0.5104
77,child7,child,172.5961,37.000,0.000,37.000,198.000,35.000,285.767,3.798,4402.000,26.833,53.150,1226,2792,101.4,95.97,2.684,1.138,1.057,1.333,12.62,0.01306,18.7,6.599,20.85,0.9514,12.71,0.2579,50.13,20.78,13,4.667,0.3567,1866,174.3,4.514,124,2.764,2.5,24.86,120,10.69,7.858,131.1,317.4,90,4.571,0.7007,217.3,55.9,235.8,656.6,387.9,34.76,0.04149,452.2,0.4987,0.7637,0.6158,0.3952,0.7358,0.08102,0.2301,0.6884,0.2269,416.2,575.2,45.12,0.7431,432.4,2.026,400,0.4989
77,child8,child,56.8947,14.000,1.000,13.000,81.000,21.000,151.917,3.919,2408.000,26.133,51.100,1168,2800,103.6,87.35,2.723,1.13,1.2,1.5,13.39,0.01132,20.82,6.33,19.03,0.9151,12.72,0.2678,56.02,21.84,13.45,3.341,0.2742,1865,179.9,5.707,138.3,2.743,2.482,31.98,120,10.61,6.643,133,243.6,90,4.109,0.6601,195.3,58.41,253.5,575,507.8,37.87,0.03425,497.9,0.543,0.6982,0.6594,0.4018,1,0.1025,0.2025,0.6172,0.2117,389.2,612.7,52.18,0.6367,405.9,2.375,395.9,0.5674
77,child9,child,156.0222,33.000,1.000,32.000,202.000,23.000,113.133,1.043,3985.000,28.320,56.800,965.8,2800,132.1,120,4.308,1.007,1.2,1.5,14.32,0.009936,15.28,6.483,18.74,0.8552,16.9,0.2213,53.93,19.27,13.8,3.535,0.2582,1757,162.6,5.409,133.1,2.777,2.201,27.54,120,9.396,5.651,163.1,242.3,90,4.363,0.8449,190.6,44.99,175.6,717.9,330.1,41.46,0.04497,548.5,0.4818,0.818,0.6835,0.3497,0.7231,0.07949,0.2122,0.5725,0.2129,356.6,654.5,49.09,0.5402,492.1,1.984,400,0.6185
77,child10,child,80.7151,21.000,0.000,21.000,92.000,23.000,202.483,0.785,2954.000,24.520,53.350,1160,2257,94.61,95.4,3.155,1.1,1.2,1.492,14.42,0.01342,19.76,5.664,19.64,0.9507,11.5,0.2806,55.65,17.05,13.09,3.479,0.3127,1706,196.9,5.729,122.4,3,2.5,21.61,119.6,9.216,6.382,139.6,237.9,84.4,5.546,0.6697,206.6,54.82,233.8,653.4,306.8,45.93,0.04015,600,0.3745,0.7783,0.7714,0.3647,0.8297,0.07516,0.2232,0.6585,0.217,383.4,672.9,48.53,0.6032,402.4,1.97,400,0.5891
77,child11,child,216.8891,45.000,0.000,45.000,243.000,58.000,305.133,0.566,5028.000,28.380,44.783,1186,2778,112.4,120,3.069,1.018,1.2,1.5,15.02,0.01174,18.82,6.043,21.49,0.9756,13.91,0.2513,45.18,17.3,11.61,3.694,0.2853,1531,192.8,4.461,139.3,2.693,2.315,26.71,120,9.413,7.93,119.9,257.3,90,5.37,0.6287,246.4,47.32,275.7,747.1,368.1,43.39,0.03387,541.6,0.4049,0.6794,0.8445,0.3578,0.7858,0.07638,0.1971,0.6163,0.2168,419.4,581.3,49.42,0.5267,529.4,2.183,400,0.4742
77,child12,child,104.9536,28.000,3.000,25.000,141.000,21.000,113.400,1.340,3888.000,26.427,61.617,1390,2486,127.2,119.2,2.942,0.9843,1.113,1.37,18.73,0.01489,22.62,7.405,23.03,1.064,15.62,0.249,43.86,18.03,12.34,3.793,0.3549,1864,174.6,5.376,130.1,2.771,2.205,29.99,110.7,9.032,6.326,128.7,271.7,80.95,4.182,0.9077,216.2,53.84,223.6,803,350.8,41.61,0.04171,475.3,0.6106,0.7666,0.875,0.4532,0.7778,0.08147,0.2158,0.625,0.2568,338.9,509.2,41.57,0.4891,400.7,1.848,373.7,0.5078
77,child13,child,172.8063,39.000,0.000,39.000,203.000,32.000,98.050,0.761,4478.000,29.600,66.950,1473,2673,115.5,118.8,3.063,1.012,1.114,1.5,14.84,0.01473,21.71,7.66,24.26,1.095,13.2,0.2489,46.95,18.27,12.02,3.952,0.2909,1450,226.4,5.177,122.6,2.974,2.5,25.56,101.2,10.9,6.173,149.9,222.4,79.42,4.826,0.8467,225.9,44.14,173.6,657.2,397.6,41.87,0.03589,370.4,0.3965,0.9907,0.7973,0.3936,0.8172,0.1039,0.2037,0.6519,0.2135,429.6,531.4,42.43,0.5708,466.5,1.783,400,0.5441
77,child14,child,187.3170,39.000,0.000,39.000,221.000,42.000,223.167,2.120,4688.000,28.647,43.617,1141,2800,99.9,106,2.895,1.119,1.15,1.467,20.19,0.01289,18.38,6.138,20.97,1.094,13.31,0.2946,56.81,19.37,15.18,4.045,0.2666,1576,184.5,4.711,144.8,2.59,2.5,34.07,120,12.43,7.163,170.9,253.1,90,5.689,0.8181,263.4,45.41,217.9,643.5,386.8,51.49,0.04674,431.1,0.5172,0.6479,0.7756,0.4125,0.9255,0.08282,0.187,0.5468,0.2298,378.7,593,46.46,0.7191,469.4,2.324,377.3,0.4361
77,child15,child,131.1856,31.000,1.000,30.000,159.000,14.000,120.850,1.912,3730.000,26.293,45.583,1384,2800,111.3,110.8,2.923,1.248,1.2,1.5,13.76,0.01378,20.92,7.815,27.12,1.282,11.78,0.2498,57.02,16.23,10.65,3.958,0.3528,1647,163.4,5.41,111.1,2.775,2.134,30.5,102.4,9.84,5.142,108.8,241.9,76.6,4.527,0.6699,176.3,63.87,231.6,772.8,395.1,33.49,0.0402,492.7,0.5295,0.8485,0.7685,0.4503,0.7,0.07455,0.2058,0.6838,0.2159,312.3,614.2,35.9,0.7495,461.2,1.941,400,0.4478
78,parent,parent,177.0416,36.000,1.000,35.000,228.000,34.000,172.300,1.618,4536.000,25.933,50.600,1153,2800,113.5,120,3.086,1.034,1.174,1.5,15.51,0.01275,18.78,6.563,20.15,1.083,13.74,0.2568,53.33,16.37,12.84,3.576,0.3069,1718,192.5,5.12,131.8,2.599,2.5,29.31,117.1,10.86,6.574,144.2,264.6,90,4.82,0.7263,212.8,50.3,218.8,701.6,372.7,39.69,0.03601,496.4,0.4803,0.7803,0.7309,0.3817,0.781,0.08381,0.2067,0.6335,0.2163,373.5,614.1,44.65,0.618,479.7,2.068,400,0.5091
78,child0,child,160.0209,33.000,0.000,33.000,194.000,41.000,350.267,1.776,4210.000,29.873,69.850,1055,2400,109.7,120,3.486,1.079,1.2,1.5,16.63,0.01103,17.92,7.092,21.92,1.044,16.75,0.2192,50.85,15.15,11.52,3.632,0.2882,1804,188.3,4.32,133.2,2.325,2.5,26.17,120,9.783,7.458,122.7,269.1,90,5.395,0.8373,260,51.22,221.2,685.6,299.7,37.13,0.03788,495.7,0.491,0.7063,0.6262,0.4645,0.851,0.07308,0.2097,0.7255,0.2265,325.1,585,47.57,0.6081,400.6,1.738,400,0.577
78,child1,child,157.0993,36.000,1.000,35.000,190.000,15.000,283.833,1.204,4281.000,25.427,68.267,1262,2800,115.5,120,3.266,0.9062,1.038,1.417,13.57,0.01228,18.53,6.458,15.49,0.9936,15.68,0.2202,48.45,19.9,13.31,3.145,0.2824,1903,193.2,6,114.9,2.47,2.5,27.59,110.7,12.65,6.486,180.5,265.4,88.46,5.587,0.6136,175.7,56.46,216.7,556.8,349.1,47,0.04219,549,0.5009,1,0.8056,0.3517,0.7443,0.07372,0.2382,0.5776,0.1732,321.7,534.8,47.16,0.5878,452.3,2.084,400,0.5354
78,child2,child,200.2682,42.000,0.000,42.000,242.000,37.000,287.283,0.318,5158.000,28.680,55.883,1361,2800,118.8,120,3.069,0.9921,1.2,1.5,17.01,0.01193,22.73,7.607,17.32,1.12,10.93,0.2356,54.35,16.43,11.44,3.273,0.3463,1719,188.9,4.856,109.2,2.047,2.423,32.95,115.5,9.587,6.124,140.2,278.1,90,4.516,0.6981,226.5,43.69,197,746.1,315,36.97,0.04181,485.7,0.4536,0.805,0.6019,0.4228,0.7237,0.09499,0.2386,0.6261,0.2416,299.5,606.2,40.29,0.5196,411.4,1.969,350.2,0.5135
78,child3,child,159.3653,40.000,0.000,40.000,164.000,26.000,218.000,3.725,4555.000,27.373,57.700,900,2800,127.7,105.8,2.682,1.015,1.163,1.5,18.05,0.0123,19.33,7.564,18.94,1.075,13.57,0.2999,61.95,17.05,13.59,3.806,0.2534,1801,167,4.529,134.3,3,2.5,33.76,108.9,11.04,7.588,144.7,271.1,89.99,5.075,0.6221,165.8,51.1,220.1,723.1,434.2,46.96,0.03459,467.2,0.5531,0.7171,0.6495,0.3548,0.7966,0.06289,0.1879,0.5574,0.2182,378,579.7,46.15,0.8,543,1.808,400,0.4544
78,child4,child,188.7476,40.000,0.000,40.000,225.000,38.000,333.550,0.798,4942.000,27.340,62.683,1298,2800,128.2,117.1,3.143,0.9519,1.036,1.148,16.11,0.01363,18.92,6.982,20.18,1.012,12.16,0.2279,52.7,17.19,14.42,3.409,0.3066,1817,223.5,5.523,164.6,2.616,2.5,26.07,112.5,9.451,6.521,151.6,294.6,90,4.893,0.6568,211.8,51.91,219,596.7,393.8,35.66,0.02867,503.4,0.4327,0.9222,0.6518,0.4362,0.8007,0.08556,0.1755,0.6291,0.2355,500.1,657.6,45.98,0.6015,400.7,2.061,342.2,0.4451
78,child5,child,188.2336,42.000,1.000,41.000,233.000,22.000,177.367,0.920,5195.000,28.573,48.667,1295,2800,112.2,120,3.339,1.006,1.2,1.5,14.97,0.01409,18.41,6.575,17.82,1.035,15.68,0.2432,61.55,18.22,13.64,3.687,0.2763,1741,179.7,5.145,132.7,3,2.5,28.56,110.9,12.48,6.908,118.1,284.1,86.39,4.685,0.7391,229.2,49.93,251,819.7,405.7,32.58,0.03504,494,0.4631,0.9301,0.8372,0.3351,0.8909,0.09234,0.2326,0.7285,0.2251,305.2,636.4,55.93,0.6127,507.3,1.791,400,0.5373
78,child6,child,152.5647,30.000,1.000,29.000,160.000,52.000,287.683,0.980,2283.000,30.973,51.517,1171,2800,105.7,104.8,2.928,1.116,1.173,1.5,14.26,0.01284,16.4,6.114,17.95,1.055,16.32,0.2815,53.06,15.57,11.5,4.275,0.3112,1820,231.4,4.816,117.4,2.374,2.281,29.98,120,10.31,6.083,133.1,196.9,78.83,4.756,0.7649,213.6,54.72,185.3,584.5,374.4,32.01,0.03697,508.9,0.3913,0.8005,0.6869,0.4243,0.7666,0.06703,0.2039,0.7569,0.1874,449.6,671.8,42.77,0.6208,431.1,1.993,395.4,0.4497
78,child7,child,109.9221,26.000,2.000,24.000,170.000,9.000,56.600,1.071,4092.000,22.987,73.267,980,2800,121.9,109.4,3.646,0.855,1.2,1.5,13.77,0.01252,19.05,6.062,14.79,1.014,15.62,0.3051,46.88,16.26,13.97,4.102,0.3236,1396,173.4,5.075,142.7,2.63,2.423,24.69,119,11.62,5.868,141.9,278.4,90,6.266,0.8634,226.2,60.14,226.3,663.8,328.6,35.21,0.03858,556.7,0.433,0.7469,0.6585,0.3438,0.7,0.08717,0.1797,0.7829,0.1963,379.9,751.8,44.6,0.5729,454.4,2.383,379,0.4629
78,child8,child,112.0594,30.000,0.000,30.000,126.000,32.000,150.167,-0.920,3929.000,39.573,66.367,1468,2800,93.95,111.3,3.525,0.9919,1.2,1.424,15.08,0.01164,22.79,6.659,23.51,0.9363,15.66,0.2896,54.72,16.09,12.15,3.46,0.3227,1770,198.9,5.511,164.1,2.369,2.5,24.68,115.8,11.99,6.038,137,287.2,79.67,4.432,0.6675,204.1,41.71,226.2,777.9,299.5,32.96,0.03582,510.4,0.4906,0.7149,0.649,0.3488,1,0.08831,0.2139,0.4937,0.2591,321.1,584.5,37.09,0.5476,345.5,1.981,400,0.4561
78,child9,child,232.7970,50.000,1.000,49.000,265.000,59.000,316.050,1.516,5698.000,29.687,56.333,1217,2800,88.26,119.6,2.958,1.139,1.18,1.5,17.21,0.01398,17.58,6.217,19.3,1.141,13.91,0.2525,53.49,16.47,11.68,3.616,0.2754,1447,204.1,6,140.7,2.219,2.5,31.12,110.6,11.9,6.039,141.9,214.3,88.09,4.407,0.7007,194.2,54.27,189.4,788.2,326.1,37.37,0.04318,498.2,0.414,0.6976,0.8214,0.3348,0.7285,0.08647,0.2121,0.6627,0.218,443.3,732.4,42.77,0.6003,552.8,1.848,388.9,0.5218
78,child10,child,154.6798,35.000,1.000,34.000,181.000,27.000,216.267,0.291,4017.000,22.560,52.650,1255,2271,112,120,3.003,1.05,1.134,1.5,15.24,0.01143,20.6,7.598,18.93,1.091,12.57,0.2888,54.87,19.24,13.55,3.488,0.3036,1544,207.6,3.906,165.1,2.282,2.5,36.08,113.4,9.338,5.998,147.3,289.2,88.43,5.58,0.7204,210.1,48.71,258.5,711.1,392.7,33.41,0.03527,510.9,0.5035,0.7075,0.9646,0.3445,0.88,0.08544,0.2337,0.5227,0.1959,347.3,635.9,42.91,0.7306,448.7,1.96,390.7,0.4412
78,child11,child,130.2899,27.000,0.000,27.000,160.000,37.000,284.083,-0.028,3527.000,24.060,61.017,1054,2800,99.33,120,2.781,0.9599,1.2,1.5,12.75,0.01258,17.49,4.956,20.1,1.049,15.36,0.2565,55.2,21.55,13.13,3.624,0.306,1795,163.7,5.04,146.3,3,2.143,32.81,107.1,10.57,5.786,159.8,250,90,5.301,0.6444,197.3,40.02,262.9,792.4,465.8,46.05,0.04024,442.7,0.4696,0.6965,0.872,0.4658,0.7,0.09412,0.2256,0.6106,0.2346,323.2,434.6,39.65,0.6266,445.7,2.405,340.4,0.5024
78,child12,child,91.4379,22.000,1.000,21.000,117.000,34.000,194.050,0.186,3176.000,26.213,64.550,978.4,2423,104.2,120,3.44,1.082,1.2,1.5,19.24,0.01291,17.97,6.269,23.29,1.05,13.31,0.2658,54.8,15.54,11.36,3.659,0.2642,1701,225.1,6,126,2.678,2.3,27.61,120,9.814,7.489,167.3,261.1,83.07,4.2,0.6597,195.1,40.51,243.2,599.8,402.3,38.07,0.04237,532.7,0.5107,0.7369,0.6716,0.3226,0.7,0.09053,0.1988,0.5566,0.2084,389.3,574.9,36.81,0.6336,593.1,2.21,381.4,0.5453
78,child13,child,124.1967,33.000,0.000,33.000,126.000,36.000,124.650,4.653,4105.000,24.380,63.350,1220,2647,115.2,93.51,2.803,0.8948,1.119,1.331,13.45,0.01092,16.7,8.677,17.96,1.249,15.06,0.246,58.28,15.46,15.72,3.711,0.2833,1737,204.4,6,118.9,2.591,2.5,31.39,96.97,11.6,6.349,146.3,204.7,84.63,4.962,0.6528,208.8,51.58,205.4,899.4,454.8,39.96,0.0426,480.6,0.452,0.8869,0.7125,0.3585,0.8056,0.08548,0.2381,0.7676,0.1845,369.2,586.3,45.56,0.6272,544.4,1.962,310.7,0.5063
78,child14,child,89.7461,20.000,1.000,19.000,138.000,1.000,169.633,-0.194,2958.000,47.980,53.717,1336,2800,122.8,118,3.191,1.012,1.2,1.408,16.34,0.0125,17.86,5.217,16.03,1.145,13.61,0.2645,49.68,17.22,12.41,4.141,0.3494,2000,171,4.872,126.6,2.707,2.355,29.87,120,12.56,6.24,196.3,265.8,82.58,4.794,0.8682,219,55.47,215.9,618.9,376.2,41.44,0.0319,461.2,0.4549,0.8965,0.7378,0.3778,0.8348,0.09914,0.2154,0.5463,0.2097,387.4,738.4,44.93,0.6789,419.6,1.952,341.4,0.6014
78,child15,child,116.7602,30.000,0.000,30.000,144.000,1.000,87.633,0.580,3879.000,24.473,62.450,1180,2645,107.7,118.7,3.219,1.158,1.123,1.448,14.97,0.0136,18.17,6.686,21.69,1.275,14.11,0.2413,57.61,18.51,11.32,3.049,0.2947,2000,213.8,4.432,120.2,2.567,2.5,26.39,117.6,11.5,5.579,142.5,293.8,85.96,5.143,0.7193,201.7,55.68,224.4,799.9,392.8,48.47,0.0335,479.8,0.5368,0.7633,0.8397,0.3055,0.7,0.08791,0.2011,0.7076,0.1937,358.9,436.3,51.33,0.6428,515.8,1.848,397.1,0.4147
79,parent,parent,176.0680,40.000,1.000,39.000,215.000,13.000,161.933,0.383,4649.000,26.073,53.650,1217,2800,88.26,119.6,2.958,1.139,1.18,1.5,17.21,0.01398,17.58,6.217,19.3,1.141,13.91,0.2525,53.49,16.47,11.68,3.616,0.2754,1447,204.1,6,140.7,2.219,2.5,31.12,110.6,11.9,6.039,141.9,214.3,88.09,4.407,0.7007,194.2,54.27,189.4,788.2,326.1,37.37,0.04318,498.2,0.414,0.6976,0.8214,0.3348,0.7285,0.08647,0.2121,0.6627,0.218,443.3,732.4,42.77,0.6003,552.8,1.848,388.9,0.5218
79,child0,child,27.2623,25.000,7.000,18.000,44.000,-39.000,-406.567,1.513,2429.000,34.360,58.367,1225,2788,88.93,91.98,3.273,1.197,1.2,1.42,17.37,0.0138,19.45,4.813,23.67,1.319,13.62,0.3159,56.33,14.99,10.53,4.395,0.2515,1485,182.9,5.666,156.5,1.629,2.311,29.84,120,11.73,5.648,145.7,215.5,77.93,3.603,0.7293,187.4,43.47,221.2,743.2,366.4,39.43,0.04331,597.8,0.4051,0.6566,0.7446,0.3574,0.7907,0.08748,0.2341,0.6553,0.2238,469.9,759,39.94,0.5407,629.6,1.902,400,0.4212
79,child1,child,97.4011,24.000,1.000,23.000,133.000,23.000,9.550,1.459,3457.000,27.993,62.500,1086,2800,80,101.7,2.974,1.039,1.2,1.487,16.4,0.01337,19.59,6.137,17.5,1.173,12.23,0.245,52.52,17.81,13.15,3.309,0.2877,1372,210,5.676,146.6,1.997,2.5,29.5,119,10.49,5.35,169.1,200.8,81.27,3.717,0.7381,229,54.65,151.2,978.9,296.2,34.97,0.04405,578.2,0.3974,0.6763,0.8892,0.3387,0.7,0.08173,0.1944,0.6532,0.2164,658.9,709,47.36,0.6061,411.1,2.164,390.3,0.4354
79,child2,child,152.5889,34.000,1.000,33.000,172.000,51.000,255.000,3.087,4040.000,24.280,64.267,1153,2800,87.44,117.7,3.579,1.142,1.183,1.5,14.17,0.01182,19.21,7.109,18.7,1.347,16.71,0.267,63.75,19.51,12.05,3.356,0.2407,1325,171.1,6,144.7,2.587,1.859,28.66,111.5,12.18,4.917,139.7,237.7,90,3.793,0.7064,165.2,60.16,168.6,695.5,357.8,38.18,0.04936,433.1,0.4259,0.6764,0.9496,0.3562,0.827,0.0928,0.1926,0.5957,0.2389,424.9,767,40.32,0.6574,675,1.988,400,0.4786
79,child3,child,163.0507,41.000,1.000,40.000,190.000,17.000,86.017,-0.028,4716.000,32.273,66.683,1174,2776,80,118.8,3.083,1.322,1.2,1.5,16.34,0.01601,15.04,6.188,22.33,1.217,13.57,0.256,58.12,15.35,11.44,3.487,0.277,1391,211.2,5.765,145.9,2.225,2.5,31.18,111.2,9.593,6.959,132.7,195,79.34,4.502,0.638,186.2,58.25,157.6,832.3,320.5,31.46,0.05141,543.5,0.2972,0.7194,0.6709,0.3398,0.7009,0.08171,0.209,0.7198,0.1764,423,779.5,48.86,0.6358,548,1.5,400,0.4708
79,child4,child,169.9390,36.000,0.000,36.000,205.000,37.000,187.500,0.353,4463.000,27.807,44.767,1261,2639,80,120,3.102,1.238,1.044,1.5,17.09,0.01445,20.7,6.41,19.5,1.097,15.21,0.3015,43.87,14.64,13.09,3.217,0.3089,1426,254.1,6,134,2.594,2.23,32.51,120,11.93,5.991,150.1,197.9,90,4.198,0.755,220.8,42.23,183.5,744.3,315.6,32.8,0.03992,516.7,0.479,0.8963,0.6748,0.2776,0.7,0.07509,0.1959,0.7312,0.2032,393.1,819.7,32.07,0.6959,500.9,2.287,365.5,0.5683
79,child5,child,147.5264,36.000,1.000,35.000,187.000,11.000,170.067,0.065,4699.000,30.773,65.400,1212,2800,92.23,120,2.691,1.004,1.146,1.344,16.35,0.01324,17.28,7.458,16.14,1.137,12.84,0.2665,55.97,16.35,11,3.535,0.2754,1443,173.7,6,141.1,2.071,2.5,32.34,120,13.75,6.505,142.2,271.5,90,4.386,0.6444,188.1,51.81,201.4,884.1,298.8,35.58,0.0467,482.8,0.3977,0.5986,0.826,0.3194,0.7379,0.07794,0.1724,0.6692,0.2356,456.3,732.6,37.75,0.6172,565.3,1.825,400,0.5192
79,child6,child,92.7092,26.000,1.000,25.000,113.000,-7.000,40.783,0.977,3076.000,19.700,59.650,1114,2800,85.57,106,2.263,1.15,1.2,1.5,15.91,0.01535,16.13,5.7,18.4,1.516,14.54,0.2373,49.31,20.29,11.95,4.414,0.2585,1203,197.6,5.9,161.5,2.087,2.5,35.96,102.1,14.73,5.974,123.3,194.8,90,4.295,0.6959,185.8,62.99,244.2,930.3,281.4,38.99,0.03946,485.6,0.4197,0.8054,0.7957,0.3588,0.8937,0.07708,0.2156,0.63,0.1876,381.6,813.8,58.16,0.6063,611.2,1.66,400,0.5317
79,child7,child,-6.4124,3.000,0.000,3.000,4.000,-1.000,26.900,-1.179,1226.000,7.427,41.583,1286,2646,99.34,110.3,2.873,0.8751,1.2,1.417,20.09,0.01385,17.28,6.556,18.65,1.305,13.73,0.2727,52.4,16.38,13.95,4.232,0.2806,1366,176.8,6,148.9,2.612,2.5,34.71,96.61,14.33,5.697,120.7,293,90,3.933,0.8479,185.1,62.89,175.6,593.7,296.2,42.51,0.04418,508.2,0.3439,0.6966,0.7073,0.3488,0.776,0.09451,0.2156,0.6404,0.2579,353.9,671.6,33.86,0.6751,543.7,1.93,378,0.5143
79,child8,child,164.8423,38.000,2.000,36.000,197.000,42.000,201.400,1.564,4611.000,25.960,61.617,1604,2552,80,119.2,2.865,1.1,1.2,1.5,15.43,0.01383,16.72,6.498,19.74,1.19,16.27,0.2102,49.29,14.63,10.61,3.061,0.308,1949,212.7,5.847,140,2.341,2.5,27.14,108.3,10.65,6.423,160.3,198.3,84.77,4.133,0.8124,174.7,46.52,215.2,866.2,320.1,39.49,0.05356,479.4,0.3835,0.6652,1,0.3791,0.7816,0.09761,0.2096,0.6662,0.2118,537.1,658.1,42.2,0.7655,546.2,2.1,400,0.608
79,child9,child,191.9861,39.000,0.000,39.000,232.000,29.000,238.333,1.855,4331.000,26.147,65.833,1162,2800,105.7,120,2.784,1.211,1.2,1.385,16.05,0.01119,15.94,6.712,19.44,1.2,14.71,0.2813,54.47,14.32,11.04,4.474,0.2062,1780,218.4,5.599,165,1.888,2.5,30.9,106.5,11.2,7.224,124.9,251.3,82.49,3.773,0.6332,200.8,54.85,205.1,763.3,339.7,49.1,0.04091,558,0.4668,0.6701,0.8131,0.2603,0.7545,0.08608,0.2265,0.6154,0.1805,341.3,743.4,45.26,0.6805,479.2,1.879,400,0.5431
79,child10,child,0.6418,4.000,0.000,4.000,24.000,-2.000,-42.317,-1.628,1540.000,11.560,47.417,1110,2800,83.71,109.7,2.984,1.105,1.153,1.5,14.38,0.01591,20.59,5.396,17.24,1.122,12.8,0.2428,51.39,14.98,11.67,2.946,0.3021,1239,210.6,6,115.4,2.489,2.5,34.67,87.68,14.75,4.024,122,191.4,90,4.953,0.7434,182.7,49.24,232.3,701.6,369.9,37.96,0.04758,438.3,0.3748,0.7646,0.86,0.4043,0.7184,0.1082,0.2357,0.6677,0.2666,430.4,720.9,53.37,0.6136,643.4,1.622,400,0.4747
79,child11,child,137.1196,39.000,3.000,36.000,152.000,11.000,178.183,1.120,4523.000,27.473,52.267,1287,2609,80,93.38,3.19,1.224,1.124,1.5,18.1,0.01482,18.78,6.553,26.31,1.272,13.59,0.2372,44.33,14.99,11.37,3.603,0.2466,1395,188,4.663,125.2,2.21,2.5,33.18,120,12.72,7.666,138.2,197.1,90,4.737,0.898,186.2,52.71,200.9,853.7,324.1,39.19,0.04108,543.7,0.5231,0.6668,0.7898,0.3741,0.7577,0.1043,0.2581,0.6398,0.2139,424.7,701,42,0.6512,563.2,1.5,345.9,0.5933
79,child12,child,125.6799,32.000,1.000,31.000,146.000,26.000,195.550,1.670,4220.000,26.993,53.667,1019,2800,101.8,103.8,2.883,1.018,1.12,1.5,19.51,0.0143,21,6.42,23.08,1.036,13.72,0.2585,55.02,17.27,11.01,3.418,0.2533,1245,196.4,6,144,2.461,2.5,30.45,106.9,13.06,6.223,138.9,156.4,88.21,5.126,0.7302,202.3,58.13,176,801.7,276,46.34,0.04871,542.1,0.4126,0.6364,0.968,0.2801,0.7,0.07902,0.1879,0.7122,0.1996,424.6,757.6,60.8,0.5607,586,1.689,339.7,0.4689
79,child13,child,65.6219,18.000,1.000,17.000,73.000,19.000,118.217,2.620,2006.000,24.060,68.867,1362,2378,80,120,2.679,1.094,1.2,1.5,14.52,0.01245,18.47,5.737,18.01,1.147,12.49,0.2786,49.08,19.74,10.74,3.313,0.2451,1182,232.2,6,149.2,2.399,2.5,39.94,118.5,12.15,5.132,153.8,189,73.31,4.263,0.6744,221.9,45.38,224.5,730.9,311.5,42.39,0.03707,479.9,0.404,0.6969,0.9841,0.3125,0.7,0.08154,0.2058,0.7643,0.2063,497.8,650.9,42.61,0.6363,543,2.175,373.8,0.4705
79,child14,child,64.8439,26.000,6.000,20.000,98.000,-27.000,-279.183,1.459,2531.000,29.987,55.933,900,2759,92.92,120,3.058,1.314,1.2,1.305,16.77,0.0123,16.36,6.461,17.44,1.076,15.05,0.2379,53.44,15.52,11.48,3.659,0.2999,1688,214.2,5.719,139.5,2.104,2.399,34.26,120,11.53,6.743,140.3,224.1,80.2,3.776,0.6293,206,48.54,200.9,801.9,323.3,46.42,0.04749,442.5,0.4346,0.6673,0.8289,0.285,0.8343,0.07858,0.1811,0.6122,0.2201,421.3,817.5,37.16,0.6878,511,1.88,367.3,0.5944
79,child15,child,0.1559,4.000,1.000,3.000,26.000,2.000,7.117,-2.209,1497.000,10.387,52.733,1178,2324,80,115.3,3.597,1.096,1.036,1.5,19.33,0.01252,18.87,8.387,20.16,0.9094,14.19,0.2415,55.44,16.94,13.87,3.932,0.3176,1312,197.8,6,119,2.27,2.5,31.54,94.75,13.34,8.353,155.2,196,90,4.348,0.6335,176.3,56.24,188.4,798.4,396.3,27.91,0.0349,456.5,0.3237,0.7321,0.8504,0.293,0.7,0.1124,0.1731,0.5684,0.2454,475,929.8,35.93,0.6018,554.7,1.956,374.4,0.4241
80,parent,parent,239.0916,43.000,0.000,43.000,291.000,66.000,374.267,0.477,4910.000,27.107,45.217,1162,2800,105.7,120,2.784,1.211,1.2,1.385,16.05,0.01119,15.94,6.712,19.44,1.2,14.71,0.2813,54.47,14.32,11.04,4.474,0.2062,1780,218.4,5.599,165,1.888,2.5,30.9,106.5,11.2,7.224,124.9,251.3,82.49,3.773,0.6332,200.8,54.85,205.1,763.3,339.7,49.1,0.04091,558,0.4668,0.6701,0.8131,0.2603,0.7545,0.08608,0.2265,0.6154,0.1805,341.3,743.4,45.26,0.6805,479.2,1.879,400,0.5431
80,child0,child,222.6918,44.000,0.000,44.000,267.000,46.000,330.600,0.447,4871.000,27.320,74.017,1150,2800,98.4,120,3.06,1.188,1.038,1.5,15.4,0.009406,14,7.811,18.76,1.67,15.9,0.2653,54.91,13.03,11.35,3.687,0.2373,1405,211.1,4.657,232,2.223,2.5,31.28,104.2,9.185,6.424,132.9,285.2,79.88,3.376,0.6787,177.6,55.59,257,807.8,298.6,51.54,0.05002,600,0.3852,0.6454,0.81,0.2565,0.7663,0.1032,0.255,0.6064,0.173,426.3,746.6,49.22,0.7009,439.3,2.339,369,0.5171
80,child1,child,60.0121,15.000,1.000,14.000,80.000,26.000,191.900,-1.260,2306.000,16.727,56.633,1077,2800,89.45,120,3.077,1.401,1.2,1.3,15.64,0.0117,17.64,6.395,19.53,1.24,15.69,0.3038,59.46,15,10.21,4.425,0.2103,1678,243.9,6,184.8,1.701,2.367,32.99,109,10.42,8.137,141.2,239.5,90,3.769,0.4981,202.2,51.35,185.4,595.8,369.3,53.71,0.04382,551.3,0.4249,0.6488,0.9542,0.2872,0.8209,0.09797,0.2488,0.6398,0.2137,354.5,888,50.56,0.6161,675.1,1.852,372.8,0.4987
80,child2,child,-15.9354,0.000,0.000,0.000,0.000,-3.000,43.667,-2.722,994.000,6.127,42.950,1049,2800,102.3,120,2.724,1.318,1.17,1.5,16.51,0.01094,15.62,6.792,19.65,1.192,14.79,0.2846,47.1,12.82,11.19,4.452,0.2263,1684,214.7,5.359,138.9,1.822,2.354,35.56,97.7,11.33,6.786,113.3,279.6,90,3.641,0.5617,212.8,70.63,188.1,932.9,405.4,54.8,0.03789,472.8,0.4126,0.7546,0.84,0.2359,0.8865,0.09508,0.2304,0.6146,0.1551,287.8,692.5,48.8,0.7354,419.4,1.788,333.2,0.5102
80,child3,child,37.8484,13.000,1.000,12.000,58.000,25.000,185.017,-0.213,2582.000,24.820,74.433,1119,2189,80,114.8,3.564,1.12,1.116,1.435,20.2,0.01372,17.05,5.763,22.4,0.9624,14.82,0.2603,54.99,15.37,10.8,5.056,0.2,1699,218.6,6,158.9,1.639,2.5,29.42,110.6,11.93,7.297,107.3,236.6,76.15,3.823,0.6468,249.7,52.07,196.3,603.2,352.9,66.4,0.04048,553.4,0.407,0.9626,0.8611,0.3534,0.7,0.08972,0.2048,0.6782,0.209,305.4,553.1,45.08,0.7181,431.6,1.99,382.1,0.5709
80,child4,child,98.2850,28.000,0.000,28.000,100.000,10.000,129.317,1.241,3302.000,24.387,54.633,1177,2800,126.7,90.05,2.29,1.253,1.2,1.389,17.89,0.0108,16.93,9.437,19.09,0.9768,14.94,0.2976,56.63,13.06,10.06,5.164,0.2,2000,185.1,5.587,165.4,1.949,2.5,32.74,87.39,12.63,8.25,131.6,282.6,76.44,3.891,0.6358,234.8,53.7,169.1,617.4,321.2,56.66,0.0461,581.6,0.4504,0.531,0.8824,0.2364,0.8051,0.1026,0.2473,0.6136,0.1549,324.5,743.2,46.37,0.6098,435.9,1.604,337.6,0.6628
80,child5,child,177.3242,40.000,1.000,39.000,210.000,29.000,148.217,1.269,4407.000,28.747,71.300,1234,2800,116.9,114,2.771,1.165,1.144,1.291,15.16,0.01147,18.29,6.536,20.3,1.325,15.23,0.2388,55.09,16.9,12.12,4.271,0.2411,1989,194.7,4.789,154.5,2.065,2.267,35,120,10.87,8.023,131.6,313.1,89.93,4.044,0.5435,166.9,42.51,233.1,711.5,322.5,39.74,0.03749,530.2,0.501,0.7197,0.8776,0.3036,0.7977,0.08628,0.2361,0.7626,0.1779,324.7,680.1,46.28,0.77,355.8,1.646,397,0.4774
80,child6,child,-27.8154,2.000,2.000,0.000,-12.000,-8.000,-0.333,-2.579,1454.000,7.060,36.733,1232,2800,123.5,102.2,2.206,1.363,0.935,1.5,15.48,0.01144,12.39,6.963,18.64,1.167,12.53,0.3366,45.02,12.8,9.722,4.675,0.24,1757,236.9,6,156.1,1.712,2.5,37.6,87.36,9.798,6.845,141.5,263.2,72.7,4.61,0.5879,206.8,49.07,174.5,755,398.7,45.92,0.04706,600,0.4745,0.7393,0.8705,0.2657,0.8409,0.1024,0.1785,0.7399,0.1817,361.9,845.8,53.55,0.548,423.2,2.061,361.6,0.468
80,child7,child,111.6483,28.000,2.000,26.000,140.000,17.000,103.233,1.265,3329.000,28.973,62.617,1050,2800,111.1,116.6,2.153,1.375,1.2,1.342,12.98,0.009195,14.77,6.193,21.15,0.9826,16.12,0.2295,51.55,14.21,12.59,3.581,0.2,1820,221.8,6,192.1,1.885,2.5,29.3,102.3,11.25,7.68,97.44,277.4,70.29,3.636,0.628,218.6,60.13,225,736.4,299.8,43.81,0.0378,600,0.4866,0.7237,0.9214,0.2485,0.7464,0.08473,0.2093,0.5958,0.1711,375.7,679.4,42.27,0.5784,462,1.979,372.5,0.551
80,child8,child,146.9796,30.000,1.000,29.000,201.000,27.000,178.033,0.650,4014.000,29.260,67.400,1167,2800,114,120,2.73,1.171,1.189,1.5,13.45,0.01066,14.59,7.182,18.43,1.131,16.29,0.234,59.31,14.22,10.48,5.129,0.2,1986,174,5.459,178.5,2.003,2.386,32.88,120,11.65,5.34,112.9,239,90,4.106,0.622,229.4,56.68,167.9,692.5,390.6,47.62,0.03723,600,0.5562,0.6233,0.8301,0.2321,0.8004,0.07692,0.1772,0.6491,0.2094,284.6,623.7,42.63,0.7927,462.4,2.262,365.3,0.6571
80,child9,child,120.2897,27.000,0.000,27.000,156.000,9.000,170.233,1.055,3591.000,23.093,62.233,1050,2501,84.42,108.5,3.542,1.247,1.2,1.04,14.15,0.009545,17.22,7.154,18.06,1.4,17.23,0.2863,62.61,12.87,10.55,3.894,0.2,1474,257.1,4.484,161,1.687,2.349,26.75,105.6,9.01,6.805,114.7,239.3,88.23,3.861,0.5823,233,56.31,234.7,822.2,385.1,48.16,0.03902,459.6,0.5585,0.7073,0.8922,0.2714,0.8249,0.09911,0.2334,0.6002,0.1635,366.3,853.6,51.15,0.7867,478,1.822,371.2,0.5852
80,child10,child,-8.2891,0.000,0.000,0.000,16.000,8.000,40.217,-2.361,1273.000,5.447,42.383,1411,2311,96.27,110.2,3.156,0.9713,1.172,1.5,15.57,0.01068,18.65,8.788,17.88,1.101,13.75,0.3376,43.21,13.45,9.729,4.489,0.2291,1700,252.5,5.581,166.3,1.87,2.5,32.57,92.77,13.01,6.236,144.8,213.5,90,3.457,0.6064,233.8,64.19,207.1,770.1,384.3,58.15,0.03978,600,0.4359,0.7096,0.7839,0.2331,0.7299,0.08973,0.2259,0.7894,0.1811,346.7,687.3,36.85,0.7189,508.6,1.887,400,0.5734
80,child11,child,188.2751,42.000,0.000,42.000,202.000,38.000,163.317,0.720,4298.000,27.927,41.783,1118,2800,110.2,120,2.584,0.9974,1.195,1.435,16.95,0.01018,17.84,6.464,16.26,1.144,14.23,0.2054,58.53,17.62,9.909,3.938,0.2,1767,265.8,6,162.8,1.302,2.5,29.48,97.17,11.62,7.772,124.8,245.2,70.87,3.624,0.6469,185.9,59.54,191.7,707,307.2,45.33,0.04467,600,0.4922,0.5257,0.9717,0.3417,0.7393,0.07532,0.1808,0.4529,0.1767,339.2,717.4,46.97,0.6712,395.1,1.92,388.2,0.5029
80,child12,child,-9.0141,1.000,0.000,1.000,9.000,1.000,18.683,-2.676,1048.000,7.100,45.600,1186,2708,112.4,120,3.158,0.9753,1.096,1.362,15.76,0.013,13.84,7.793,20.06,1.094,13.98,0.3086,57.43,12.59,11.69,4.51,0.2409,1986,217.8,6,181.9,1.608,2.238,35.57,100.2,9.947,7.249,141.5,307.5,90,3.079,0.6038,199.9,55.27,214.1,755.9,291.8,52.86,0.02772,578.9,0.4932,0.6728,0.7947,0.2322,0.8025,0.07856,0.2502,0.536,0.1756,417.3,680.4,52.62,0.6552,617.5,1.981,375.3,0.4686
80,child13,child,191.9893,43.000,0.000,43.000,198.000,44.000,273.417,1.673,4240.000,27.253,59.900,1241,2606,123.1,108.1,2.75,1.513,1.184,1.333,15.97,0.01104,15.27,7.426,18.84,1.434,16.87,0.3323,51.97,13.47,12.46,4.661,0.2332,2000,246.1,5.988,177.8,2.04,2.441,29.7,100.2,13.31,7.515,129,209.2,76.32,3.316,0.7313,174.4,63.05,174.6,771.1,397,51.55,0.05044,600,0.4566,0.7049,1,0.223,0.7,0.09452,0.2236,0.5715,0.1643,337.7,669.2,47.43,0.6651,419,1.577,400,0.5518
80,child14,child,-8.6478,0.000,0.000,0.000,15.000,0.000,63.867,-2.716,1140.000,6.320,40.350,943.7,2798,95.77,109.9,3.255,1.336,1.048,1.394,14.8,0.01183,9.742,5.971,17.82,1.193,11.52,0.2525,51.99,13.07,11.26,4.225,0.2045,1775,209.6,4.801,162.7,1.598,2.13,41.61,92.12,13.15,7.535,98.43,288.7,90,4.254,0.7145,205.9,59.33,174.1,667.5,395.5,55.89,0.04157,578.5,0.5132,0.6876,0.8719,0.2249,0.7111,0.08192,0.2505,0.7262,0.1686,291,753.7,46.38,0.7174,437.7,1.773,329.8,0.4819
80,child15,child,28.8106,10.000,0.000,10.000,53.000,-5.000,-4.033,-1.732,1934.000,12.360,51.667,1526,2800,116.4,120,3.039,1.095,1.2,1.272,14.9,0.009705,15.62,6.593,19.47,1.436,14.16,0.2921,57.04,13.06,12.15,4.27,0.2,1483,204.4,6,162.6,2.266,2.227,32.65,97.96,11.52,10.17,125.5,194.6,76.26,4.85,0.663,214,51.77,179.8,825.7,398,51.29,0.04742,583,0.5259,0.7717,0.7715,0.2624,0.8145,0.1044,0.2151,0.6689,0.1427,268.4,760.6,41.76,0.7982,479.2,2.201,400,0.5861
81,parent,parent,196.4041,41.000,0.000,41.000,220.000,45.000,299.183,1.069,4341.000,28.240,58.800,1162,2800,105.7,120,2.784,1.211,1.2,1.385,16.05,0.01119,15.94,6.712,19.44,1.2,14.71,0.2813,54.47,14.32,11.04,4.474,0.2062,1780,218.4,5.599,165,1.888,2.5,30.9,106.5,11.2,7.224,124.9,251.3,82.49,3.773,0.6332,200.8,54.85,205.1,763.3,339.7,49.1,0.04091,558,0.4668,0.6701,0.8131,0.2603,0.7545,0.08608,0.2265,0.6154,0.1805,341.3,743.4,45.26,0.6805,479.2,1.879,400,0.5431
81,child0,child,159.4422,32.000,0.000,32.000,170.000,31.000,210.983,2.092,2362.000,29.833,64.200,960.3,2421,98.22,120,2.754,1.13,1.021,1.424,14.74,0.0131,16.43,7.617,24.69,1.075,14.06,0.3002,60.05,15.19,11.21,5.744,0.2136,1703,193.7,4.749,181.2,1.486,2.389,31.29,111.6,13.04,7.657,126.6,271.2,69.28,3.319,0.7506,163.6,46.42,191.4,962.1,373.9,47.64,0.04259,586.8,0.4295,0.7072,0.8572,0.2209,0.951,0.09046,0.2293,0.5498,0.1716,264.9,760.7,50.12,0.7172,594.5,1.893,385.3,0.5804
81,child1,child,147.5983,34.000,0.000,34.000,154.000,26.000,228.117,4.000,3658.000,22.107,43.733,1212,2800,111.4,95.48,2.98,1.105,1.2,1.353,12.31,0.01035,14.8,6.346,19.37,1.367,14.86,0.3096,54.27,13.85,11.65,4.149,0.2316,1904,239,5.806,192.1,1.661,2.319,32.89,115.4,11.06,6.315,114,287.7,90,4.869,0.6799,178.8,65.28,235.4,732.9,296,49.26,0.04458,524.5,0.4902,0.7424,0.7399,0.2628,0.9087,0.08284,0.2438,0.7011,0.1661,424.5,831.2,45.56,0.6514,480.5,1.724,310,0.5114
81,child2,child,56.0314,18.000,1.000,17.000,74.000,15.000,-28.817,0.122,2683.000,21.400,54.833,1378,2800,112.3,110.9,2.653,1.23,1.2,1.388,18.18,0.0112,12.33,6.153,20.77,1.077,12.75,0.2629,54.73,14.82,12.51,4.075,0.2158,1760,236.4,6,165.1,1.854,2.5,27.29,91.58,10.62,6.475,113.1,253.6,70.53,3.282,0.5703,181.2,50.01,208.6,844.3,369,54.19,0.03648,547.3,0.5035,0.7186,0.9354,0.2299,0.9401,0.09551,0.2355,0.4823,0.1797,264.7,722.7,41.37,0.7061,407.4,1.778,400,0.4817
81,child3,child,107.1321,25.000,0.000,25.000,113.000,6.000,-4.517,2.466,1922.000,26.173,48.733,937.9,2505,102.5,111.1,2.607,1.246,1.2,1.362,14.27,0.01021,15.28,6.947,22.53,1.179,11.62,0.2935,59.26,13.04,12.71,5.457,0.2312,1792,227.5,6,151.4,2.245,2.335,27.39,119.9,10.22,7.873,92.56,240.5,77.92,3.876,0.5971,199.7,49.41,213.1,712.4,372.7,46.96,0.03316,593.5,0.4121,0.6571,0.6805,0.3167,0.7563,0.09369,0.2071,0.7492,0.1506,371.1,723.6,47.04,0.629,438.8,1.925,400,0.5557
81,child4,child,50.7171,18.000,2.000,16.000,65.000,15.000,66.600,1.897,2549.000,28.000,67.733,1378,2263,100.4,107.9,3.177,1.152,1.2,1.269,15.83,0.01077,16.84,6.161,19.25,1.506,15.5,0.2384,54.65,15.61,9.318,4.509,0.2,2000,204.6,6,168.5,1.7,2.5,29.46,106.6,10.8,6.702,107.7,244.1,70.4,3.789,0.7841,177.3,56.95,155.2,788.9,364.9,50.59,0.04302,576.9,0.5054,0.7266,0.7869,0.2594,0.7724,0.07686,0.2525,0.63,0.1767,308.7,814.9,42.07,0.7404,535.4,1.758,400,0.5728
81,child5,child,-22.0054,0.000,1.000,-1.000,8.000,5.000,204.083,-4.062,1956.000,15.947,49.017,959.8,2800,80.73,120,3.285,1.078,1.2,1.5,20.22,0.01293,15.77,7.754,21.16,1.176,15.25,0.2963,47.84,12.83,7.715,4.518,0.2133,1814,208,4.307,214.8,1.575,2.245,29.24,91.19,10.4,6.318,150.4,212.8,90,2.798,0.6962,191.4,50.59,198.2,787.6,341.9,45.07,0.03919,600,0.4521,0.5916,0.7947,0.2937,0.8624,0.1024,0.2125,0.6262,0.192,412.2,738,55.25,0.5559,453,1.619,391.1,0.5936
81,child6,child,24.6293,11.000,1.000,10.000,44.000,8.000,62.900,-1.429,2223.000,15.727,57.117,1293,2789,109.6,120,3.386,1.382,1.021,1.214,18.2,0.01219,15.33,6.52,15.32,0.9595,13.95,0.2498,47.29,12.52,9.701,3.914,0.2,1536,202.4,5.544,216.5,1.696,2.5,31.11,107.7,9.057,6.913,110.7,260.2,90,4.24,0.7111,204.8,61.23,193.8,689.4,341.9,54.72,0.05064,512,0.3674,0.6811,0.7643,0.2966,0.7911,0.09804,0.2265,0.5469,0.185,388.8,863.6,48.73,0.611,429.3,1.832,400,0.4906
81,child7,child,106.8646,25.000,2.000,23.000,121.000,28.000,316.800,0.734,2602.000,34.120,55.067,1099,2800,100.9,120,2.943,1.085,1.09,1.277,13.4,0.009501,15.81,7.726,19.11,0.9443,13.89,0.2207,54.95,13.41,11.64,4.181,0.2026,1978,174.3,4.794,190.4,2.2,2.5,29.33,120,11.66,6.877,134.7,275.1,69.98,3.859,0.6663,188.4,58.07,209.1,924.7,342.3,45.47,0.04803,555.2,0.4258,0.5882,0.9665,0.2278,0.8492,0.07147,0.2187,0.6067,0.194,320.2,846.5,43.55,0.5872,496.8,2.03,400,0.4161
81,child8,child,8.8961,5.000,1.000,4.000,20.000,17.000,103.683,-2.148,1197.000,8.953,46.383,1071,2723,118.5,120,2.391,1.215,1.2,1.436,12.22,0.01088,16.7,7.864,20.95,1.148,19.74,0.2488,54.36,14.18,12.05,4.405,0.2,2000,207.6,5.81,179.7,1.843,2.475,40.86,105.3,9.962,7.091,120,259.4,90,4.185,0.548,187.3,61.61,236.9,816.3,330.3,48.72,0.03748,454.6,0.5416,0.818,0.8323,0.2288,0.7356,0.07974,0.2608,0.5613,0.1584,318.1,768.7,35.65,0.662,568.8,1.767,400,0.6125
81,child9,child,124.2273,33.000,2.000,31.000,138.000,19.000,201.100,2.449,3827.000,29.807,55.683,1206,2211,111.3,120,2.496,1.059,1.2,1.376,15.38,0.01156,14.11,7.069,17.41,1.476,13.39,0.2865,61.4,13.26,11.29,4.331,0.2304,2000,255.8,5.667,161,1.955,2.402,37.36,120,11.73,6.617,131.9,255,90,2.761,0.6417,200.4,50.97,209.8,887.1,312.1,49.55,0.03809,589.8,0.4902,0.6609,0.8044,0.2745,0.7,0.09954,0.1835,0.5537,0.163,338.7,742.3,55.28,0.6392,499,1.754,389,0.6183
81,child10,child,-21.5983,0.000,0.000,0.000,4.000,5.000,1.367,-2.549,1660.000,14.027,53.483,1062,2577,100.8,116.3,2.476,1.529,1.159,1.445,13.65,0.01019,14.57,6.982,22.42,1.277,15.9,0.2932,50.56,12.63,11.48,4.189,0.2,1658,254.1,4.667,173.2,1.539,2.437,28.67,71.06,9.789,7.112,126.7,194.6,77.48,3.265,0.6943,178.6,59.42,186.5,641.8,348.4,42.3,0.04721,464.3,0.4824,0.6734,1,0.2516,0.8046,0.08909,0.2435,0.5718,0.1847,365.8,766.4,48.11,0.7186,479.9,2.114,383.6,0.5919
81,child11,child,-14.7448,0.000,0.000,0.000,9.000,-7.000,-73.833,-2.592,1079.000,4.653,38.167,1065,2800,116.8,119.6,2.635,1.241,1.2,1.356,17.4,0.01318,14.41,6.708,17.47,1.169,20,0.3433,50.86,12.5,8.689,5.129,0.2068,1654,215.6,5.466,145.2,1.438,2.5,28.7,82.93,12.26,9.072,107.3,238.4,74.99,4.041,0.5261,211.4,64.49,219.7,797.5,334.9,45.7,0.03501,519.6,0.4054,0.7841,0.8676,0.25,0.8222,0.08593,0.2655,0.6151,0.1653,372.9,717.6,50.68,0.7068,536.3,1.5,378.4,0.6094
81,child12,child,33.9684,9.000,0.000,9.000,45.000,21.000,221.450,-1.717,1742.000,11.920,46.900,1126,2500,113.9,120,2.717,1.149,1.16,1.359,13.35,0.01045,16.04,5.434,16.8,1.159,12.8,0.2831,44.94,17.05,11.42,4.757,0.2,2000,222.5,4.942,186.9,1.592,2.5,30.88,103.3,11.7,8.46,103.7,295.9,88.58,3.801,0.5016,214.8,57.08,174.6,565.9,294.9,51.71,0.04299,442.8,0.4885,0.6655,0.6716,0.2755,0.7493,0.07828,0.2378,0.6152,0.1898,364.3,695.7,48.28,0.5079,497.6,1.5,400,0.5931
81,child13,child,100.1479,23.000,1.000,22.000,130.000,25.000,202.400,1.797,3150.000,22.553,70.433,1295,2282,105.9,108.7,2.752,1.377,1.2,1.39,15.06,0.01162,18.07,5.336,21.06,1.522,14.53,0.2439,65.52,14.65,10.68,5.592,0.2,1485,267,5.457,167.4,1.6,2.436,31.17,103.1,11.51,8.932,117.7,195.3,83.1,3.304,0.5777,243,58.85,223.9,716.8,388.3,38.6,0.04358,565.7,0.4225,0.6916,0.8517,0.211,0.7433,0.07476,0.2331,0.5888,0.212,348.1,816.3,38.87,0.6637,539.5,2.191,400,0.6255
81,child14,child,-7.3016,1.000,0.000,1.000,10.000,1.000,46.667,-2.201,1107.000,5.660,36.983,1335,2800,92.91,120,2.978,0.9187,1.103,1.497,16.03,0.01006,20.47,7.196,20.24,1.046,18.91,0.2655,56.29,10.81,11.44,4.543,0.2,1705,193,4.777,180.5,1.924,2.375,26.52,98.96,10.98,8.011,106.5,220.5,85.35,3.754,0.5994,170,53.65,208.9,710.6,308.5,56.8,0.03939,467.5,0.4738,0.6469,0.7768,0.2279,0.8106,0.08533,0.2563,0.636,0.2097,331.3,735.3,42.84,0.5816,528.8,2.458,399.6,0.5523
81,child15,child,70.6341,24.000,1.000,23.000,75.000,8.000,62.283,1.468,3256.000,21.240,47.617,1347,2450,110.1,90.6,3.087,1.266,1.145,1.121,15.25,0.01126,21.26,7.978,15.62,1.261,12.31,0.2806,54.98,17.38,10.48,4.322,0.2554,1715,194.2,4.492,136.3,2.043,2.5,29.97,86.51,9.094,6.118,111.3,208.3,80.46,3.572,0.6243,189.1,51.63,210.1,863.9,398.8,44.44,0.05245,600,0.4179,0.6619,0.8002,0.2418,0.8054,0.09419,0.252,0.6954,0.1693,344.7,726.5,45.38,0.6732,397.8,1.824,393.1,0.5776
82,parent,parent,211.7707,47.000,0.000,47.000,222.000,59.000,279.617,0.465,4905.000,27.573,60.467,1162,2800,105.7,120,2.784,1.211,1.2,1.385,16.05,0.01119,15.94,6.712,19.44,1.2,14.71,0.2813,54.47,14.32,11.04,4.474,0.2062,1780,218.4,5.599,165,1.888,2.5,30.9,106.5,11.2,7.224,124.9,251.3,82.49,3.773,0.6332,200.8,54.85,205.1,763.3,339.7,49.1,0.04091,558,0.4668,0.6701,0.8131,0.2603,0.7545,0.08608,0.2265,0.6154,0.1805,341.3,743.4,45.26,0.6805,479.2,1.879,400,0.5431
82,child0,child,185.9820,39.000,0.000,39.000,213.000,44.000,322.233,1.257,4472.000,28.127,58.583,1260,2800,96.79,93.24,2.759,1.361,1.142,1.5,16.52,0.01234,16.85,6.19,17.87,0.9617,12.8,0.3262,47.51,12.92,11.05,4.894,0.2,1503,236.4,6,175.5,1.916,2.5,31.18,111.1,14.08,8.148,140.4,266.1,85.29,3.747,0.7859,188.6,53.9,173.1,684.7,319.6,50.52,0.03794,574.8,0.5799,0.6836,1,0.2686,0.7,0.08444,0.2306,0.8159,0.1629,380.8,756.8,43.14,0.7233,415.6,1.673,398,0.5303
82,child1,child,198.6070,45.000,1.000,44.000,214.000,47.000,204.550,1.491,4521.000,29.893,64.300,1252,2639,106.2,118.2,2.637,1.442,1.2,1.335,16.08,0.01068,13.94,6.354,19.05,1.078,16.45,0.2757,46.57,15.91,10.67,4.875,0.2472,1963,186,5.502,159.4,2.132,2.5,30.39,106.9,10.1,7.394,108.8,254.1,81.67,3.786,0.5653,236.8,47.46,254.2,730.4,353.3,50.77,0.04432,518.2,0.4682,0.7306,0.9562,0.2908,0.8114,0.1025,0.2415,0.6617,0.1677,315,624.9,50.93,0.6903,468.8,1.881,400,0.4556
82,child2,child,-11.1908,2.000,0.000,2.000,8.000,6.000,56.833,-2.176,1679.000,13.027,43.467,1359,2469,111.5,105.6,3.517,1.447,1.165,1.5,17.55,0.01181,15.43,5.233,16.25,1.073,17.78,0.3077,53.04,13.26,12.34,4.422,0.2137,1602,202.2,4.096,167.1,1.981,1.969,31.05,89.13,10.82,8.689,119.6,226.2,90,4.762,0.639,215.7,54.63,210,626.8,344.9,33.88,0.04298,504.4,0.4759,0.5479,0.8909,0.2837,0.7,0.0844,0.2413,0.6373,0.1781,287.4,649.6,36.9,0.653,453.6,1.764,400,0.5292
82,child3,child,119.2194,27.000,1.000,26.000,144.000,26.000,250.750,2.760,3329.000,26.287,64.567,936.1,2146,94.36,106,3.384,1.676,1.2,1.411,14.87,0.01356,14.1,7.29,17.92,1.295,13.06,0.2457,72.82,13.22,11.02,5.185,0.2,2000,241.2,6,142.5,1.608,2.5,36.79,88.93,10.12,6.111,102.2,262.3,62.15,3.381,0.6272,223.1,49.72,185.9,876.5,307.6,53.26,0.03368,511.3,0.4478,0.53,0.6696,0.2343,0.7,0.09735,0.241,0.7672,0.209,280.7,661.4,41.03,0.5663,498.2,1.927,400,0.5357
82,child4,child,13.2250,4.000,0.000,4.000,35.000,6.000,120.500,-3.313,1300.000,7.220,45.067,1047,2383,118.9,120,3.173,1.007,1.055,1.288,14.02,0.01135,18.15,5.764,20.56,1.18,13.92,0.2758,43.03,12.45,8.752,4.706,0.211,1618,220.3,5.207,138.1,1.922,2.45,34.02,97.61,11.7,6.282,125.6,238.3,89.2,3.274,0.6728,178.2,43.58,202.8,944.1,328.9,44.25,0.04117,501.6,0.4339,0.6824,0.7558,0.2516,0.7,0.07761,0.2469,0.4709,0.1876,404.8,832,40.68,0.5297,469.5,1.918,337.9,0.647
82,child5,child,-3.7273,2.000,0.000,2.000,17.000,-1.000,59.483,-2.375,1208.000,5.360,54.133,1410,2614,102.9,119.4,2.262,1.141,1.2,1.416,14.9,0.01254,14.88,8.298,18.87,1.275,13.79,0.272,46.84,11.41,8.981,3.232,0.2753,2000,220.8,4.899,199.1,1.944,2.5,37.73,96.32,9.024,8.36,126.6,239.2,82.42,3.398,0.7283,234,52.78,258.5,720.8,399,51.9,0.05073,600,0.5642,0.5915,0.7418,0.2382,0.7,0.09516,0.1853,0.5486,0.2166,230.1,847.6,54.9,0.6356,400.7,1.818,400,0.539
82,child6,child,132.2798,26.000,0.000,26.000,174.000,23.000,191.483,0.705,3375.000,28.007,49.517,1117,2800,111.5,117.8,2.658,0.9042,1.2,1.417,15.73,0.01113,14.41,7.406,22.97,1.281,14.45,0.2358,59.99,15.82,12.12,3.988,0.208,1521,196.8,5.646,168.1,1.919,2.154,44.81,120,13.52,6.774,131.8,247,90,3.703,0.5818,226.7,48.94,186.3,760,315.6,53.38,0.03881,558.6,0.5314,0.6673,0.8557,0.2769,0.7065,0.0884,0.2717,0.4898,0.2185,325.1,794.6,44.74,0.7198,483.5,1.624,400,0.4696
82,child7,child,-5.6896,1.000,0.000,1.000,15.000,-1.000,13.950,-2.994,1003.000,5.680,41.733,1272,2710,120.7,115.6,2.799,1.256,1.122,1.5,13,0.01005,24.49,6.602,26.1,1.163,14.92,0.3118,53.16,12.52,13.4,4.082,0.2,1816,238,6,187.8,1.85,2.153,29.04,90.66,9.716,7.285,106.2,264.1,80.8,3.504,0.5896,224.5,67.2,218.7,727.1,358.9,52.22,0.05029,582.6,0.42,0.7117,0.8625,0.2362,0.7,0.06233,0.2555,0.6424,0.2523,353.5,626.8,34.53,0.8,525.7,1.517,400,0.5495
82,child8,child,107.8740,30.000,1.000,29.000,133.000,7.000,27.750,-0.357,3858.000,36.427,51.800,1129,2800,107.2,120,3.116,1.022,1.188,1.329,18.68,0.009647,13.09,7.73,19.44,1.04,12.79,0.2851,55.76,14.39,10.94,4.132,0.2046,1894,232.7,6,214.2,1.687,2.5,29.92,120,12.51,7.16,121.2,229.5,84.81,3.857,0.7005,167.3,50.92,174.1,737.3,343.3,51.51,0.04402,542.1,0.4041,0.6698,0.8636,0.2624,0.7,0.08208,0.21,0.6697,0.144,325.7,689.9,42.16,0.5996,368.1,2.172,400,0.5786
82,child9,child,185.7526,35.000,1.000,34.000,246.000,25.000,235.250,0.475,4123.000,27.333,52.267,1373,2800,118.3,120,2.51,1.32,1.063,1.248,14.09,0.01423,13.95,6.017,20.18,1.505,13.17,0.2691,47.91,13.69,11.48,3.612,0.2221,1778,295.7,5.051,121.5,2.218,2.401,47.09,105,12.03,7.711,128.3,225.7,79.94,4.318,0.5472,201.5,52.06,193,669.2,368.5,56.04,0.03658,600,0.4085,0.6426,0.887,0.3265,0.8116,0.07559,0.1825,0.7026,0.1797,285.3,765.3,42.15,0.8,465.1,1.777,396.4,0.5257
82,child10,child,5.1538,2.000,0.000,2.000,20.000,14.000,153.050,-2.896,1045.000,5.560,42.533,1226,2800,94.23,117.9,2.589,1.052,1.2,1.282,15.02,0.01316,18.3,6.798,20.06,1.047,16.05,0.2855,48.57,15.36,9.401,4.107,0.2,1847,218,4.961,183.3,1.957,1.993,34.01,90.75,10.8,6.547,138.4,253.1,78.9,3.32,0.5427,169.6,45.4,180.2,648.5,342.4,37.66,0.04145,568.5,0.4419,0.705,0.8342,0.2248,0.7,0.1022,0.2044,0.4469,0.1864,309.1,699.4,60.27,0.6736,465,1.997,386.1,0.4372
82,child11,child,-5.9073,1.000,0.000,1.000,11.000,2.000,62.700,-2.266,1055.000,5.133,38.650,1188,2800,126.1,120,2.75,1.049,1.063,1.088,17.8,0.01293,15.85,6.082,23.14,0.9649,18.06,0.299,56.63,14.8,9.583,4.604,0.2142,1614,237.5,5.449,168.8,2.175,2.478,29.34,89.36,11.67,6.427,135.7,252.3,76.08,4.027,0.6232,198.6,54.49,178,688.4,352.5,52.59,0.04234,473.5,0.5377,0.5959,0.9023,0.24,0.736,0.07175,0.2627,0.5568,0.2102,348.3,802.1,44.48,0.6978,470,1.815,357.2,0.6174
82,child12,child,39.6573,20.000,3.000,17.000,56.000,-16.000,-293.567,1.553,2139.000,29.127,67.450,1414,2680,122,105.5,3.144,1.123,1.2,1.305,16.25,0.01356,18.79,6.354,19.16,1.299,12.85,0.2957,54.44,12.6,12.64,4.587,0.2218,1696,257.7,5.428,150.9,1.908,1.87,31.33,113.2,12.35,6.376,100.9,195.4,68.88,4.095,0.5779,212.7,46.68,187.4,916.8,327.7,59.86,0.04039,535.8,0.4986,0.6894,0.7586,0.2593,0.8043,0.09236,0.2061,0.6125,0.1818,272.8,803.5,43.59,0.6663,566.2,2.21,389.3,0.5378
82,child13,child,83.2519,31.000,5.000,26.000,97.000,-22.000,-245.800,1.483,2620.000,30.120,54.617,1388,2800,122.4,117,2.896,1.148,1.2,1.439,17.27,0.01029,15.42,6.94,16.27,1.114,16.84,0.2793,49.64,13.69,10.31,4.583,0.2362,1864,250.6,5.18,151.2,1.885,2.5,27.87,115.1,7.91,7.102,162.1,212.5,70.36,4.44,0.609,214.6,48.7,184.6,706.3,390.9,44.79,0.03981,487.4,0.3622,0.6942,0.8769,0.2542,1,0.07857,0.1838,0.6224,0.1405,403.8,831.4,57.75,0.6387,394.3,1.865,400,0.5401
82,child14,child,152.0586,35.000,0.000,35.000,169.000,30.000,207.033,0.914,3964.000,26.973,57.017,1321,2800,103.2,120,2.688,1.302,1.2,1.241,16.92,0.01087,19.49,7.616,20.01,1.112,14.5,0.2758,52.95,15.38,11.65,4.131,0.2,1678,222.6,6,185.9,1.674,2.5,31.71,94.07,11.57,7.189,129.6,255.4,59.98,3.629,0.7607,209.6,53.75,292.3,607.8,311,41.47,0.03686,600,0.499,0.743,0.933,0.2291,0.7,0.07654,0.2222,0.5529,0.1693,365.5,756.3,54.84,0.8,481.9,1.718,400,0.4384
82,child15,child,34.9938,10.000,1.000,9.000,67.000,6.000,39.900,-1.230,2069.000,15.240,46.750,1225,2796,132.3,120,2.678,1.108,1.079,1.5,17.13,0.008996,13.9,5.984,21.25,1.063,15.46,0.3073,61.4,14.17,10.21,4.975,0.2053,1688,189.6,5.247,153,1.616,2.197,29.17,108.1,11.61,6.725,126,228,89.43,3.676,0.6852,222.8,60.02,196.9,953.9,326.6,56.86,0.03689,548.7,0.4228,0.7294,0.9372,0.233,0.7,0.07554,0.2301,0.5856,0.191,349.6,628.2,40.71,0.6356,504.6,1.74,352,0.5704
83,parent,parent,220.5053,48.000,0.000,48.000,238.000,45.000,259.483,1.518,4936.000,27.867,52.967,1162,2800,105.7,120,2.784,1.211,1.2,1.385,16.05,0.01119,15.94,6.712,19.44,1.2,14.71,0.2813,54.47,14.32,11.04,4.474,0.2062,1780,218.4,5.599,165,1.888,2.5,30.9,106.5,11.2,7.224,124.9,251.3,82.49,3.773,0.6332,200.8,54.85,205.1,763.3,339.7,49.1,0.04091,558,0.4668,0.6701,0.8131,0.2603,0.7545,0.08608,0.2265,0.6154,0.1805,341.3,743.4,45.26,0.6805,479.2,1.879,400,0.5431
83,child0,child,70.1953,15.000,0.000,15.000,80.000,45.000,421.700,1.199,2326.000,31.633,64.150,1400,2794,120.8,118.2,3.135,1.147,1.2,1.5,15.39,0.01244,15.03,7.68,18.24,1.058,15.98,0.264,62.14,17.19,8.744,4.695,0.211,1721,212.5,5.605,145.2,1.98,2.427,32.37,120,12.68,6.194,116.2,215.5,69.41,3.947,0.6195,195.1,52.83,190.7,792.9,363.4,50.67,0.04102,470.9,0.4534,0.7078,0.7394,0.2207,0.7327,0.08385,0.2967,0.5825,0.2111,332.2,767,49.39,0.5515,445.9,1.785,376.2,0.4227
83,child1,child,27.8383,9.000,1.000,8.000,52.000,5.000,88.017,1.608,1704.000,23.193,63.667,1116,2139,114.2,120,2.851,0.9493,1.16,1.5,18.54,0.01256,15.42,5.144,19.73,1.065,15.14,0.3178,54.51,14.87,10.36,3.963,0.249,1549,212.4,6,168.3,2.087,2.5,30.21,118.4,10.21,7.06,127.4,281.4,68.44,3.785,0.5556,193.3,46.97,207.4,687.7,369.6,54.5,0.03947,600,0.4792,0.685,0.9155,0.2455,0.8427,0.0927,0.2036,0.7439,0.1981,341.8,756.7,43.22,0.7732,405.4,2.011,400,0.4662
83,child2,child,181.9456,36.000,0.000,36.000,230.000,30.000,194.317,1.142,4234.000,26.467,65.250,971.4,2800,116.5,106.1,2.796,1.357,1.2,1.036,13.07,0.01103,19.8,6.835,19.96,1.164,16.9,0.3145,55.83,12.89,12.02,4.622,0.2257,1681,228.4,5.698,137.4,1.611,2.5,30.22,107.3,10.22,5.59,129.1,213.1,82.45,3.902,0.6566,207.6,51.62,175.4,722.1,350.3,52.33,0.06203,600,0.4744,0.6439,0.9109,0.2387,0.9649,0.113,0.2102,0.5626,0.172,274.1,909.2,40.39,0.5949,526,1.609,388.3,0.4291
83,child3,child,-1.1192,4.000,0.000,4.000,24.000,0.000,44.733,-3.267,1763.000,13.853,53.650,1019,2751,104.5,110,2.837,1.124,0.9487,1.369,16.82,0.01337,15.97,5.879,18.41,1.305,13.12,0.3135,55.49,13.54,12.97,4.064,0.2884,1629,194.1,4.897,180.8,2.055,2.5,34.32,90.76,10.83,6.669,120.9,297.7,88.94,3.808,0.6739,206.9,47.94,212.3,737.3,367.5,50.99,0.04329,495.2,0.5491,0.7623,0.7072,0.2277,0.7091,0.07718,0.2485,0.6003,0.1465,442.8,816.3,45.86,0.8,437.6,1.816,352.4,0.5169
83,child4,child,63.3900,15.000,0.000,15.000,73.000,9.000,93.450,2.941,1454.000,22.993,64.100,1096,2325,121.8,88.07,2.658,1.207,1.2,1.5,16.55,0.01061,19.09,5.901,20.78,1.465,13.4,0.2171,57.89,16.63,11.92,5.474,0.2261,1801,200.8,6,154.9,1.963,2.214,36.95,120,12.47,7.652,129,254.8,76.55,4.232,0.6816,198,62.75,220,655,350.7,43.22,0.04424,600,0.3172,0.7685,1,0.2232,0.7799,0.08418,0.1965,0.728,0.1817,337.3,740.7,43.03,0.6663,505.5,1.796,386.2,0.6242
83,child5,child,107.7741,25.000,1.000,24.000,153.000,11.000,37.783,-0.605,3478.000,27.607,58.383,1111,2800,95.88,118.4,2.159,1.092,1.2,1.414,14.19,0.01143,13.25,7.728,18.45,1.39,14.07,0.2587,53.15,15.12,10.3,4.258,0.2512,1996,252.4,4.933,158,1.699,2.5,32.32,108.6,11.25,8.033,107.3,246.4,73.85,4.073,0.6502,218.8,57.23,220.3,936.9,426.1,60.56,0.03317,523,0.3901,0.6149,0.7182,0.2278,0.7338,0.08987,0.2188,0.5475,0.2109,264.6,638.9,37.36,0.7492,567.2,1.973,400,0.5494
83,child6,child,26.4342,10.000,1.000,9.000,49.000,5.000,-0.600,-1.027,1948.000,15.453,45.150,1336,2734,96.76,120,2.409,1.267,1.193,1.5,13.74,0.01134,14.32,6.922,24.55,1.153,13.94,0.2677,55.03,13.57,11.33,5.85,0.2,1840,235.8,5.945,168.5,1.898,2.5,30.97,97.56,12.78,6.358,141.8,266.3,80.19,3.544,0.5978,163.3,54.09,212.3,780.9,356.1,43.9,0.04253,559.7,0.4277,0.8769,0.8093,0.2731,0.7717,0.1113,0.234,0.5915,0.1744,334.6,812,51.06,0.6205,342.1,1.737,364.7,0.6129
83,child7,child,41.3833,14.000,0.000,14.000,51.000,14.000,101.033,-0.140,2402.000,13.873,54.600,1059,2623,95.85,120,2.007,1.066,1.2,1.46,14.88,0.01146,16.38,6.104,14.75,1.151,14.48,0.2879,45.16,13.25,11.34,4.221,0.2016,1627,217.9,6,168.6,1.804,2.408,35.14,103.3,11.77,6.874,146.9,242,85.28,3.255,0.5829,189,61.31,190.5,816.6,376.8,58.15,0.04437,576.6,0.5054,0.6697,0.8284,0.2405,0.8955,0.09478,0.2471,0.5986,0.2051,397.2,756.4,51.5,0.629,633.8,2.176,400,0.421
83,child8,child,-7.2870,6.000,1.000,5.000,-4.000,-1.000,29.033,-1.600,1500.000,8.427,40.250,1288,2800,99.93,120,2.838,1.082,1.16,1.292,16.33,0.01349,16.74,6.363,22.98,1.014,14.87,0.3368,58.72,11.64,10.91,4.158,0.2156,2000,240.5,6,157.3,1.802,2.214,31.51,90.36,10.75,7.646,124.6,256.5,73.25,3.666,0.6036,266.3,44.1,247.1,808,326.2,42.53,0.03431,518,0.4364,0.6515,0.7959,0.2373,0.7,0.07896,0.2236,0.5047,0.1706,448.3,880.2,51.59,0.7321,510.3,1.671,350.6,0.6639
83,child9,child,141.7106,32.000,2.000,30.000,178.000,22.000,167.717,1.060,3774.000,30.540,47.800,1074,2800,90.96,114.8,2.735,1.309,1.2,1.294,19.92,0.01144,13.5,7.105,15.97,0.9122,16.96,0.2955,52.43,13.77,12.6,4.132,0.2,1765,261,6,155.7,2.038,2.5,42.37,105.8,10.69,7.075,123.8,261.6,75.56,3.411,0.5537,165.1,62.08,210,666.7,363.5,41.56,0.04147,532.8,0.4565,0.8541,1,0.2916,0.7031,0.07237,0.1928,0.5298,0.1827,319.2,756.6,53.51,0.7426,411.4,1.938,400,0.5004
83,child10,child,190.7087,41.000,1.000,40.000,219.000,64.000,286.533,0.819,4984.000,27.367,51.550,1077,2748,89.26,109.2,2.307,1.268,1.2,1.396,15.94,0.01398,16.36,5.885,19.46,1.103,15.07,0.2809,48.78,14.65,13.12,4.683,0.2,1855,200.3,5.52,182.1,1.677,2.334,20.41,95.73,10.32,7.868,105.1,261.6,72.78,3.519,0.6466,223.5,60.08,234.1,713.8,380.6,48.37,0.04185,532.3,0.5069,0.6325,0.6306,0.2361,0.7,0.07983,0.1843,0.6405,0.1983,408.9,953.8,45.33,0.8,472.1,2.09,391.7,0.4488
83,child11,child,92.1771,19.000,0.000,19.000,110.000,39.000,301.283,1.112,2428.000,32.927,66.317,990.7,2800,111.5,119.7,2.297,1.126,1.2,1.5,16.57,0.01094,17.96,8.065,22.94,1.293,15.63,0.2854,57.36,13.35,12.55,3.766,0.2,1794,195.7,5.271,163.3,1.741,2.31,27.69,120,12.84,6.467,131.4,270.7,68.46,3.097,0.6594,188.2,47.18,222.8,745.1,354,42.1,0.03882,600,0.4729,0.5879,0.7416,0.2927,0.807,0.08954,0.2126,0.5622,0.1644,366.2,668.8,37.03,0.8,512.9,1.961,397.1,0.6546
83,child12,child,17.5238,8.000,0.000,8.000,29.000,5.000,12.750,-1.542,1638.000,8.433,42.367,1270,2728,94.61,120,2.808,1.034,1.2,1.397,15.7,0.01166,16.05,7.852,17.31,1.18,10.17,0.2537,48.56,15.62,11.5,4.359,0.227,1885,194,5.663,181.4,1.902,2.5,27.6,96.04,11.95,7.431,121.9,226.7,81.26,4.115,0.7139,196.5,53.69,214.2,735.4,295.3,48.82,0.03856,600,0.4678,0.7296,0.9446,0.196,0.982,0.105,0.1764,0.5824,0.1634,306.7,902.9,43.22,0.748,527.1,1.736,400,0.6865
83,child13,child,18.7082,11.000,1.000,10.000,42.000,-8.000,-101.383,-1.758,2067.000,16.433,54.717,1182,2193,109,120,3.479,1.066,1.086,1.5,17.1,0.01297,14.39,6.795,18.53,1.367,18.04,0.2535,65.27,18.06,11.65,4.575,0.2,1856,215.3,5.741,156.4,2.374,2.374,34.53,86.54,11.16,7.206,92.1,234.7,84.02,3.769,0.7685,198.1,48.72,213.7,639.2,368.9,52.66,0.04447,600,0.3759,0.7025,0.8807,0.2798,0.7748,0.06904,0.255,0.5718,0.157,307.9,686.1,39.4,0.6189,477,2.218,400,0.4742
83,child14,child,-13.6783,0.000,0.000,0.000,13.000,5.000,58.617,-3.011,1496.000,13.853,45.000,1407,2800,109.6,120,3.051,1.269,1.162,1.5,16.44,0.01072,17.99,5.307,20,1.135,15.69,0.2534,65.08,14.94,11.63,3.84,0.2046,1951,186.1,5.457,167.9,1.856,2.172,32.02,86.71,10.61,6.801,118.3,223.2,84.19,3.247,0.6811,228.1,57.93,194.6,749.2,353.2,54.46,0.05452,600,0.4696,0.6571,0.7514,0.2654,0.9484,0.06235,0.2402,0.5519,0.1922,440.8,799,44.6,0.6162,540.6,1.689,400,0.4294
83,child15,child,161.2199,37.000,0.000,37.000,177.000,29.000,254.350,2.833,4331.000,23.353,49.383,1118,2506,122.3,120,2.61,1.7,1.101,1.181,12.31,0.01085,14.78,6.459,26.06,1.399,16.23,0.3171,54.43,14.98,11.94,4.684,0.2176,1680,253.9,5.573,202.5,1.827,2.5,28,110.7,12.59,7.92,126.5,291.9,88.37,4.329,0.6431,193.9,51.62,182.7,891.7,359.7,45.73,0.0395,600,0.5565,0.7482,0.8038,0.2915,0.922,0.08499,0.2492,0.5091,0.222,282.6,914.5,51.67,0.6742,474.6,1.869,365.7,0.5133
84,parent,parent,211.3357,45.000,1.000,44.000,251.000,47.000,356.567,0.544,5384.000,31.060,60.217,1162,2800,105.7,120,2.784,1.211,1.2,1.385,16.05,0.01119,15.94,6.712,19.44,1.2,14.71,0.2813,54.47,14.32,11.04,4.474,0.2062,1780,218.4,5.599,165,1.888,2.5,30.9,106.5,11.2,7.224,124.9,251.3,82.49,3.773,0.6332,200.8,54.85,205.1,763.3,339.7,49.1,0.04091,558,0.4668,0.6701,0.8131,0.2603,0.7545,0.08608,0.2265,0.6154,0.1805,341.3,743.4,45.26,0.6805,479.2,1.879,400,0.5431
84,child0,child,192.8228,42.000,0.000,42.000,214.000,40.000,314.717,-0.104,4688.000,28.080,47.317,1099,2661,111.7,108.2,2.464,1.135,1.2,1.5,15.81,0.01107,16.27,6.359,17.83,1.023,17.37,0.284,44.74,14.89,12.16,5.881,0.2046,1793,227.3,6,168.4,1.673,2.5,34.7,101.5,11.29,7.031,123,299.3,80.22,3.727,0.5797,223,53.44,230.4,759.1,356.5,48.45,0.04142,508.4,0.5214,0.6093,0.6536,0.2748,0.7762,0.07549,0.2174,0.4917,0.1857,443.5,653.6,41.33,0.5255,491.7,1.891,400,0.4771
84,child1,child,51.0784,26.000,5.000,21.000,63.000,-28.000,-292.250,1.321,2497.000,29.320,47.350,1005,2800,113.7,105.5,2.632,1.173,1.2,1.5,13.31,0.0105,20.8,7.867,19.98,1.234,14.03,0.2554,48.71,13.28,9.465,5.304,0.2313,1647,270.2,5.784,146.8,1.933,2.5,33.2,120,9.202,6.685,96.11,293.9,78.02,3.892,0.5298,201.5,65.69,226.9,840.5,350.5,45.63,0.04491,600,0.5062,0.6689,0.8442,0.2481,0.7058,0.07906,0.2813,0.7661,0.1931,371,573.4,51.3,0.6639,435.8,2.288,377.1,0.5461
84,child2,child,71.8180,21.000,0.000,21.000,85.000,2.000,27.050,1.209,2751.000,17.840,59.333,1135,2800,97.6,115.5,2.594,1.162,1.2,1.323,14.52,0.01337,14.33,5.613,22.23,1.057,11.69,0.2709,63.81,17.01,9.146,4.42,0.2,1572,184.4,6,177.9,1.995,2.5,25.83,106.6,12.94,7.307,116.4,215.6,89.99,4.025,0.621,177.3,44.77,157.2,995,303.1,50.45,0.03654,556.7,0.4927,0.7144,0.8315,0.2771,0.8317,0.08095,0.2631,0.5345,0.1618,306.2,947.4,51.38,0.7773,501.6,2.124,310.5,0.4544
84,child3,child,-8.8879,0.000,0.000,0.000,14.000,-3.000,16.883,-1.928,1041.000,4.947,37.567,1239,2619,111.5,120,2.553,1.306,1.197,1.5,15.01,0.01228,19.28,5.74,17.48,0.9755,12.83,0.3542,56.14,14.84,12.22,5.716,0.2,1621,230.3,4.643,138.7,1.787,2.077,24.53,95.2,11.44,10.03,124,302.3,84.35,3.577,0.5711,172.3,47.56,196,717.1,363.4,46.72,0.03726,549.3,0.4442,0.8581,0.7749,0.2726,0.7657,0.07752,0.1915,0.6913,0.2089,383.9,640.2,43.98,0.618,601.7,1.833,365.3,0.5538
84,child4,child,157.8598,35.000,0.000,35.000,180.000,26.000,57.983,1.877,3580.000,26.367,60.017,1015,2585,104,120,2.536,1.216,1.101,1.5,17.87,0.01158,17.89,7.55,20.45,1.23,13.77,0.2771,56.38,17.06,13.56,4.01,0.2,1813,198.4,5.107,184.9,1.771,2.5,34.78,97.26,11.05,7.089,114.7,281,75.3,3.783,0.54,185.2,54.74,182.7,708.4,329,55.58,0.04319,600,0.4504,0.6535,0.7489,0.2048,0.7,0.08401,0.2893,0.5751,0.1573,365.6,799.2,34.41,0.6716,471.6,1.778,400,0.5392
84,child5,child,-12.5243,8.000,1.000,7.000,0.000,1.000,-30.717,2.314,2434.000,30.620,68.650,1098,2800,94.22,120,2.56,1.024,1.2,1.482,17.78,0.01226,16.79,6.607,20.17,1.374,16.09,0.2773,48.75,15.37,11.31,3.893,0.2241,1603,216.2,6,180.9,1.699,2.5,34.61,120,11.09,7.642,142.4,229.2,66.41,3.1,0.5869,183.9,61.48,223.4,791.9,469.8,47.81,0.0427,540.8,0.4267,0.6167,0.9906,0.2231,0.7967,0.09261,0.2201,0.6064,0.1988,343.2,763.7,38.79,0.8,479.6,1.5,373.5,0.4017
84,child6,child,29.1816,10.000,1.000,9.000,61.000,-2.000,-11.567,-2.516,2141.000,11.207,38.983,1198,2702,100.6,119.3,2.749,1.049,0.9646,1.232,16.71,0.009356,16.29,7.303,18.36,1.359,11.11,0.2495,55.47,15.27,10.65,4.275,0.2379,1684,166,5.885,236.3,2.119,2.5,22.28,107.3,11.83,7.273,126.1,269.2,90,3.967,0.5832,155.2,48.4,220.5,756.1,310.2,48.4,0.03739,600,0.4544,0.6479,0.7297,0.2609,0.7756,0.08637,0.2533,0.4665,0.1686,255.4,792.3,40.19,0.7529,584.3,2.011,400,0.505
84,child7,child,15.9279,9.000,1.000,8.000,22.000,18.000,124.333,-1.530,1936.000,10.253,40.083,1053,2697,82.87,120,2.59,1.049,1.2,1.479,15.97,0.01208,15.51,6.542,22.23,1.148,15.9,0.301,56.83,12.21,12.88,4.611,0.2,1703,252.5,5.626,183.8,1.954,2.5,32.74,109,10.77,8.156,130.1,239.4,90,3.833,0.5272,222.7,52.73,200.8,845.1,352.8,43.07,0.04995,600,0.3536,0.5757,0.8383,0.2346,0.7241,0.08836,0.2551,0.577,0.154,302.6,761.3,44.33,0.8,396.4,1.571,400,0.5537
84,child8,child,170.4279,40.000,1.000,39.000,205.000,5.000,102.150,0.474,4511.000,27.520,44.900,1096,2800,96.62,120,2.808,1.157,1.2,1.373,15.44,0.008973,16.65,6.995,19.58,1.132,13.83,0.3544,62.08,14.46,9.358,5.102,0.2,1783,225.8,6,158.5,1.807,2.347,27.78,117.8,10.92,6.406,155.7,276,90,4.588,0.7345,170,41.35,196.9,842.9,346.9,36.33,0.03853,600,0.4503,0.6861,0.7966,0.2599,0.8871,0.06315,0.2092,0.6071,0.1675,393.8,638.2,34.51,0.5937,409.4,1.935,400,0.5196
84,child9,child,20.2372,12.000,3.000,9.000,51.000,-1.000,-80.900,-1.380,2167.000,20.867,59.983,937.7,2800,99.6,120,3.16,1.609,1.2,1.435,14.3,0.01208,16.94,6.956,16.5,1.224,17.53,0.3063,55.01,14.76,10.86,4.283,0.2171,1964,227.8,5.79,166.4,2.191,2.5,28.94,104.8,13.13,7.228,115.8,257.8,86.05,3.681,0.6846,253.9,60.59,211.7,691.9,362.7,45.44,0.04372,600,0.4406,0.6669,0.6996,0.258,0.7132,0.08987,0.2484,0.6003,0.1626,467.7,734.8,47.34,0.737,497.7,1.829,400,0.5302
84,child10,child,140.8408,33.000,1.000,32.000,155.000,38.000,249.783,1.038,3803.000,22.840,54.600,1278,2293,98.43,110.3,3.402,1.303,1.2,1.5,13.05,0.01003,19.6,6.419,19.58,1.191,13.82,0.2725,48.33,14.51,10.81,3.871,0.2,2000,239.4,5.627,192.2,1.75,2.5,28.42,107,10.74,5.984,139.6,233,88.12,4.173,0.7346,215.3,63.7,198.5,792.1,302.3,51.9,0.03772,566.9,0.467,0.8069,0.8117,0.2311,0.8997,0.09188,0.2349,0.5264,0.1891,401.2,782.9,37.93,0.6598,470,1.978,316.3,0.5505
84,child11,child,46.6561,17.000,0.000,17.000,67.000,-11.000,-95.600,-0.932,2644.000,14.007,54.250,1060,2800,119.7,101.2,3.23,1.467,1.065,1.317,16.66,0.01234,15.03,6.978,18.49,1.119,16.25,0.2716,54.66,15.03,13.15,5.221,0.2065,1824,204.3,5.703,153.9,1.782,2.467,32.68,101.8,9.526,8.026,125.4,231.9,90,3.938,0.6048,230.2,53.26,221.1,834.3,287.7,40.09,0.03255,534.9,0.4839,0.5874,1,0.2756,0.7,0.08365,0.2318,0.6961,0.1934,412.4,601.1,40.85,0.6236,471.2,1.607,400,0.6038
84,child12,child,-19.0366,3.000,0.000,3.000,1.000,-19.000,-216.550,-0.693,1474.000,15.907,37.283,1374,2800,81.53,120,3.114,1.07,1.2,1.25,18.52,0.01017,14.92,6.533,18.55,1.067,16.79,0.2735,63.63,16.72,10.27,4.268,0.2038,1615,239.1,5.319,144.3,2.064,2.275,28.55,100.7,10.52,7.948,108.8,226.3,83.25,4.726,0.7037,198.5,50.61,208.3,932.1,331.9,49.88,0.04256,600,0.4803,0.6412,0.7937,0.2876,0.822,0.09046,0.2306,0.5978,0.1645,442.5,766.9,41.85,0.6832,530.1,2.296,322.7,0.5341
84,child13,child,-12.8090,0.000,0.000,0.000,12.000,-6.000,-54.900,-1.839,1057.000,5.567,44.650,1238,2800,86.65,107.9,2.392,1.287,0.9496,1.178,17.4,0.01184,16.47,6.883,16.13,1.188,15.73,0.3329,43.52,14.86,10.85,4.369,0.2055,1434,256.9,5.988,207.4,1.887,2.459,30.97,85.71,12.24,6.844,110.8,289.1,77.39,4.495,0.536,215.6,52.38,229.5,781.8,357.2,44.02,0.05023,546.9,0.4477,0.6141,0.7801,0.2824,0.7,0.09002,0.2375,0.664,0.1918,344,728.8,50.03,0.7451,593.6,1.69,383.3,0.5286
84,child14,child,-12.6164,0.000,0.000,0.000,15.000,-2.000,-98.267,-3.275,1140.000,6.953,40.183,1480,2800,105.3,120,2.983,1.314,1.198,1.5,16.7,0.008703,13.85,5.763,17.58,1.114,16.96,0.2335,61.99,14.9,11.04,3.276,0.2,1923,235.2,6,168.6,2.089,2.5,35.31,96,14.32,6.92,115.4,250.6,90,4.591,0.5272,165.3,65.03,207.7,942.5,341.7,52.3,0.03506,600,0.4933,0.673,0.6391,0.2636,0.8209,0.1085,0.2157,0.6472,0.1723,350.4,817.6,47.55,0.7058,551,1.912,381.6,0.4225
84,child15,child,12.4207,4.000,0.000,4.000,34.000,10.000,56.667,-1.960,1394.000,7.427,40.500,1201,2800,118.5,120,2.52,1.281,1.2,1.233,15.14,0.01169,13.59,5.678,23.07,1.168,12.03,0.2814,49.43,12.44,10.08,4.95,0.2,1729,254.7,6,202.5,1.581,2.5,26.17,91.4,10.79,7.446,141.7,253.8,77.55,3.209,0.607,187.7,54.37,178.6,749,317.1,58.18,0.04394,537.5,0.4566,0.8145,0.7971,0.3034,0.795,0.08575,0.2464,0.6418,0.1904,319.7,659.1,48.87,0.6401,459.1,1.578,400,0.5909
85,parent,parent,240.9237,50.000,1.000,49.000,267.000,76.000,321.583,1.113,5153.000,31.647,70.700,1162,2800,105.7,120,2.784,1.211,1.2,1.385,16.05,0.01119,15.94,6.712,19.44,1.2,14.71,0.2813,54.47,14.32,11.04,4.474,0.2062,1780,218.4,5.599,165,1.888,2.5,30.9,106.5,11.2,7.224,124.9,251.3,82.49,3.773,0.6332,200.8,54.85,205.1,763.3,339.7,49.1,0.04091,558,0.4668,0.6701,0.8131,0.2603,0.7545,0.08608,0.2265,0.6154,0.1805,341.3,743.4,45.26,0.6805,479.2,1.879,400,0.5431
85,child0,child,127.1220,32.000,1.000,31.000,136.000,40.000,236.000,-0.195,3788.000,29.653,56.550,1151,2783,106,120,2.464,1.206,1.153,1.361,13.35,0.01237,15.85,5.545,17.34,1.327,13.82,0.3083,58.17,13.33,10.74,4.192,0.231,1709,248,4.218,190,2.514,2.5,32.76,118.2,8.282,7.572,137.2,219,80.19,3.6,0.6321,165.4,60.75,236.1,669,322.9,54.14,0.04271,575.1,0.4743,0.7743,0.8213,0.2864,0.727,0.08916,0.245,0.562,0.1453,414.8,769.1,38.29,0.6802,505.7,2.037,400,0.5469
85,child1,child,-5.4134,4.000,0.000,4.000,11.000,-3.000,-76.867,-1.978,1359.000,13.173,48.800,1222,2722,97.54,120,2.891,1.249,0.9827,1.35,15.29,0.01216,12.85,7.22,22.68,1.014,17.39,0.2584,64.87,13.08,10,4.407,0.2075,1684,219.9,5.727,148.6,1.871,2.014,31.18,96.59,11.04,8.183,118.9,280.3,80.41,2.903,0.7453,194.2,58.79,164.1,653.1,373.5,43.36,0.04521,473.9,0.5548,0.7852,1,0.2864,0.7445,0.09392,0.2666,0.5602,0.1688,256.2,779.8,44.18,0.7403,473.7,1.84,400,0.5225
85,child2,child,133.7480,31.000,0.000,31.000,171.000,14.000,52.683,-0.180,3918.000,30.107,63.250,1155,2800,112.8,107.5,3.039,1.047,1.13,1.4,16.41,0.01341,17.5,6.355,19.08,0.9075,15.27,0.2763,50.65,12.44,9.948,4.774,0.2523,1571,209.6,4.948,178,1.936,2.484,29.71,113,13.02,7.549,153.8,245.2,80.07,3.743,0.6706,160.2,47.35,196.8,784.8,302.6,53.11,0.04546,529.6,0.452,0.8299,0.8174,0.2424,0.7775,0.07846,0.2033,0.6249,0.1554,321.9,678.5,46.42,0.5435,480.2,1.921,348.3,0.5319
85,child3,child,-6.0789,1.000,0.000,1.000,13.000,4.000,53.867,-2.116,1078.000,7.047,49.133,1260,2645,102.9,120,2.598,1.172,1.2,1.5,17.28,0.01258,18.23,6.836,22.42,1.308,13.9,0.2884,51.24,12.53,11.72,3.902,0.2,2000,223,6,162.4,2.111,2.295,28.73,93.26,11.38,6.371,148.8,236.6,89.4,3.308,0.6225,224.2,53.38,206.5,989.8,270.6,46.59,0.03756,523.8,0.4513,0.5975,0.8104,0.2379,0.7925,0.09462,0.2084,0.5771,0.1855,361.1,633.6,43.09,0.6277,444.2,2.072,400,0.5316
85,child4,child,140.4472,28.000,1.000,27.000,197.000,25.000,93.633,0.863,3865.000,27.120,49.950,1307,2800,90.98,118.8,2.489,1.244,0.944,1.11,15.98,0.009792,13.4,6.044,21.99,1.329,14.58,0.3019,54.04,14.01,11.56,4.193,0.2297,1574,241.7,6,195.5,1.564,2.5,34.07,120,10.79,6.977,119.1,255.5,90,4.031,0.6235,199.7,63.29,207.8,837.6,330.5,46.86,0.03277,560.6,0.5411,0.8017,0.8112,0.236,0.8429,0.0934,0.2806,0.6138,0.175,303,758,47.12,0.672,487.1,1.94,360.6,0.5253
85,child5,child,116.3472,30.000,1.000,29.000,146.000,23.000,70.617,1.184,4173.000,31.720,53.550,1185,2665,132.3,106.6,2.392,1.199,1.2,1.373,13.86,0.01095,18.68,6.18,18.21,1.377,12.83,0.2369,54.16,13.08,11.26,5.087,0.2143,1728,216.8,5.2,164.5,1.986,2.262,30.46,120,11.12,6.799,147.3,221.8,81.64,3.256,0.5582,205.7,51.58,190.8,799.1,328.2,52,0.03427,566.8,0.5502,0.7501,0.7102,0.2341,0.7,0.09751,0.2029,0.6153,0.158,323.7,680.4,48.29,0.6107,522.4,1.853,400,0.4268
85,child6,child,-12.3327,0.000,0.000,0.000,6.000,-2.000,43.133,-2.612,978.000,4.360,42.733,1393,2800,94.64,116.4,2.422,1.002,1.2,1.344,17.72,0.01063,16.18,7.476,21.62,1.087,14.84,0.2573,59.46,12.2,9.441,4.169,0.2126,1639,262.5,5.619,161.2,1.955,2.5,32.75,95.09,13.26,7.244,115.6,186,90,3.4,0.4601,171.8,53.63,196,893.4,330.4,46.29,0.03653,570.7,0.484,0.6405,0.8113,0.3013,0.788,0.07283,0.2434,0.7085,0.1786,303,616.1,51.27,0.6855,427.2,1.575,400,0.463
85,child7,child,157.9961,36.000,0.000,36.000,182.000,25.000,207.417,1.704,4334.000,25.973,50.667,1149,2519,89.04,114.5,2.714,1.09,0.9951,1.295,14.69,0.01024,15.01,5.993,20.28,1.417,16.54,0.3381,51.69,11.7,12.55,4.401,0.2223,1869,225.5,6,149.7,2.272,2.5,27.03,120,11.8,7.55,127,189.3,90,3.93,0.5436,154.2,55,220.1,850.3,315.5,47.02,0.04407,600,0.5116,0.7194,0.7874,0.2351,0.757,0.06994,0.2111,0.6096,0.1578,328.6,696.6,43.44,0.6459,537.2,1.5,400,0.5054
85,child8,child,141.4016,28.000,0.000,28.000,169.000,1.000,104.517,0.532,2086.000,31.133,56.817,1068,2597,105.4,120,2.997,1.167,1.126,1.454,16.13,0.01168,16.62,4.792,23.16,1.033,16.68,0.3522,46.07,13.56,10.61,4.398,0.2341,1863,224.1,4.56,183,1.718,2.5,34.07,110.4,14.65,8.217,104.6,268.5,67.82,3.49,0.5253,194.8,55.09,253.3,726.6,278.8,47.05,0.04093,600,0.4371,0.6195,0.6835,0.1576,0.8171,0.08092,0.2077,0.5731,0.1863,405,763.2,52.69,0.7189,435.9,2.097,400,0.5042
85,child9,child,69.8769,17.000,0.000,17.000,102.000,8.000,123.683,0.489,2844.000,26.713,53.300,1306,2411,98.26,120,3.662,1.147,1.131,1.174,14.22,0.01262,12.61,5.969,20.73,1.058,18.09,0.296,64.83,13.64,10.49,4.565,0.2,1736,256.6,6,163.9,1.822,2.5,31.25,109.7,11.43,8.033,104.4,287.3,72.72,3.52,0.6071,205,51.94,191.8,775.3,337.5,45.29,0.04235,498.2,0.4908,0.6948,0.9136,0.2703,0.7175,0.07899,0.2261,0.6237,0.2029,299.3,864.7,52.81,0.7637,504,2.428,381.9,0.4574
85,child10,child,-12.5083,4.000,1.000,3.000,0.000,-2.000,-47.733,-2.191,1330.000,8.367,49.217,1152,2800,121.1,106.4,2.867,1.255,1.16,1.166,20.74,0.01101,14.7,5.998,19.97,1.235,17.19,0.23,56.33,13.2,9.648,5.165,0.2022,1639,247.8,6,141.4,1.741,2.5,28.9,102.7,10.3,7.609,130.5,207.4,90,4.235,0.68,214,53.91,220.4,633.6,348.8,44.44,0.04552,533.6,0.4432,0.7112,1,0.2488,0.7638,0.1167,0.2436,0.6135,0.1913,337.7,596.6,47.52,0.6393,475.8,1.672,400,0.5523
85,child11,child,93.5134,24.000,0.000,24.000,110.000,24.000,61.117,0.488,3080.000,17.527,72.000,1274,2570,96.4,120,3.122,1.197,0.9852,1.24,17.8,0.0102,16.83,6.857,17.44,1.256,16.44,0.247,58.59,14.31,10.62,4.532,0.2,1752,253.6,5,207.5,1.946,2.5,29.77,107.3,11.64,6.264,105.1,225.3,90,4.378,0.6845,173.3,58.7,225.2,717.8,335.7,43.84,0.04599,506.8,0.3702,0.6915,0.9328,0.2307,0.8769,0.07804,0.239,0.7809,0.1992,325.3,755.9,39.76,0.7192,393.2,1.987,358.4,0.5563
85,child12,child,82.5036,26.000,2.000,24.000,104.000,-23.000,-246.383,2.642,2334.000,27.633,71.867,1209,2346,128.6,117.2,2.843,1.115,1.041,1.463,16.21,0.008939,16.29,5.743,16.73,1.213,13.46,0.2814,49.25,15.31,9.419,3.898,0.2582,1850,212.6,5.912,163.8,1.996,2.198,35.9,120,12.74,7.187,108.7,254.5,77.65,3.332,0.6307,204.3,53.98,185.1,739.5,314.8,44.03,0.04181,600,0.4397,0.7151,0.6146,0.2434,0.7133,0.08933,0.2083,0.6381,0.1886,294.7,739,46.47,0.5291,496.5,1.94,400,0.6056
85,child13,child,24.1954,14.000,1.000,13.000,46.000,-11.000,-101.500,-0.930,2528.000,16.927,61.367,1245,2800,97.03,117.3,2.728,1.156,0.8824,1.5,16.76,0.01094,12.35,9.202,19,1.266,15.53,0.2588,50.22,12.81,8.488,4.275,0.2,1860,217.2,5.63,166.4,1.967,2.217,32.7,98.04,12.23,8.016,127.5,253.3,78.93,3.647,0.7633,219.4,56.15,217,900.7,331.8,59.24,0.037,564.6,0.4622,0.5822,0.6324,0.3499,0.8506,0.08891,0.2354,0.6631,0.2271,359.2,671.8,44.59,0.7194,406.3,1.927,400,0.471
85,child14,child,119.3882,27.000,0.000,27.000,157.000,17.000,180.783,-0.058,3799.000,32.933,58.150,986,2800,135.2,120,2.477,1.03,1.105,1.5,12.49,0.01075,18.62,7.248,20.56,1.49,14.9,0.2708,64.53,14.88,15.49,4.301,0.2,1796,225.8,5.575,164.7,1.818,2.376,34.98,116.3,10.18,7.568,122.6,204.1,81.94,2.926,0.691,184,45.64,217.7,745.8,244.2,52.96,0.04064,493.7,0.5593,0.6658,0.8028,0.2412,0.7391,0.08825,0.2057,0.4894,0.1733,322.9,750.7,50.93,0.683,518.3,2.266,382.7,0.4958
85,child15,child,-10.4479,0.000,0.000,0.000,12.000,-1.000,7.717,-1.962,1053.000,5.493,43.417,1147,2800,102.1,120,3.166,1.09,1.2,1.5,15.65,0.01376,15.51,6.479,21.6,1.1,15.21,0.3333,55.18,13.51,12.05,4.198,0.2,2000,229.2,6,148.4,1.679,2.5,33.46,89.16,13.28,7.51,111.4,270.1,81.41,3.711,0.6122,258.8,60.18,170.3,829.1,324.5,50.71,0.04454,541.4,0.4556,0.6401,0.7574,0.2565,0.7106,0.06695,0.3216,0.6524,0.1877,313.6,754.9,51.71,0.602,421.8,1.85,400,0.5018
86,parent,parent,241.8084,47.000,0.000,47.000,278.000,62.000,379.050,0.703,4990.000,30.140,56.100,1162,2800,105.7,120,2.784,1.211,1.2,1.385,16.05,0.01119,15.94,6.712,19.44,1.2,14.71,0.2813,54.47,14.32,11.04,4.474,0.2062,1780,218.4,5.599,165,1.888,2.5,30.9,106.5,11.2,7.224,124.9,251.3,82.49,3.773,0.6332,200.8,54.85,205.1,763.3,339.7,49.1,0.04091,558,0.4668,0.6701,0.8131,0.2603,0.7545,0.08608,0.2265,0.6154,0.1805,341.3,743.4,45.26,0.6805,479.2,1.879,400,0.5431
86,child0,child,71.6683,18.000,0.000,18.000,94.000,9.000,113.933,0.081,2641.000,18.427,51.983,900,2566,94.46,94.69,3.121,1.208,1.2,1.276,17.6,0.01065,14.07,6.26,21.31,1.255,15.56,0.3643,56.94,14.21,10.7,4.062,0.2147,1886,232.2,5.491,176.9,1.574,2.5,30.65,94.79,11.21,8.847,117.9,264,79.49,2.9,0.7986,216.8,51.25,197.3,765.8,296.9,40.53,0.04294,518.5,0.4826,0.65,0.8483,0.2423,0.7934,0.08627,0.2234,0.5545,0.2366,331.5,805.1,43.32,0.7474,463.4,2.087,400,0.4262
86,child1,child,1.4953,5.000,1.000,4.000,31.000,-6.000,-13.950,-1.414,1801.000,10.020,48.067,1139,2800,108.2,120,2.529,1.096,1.112,1.361,15.79,0.01142,13.8,5.941,17.01,1.156,15.08,0.259,56.68,13.85,12.72,3.853,0.2,1942,237,5.634,141.6,2.228,2.346,29.26,103.2,12.2,6.498,124.7,230,90,3.792,0.5798,202.8,58.62,164.1,646.3,279.2,50.6,0.03962,437.6,0.504,0.6391,0.8502,0.2527,0.9418,0.07379,0.2082,0.6462,0.2031,329,599.1,45.6,0.5638,511.2,1.65,358.7,0.5038
86,child2,child,-11.7781,0.000,0.000,0.000,18.000,1.000,-1.617,-3.412,1364.000,11.333,44.667,1309,2752,95.95,114.2,2.71,1.193,1.086,1.394,15.47,0.01036,14.83,7.412,21.11,1.144,16.53,0.3075,48.59,13.45,9.016,3.715,0.2041,2000,247.2,5.606,139.6,1.609,2.12,32.73,87.97,11.09,6.262,155.8,230.7,90,3.624,0.594,237,75.4,209,676.6,292.2,54.12,0.03517,576.7,0.5325,0.6499,0.8266,0.2406,0.8036,0.1018,0.2349,0.5415,0.1754,340.4,695.9,57.82,0.7495,524.7,1.873,400,0.5785
86,child3,child,106.7161,31.000,1.000,30.000,131.000,10.000,7.817,-0.218,4108.000,34.427,63.083,1310,2800,110.8,120,2.609,1.509,1.112,1.5,15.34,0.01248,15.47,6.63,22.22,1.183,13.25,0.2666,53.37,14.45,11.22,3.117,0.2384,2000,272.3,5.957,135,1.337,2.5,30.14,110.1,11.86,7.363,136.2,247.4,71.31,3.459,0.6613,180.6,54.63,225.5,784,322.7,61.25,0.03853,568,0.4343,0.6483,0.8067,0.2534,0.7,0.08543,0.2339,0.6575,0.1847,291.3,664.7,47.03,0.8,567.5,1.696,400,0.5305
86,child4,child,188.2223,35.000,0.000,35.000,237.000,34.000,303.150,0.455,4063.000,24.347,53.033,1176,2476,109.3,120,2.349,1.2,1.034,1.5,18.7,0.01153,14.39,7.334,20.1,1.09,13.64,0.323,64.48,15.03,14.03,4.727,0.2,1911,218.5,3.973,133.3,1.743,2.5,34.87,116.1,11.48,6.982,154.6,187.9,86.81,3.706,0.6147,229.2,53.34,199.9,748.1,385,46.89,0.0355,478.7,0.3987,0.8441,0.938,0.2491,0.7252,0.07847,0.2224,0.5851,0.1887,358.5,731.5,43.73,0.8,530,2.316,371.7,0.6733
86,child5,child,177.6423,37.000,1.000,36.000,194.000,69.000,399.750,2.103,4014.000,27.060,73.583,1464,2675,98.84,120,2.757,1.226,1.168,1.331,13.91,0.01118,14.19,6.5,16.55,1.52,16.07,0.2329,57.63,14.39,9.85,4.15,0.2219,1770,166.2,5.449,163.8,1.978,2.5,27.27,114.1,9.168,6.769,167.1,247.6,90,3.278,0.6055,176.5,58.16,216.3,742.4,390.2,44.01,0.04283,600,0.5065,0.7438,0.8244,0.2785,0.7761,0.06949,0.2019,0.5047,0.2021,359.1,785.4,39.45,0.7941,470.4,2.11,400,0.5466
86,child6,child,160.2520,39.000,2.000,37.000,196.000,11.000,82.000,0.928,4418.000,27.787,60.933,1243,2800,108.5,112.5,2.679,1.242,1.037,1.362,16.97,0.01249,14.72,7.052,16.11,1.274,12.6,0.2947,52.32,12.2,11.76,5.549,0.2408,2000,222.7,5.126,128.8,1.974,2.5,26.47,113.2,9.643,7.726,136.5,221.5,81.59,4.021,0.6783,278.9,53.96,196.2,785,301.8,45.06,0.05048,600,0.4546,0.5474,0.6884,0.2604,0.9115,0.1094,0.2046,0.6083,0.1962,363,770.7,43.55,0.7129,431,1.801,374.1,0.5536
86,child7,child,59.3717,22.000,2.000,20.000,74.000,-17.000,-214.283,1.937,2213.000,28.960,58.850,920.5,2800,90.84,120,3.704,1.228,1.198,1.25,15.5,0.01245,13.74,5.961,21.14,1.407,14.14,0.272,47.87,14.33,11.69,3.671,0.2,1840,236.7,6,146,1.975,2.5,28.86,120,11.69,7.939,143.3,261.9,75.4,4.203,0.5666,242.7,52.21,182.9,893,341.2,43.2,0.04691,574.6,0.5269,0.6411,1,0.2722,0.7842,0.07342,0.1822,0.6254,0.2224,378.4,589.7,42.39,0.6974,354.9,1.921,400,0.572
86,child8,child,91.4252,24.000,2.000,22.000,121.000,20.000,119.900,-0.290,3321.000,28.893,52.283,1233,2800,128.9,109.6,2.626,1.02,1.2,1.089,18.07,0.01321,12.89,6.951,16.93,1.186,14.67,0.2298,50.21,19.49,12.01,4.394,0.2314,2000,220.6,5.589,184.1,1.989,2.5,34.56,120,10.61,6.86,134.7,288.8,83.74,3.541,0.8184,221.8,69.11,267.9,744.5,316.5,38.1,0.03963,567.5,0.3804,0.591,0.7553,0.2242,0.8274,0.07947,0.1902,0.4777,0.228,369.2,718,48.05,0.5815,400.9,2.029,400,0.6889
86,child9,child,164.4041,34.000,1.000,33.000,200.000,34.000,199.533,0.306,3705.000,30.960,53.933,1266,2800,103.7,120,3.291,1.376,1.2,1.5,17.41,0.01153,17.83,6.273,16.3,1.298,14.15,0.309,47.69,14.07,12.08,5.09,0.2335,1765,208.3,5.803,154.4,1.736,2.5,36.66,120,11.12,7.659,128.1,264.1,87.12,4.607,0.5857,208.2,57.27,272.9,791,387.2,45.96,0.04069,442.1,0.5688,0.6351,0.9756,0.3002,0.9097,0.07338,0.2777,0.6486,0.1735,352.2,594,43.75,0.5671,440.7,1.705,370.5,0.6161
86,child10,child,-9.9187,1.000,1.000,0.000,7.000,1.000,84.117,-2.539,990.000,5.333,35.983,1305,2799,117.2,114.9,2.404,1.118,1.197,1.41,12.64,0.01077,15.33,7.459,14.92,0.9932,14.81,0.3084,43.89,14.91,11.69,4.463,0.2,2000,228.6,4.933,172.4,2.155,2.496,26.91,88.92,11.9,6.888,125.7,194.6,80.49,3.134,0.6242,187.6,47.72,212.3,737.9,322.8,52.11,0.04584,440.2,0.4746,0.6829,0.8228,0.2626,0.7876,0.07134,0.2485,0.6765,0.1769,392.7,726.3,40.74,0.6363,481.9,1.93,400,0.529
86,child11,child,3.4771,7.000,1.000,6.000,24.000,-7.000,12.867,-1.871,1825.000,15.280,46.667,1514,2800,99.19,120,2.586,1.525,1.2,1.491,16.73,0.01201,15.15,7.213,21.7,1.157,13.79,0.3215,53.38,13.78,9.63,4.516,0.2,1721,251.7,6,174.5,2.007,2.5,27.21,91.73,10.42,7.643,124.3,251.7,73.38,3.621,0.5689,211.8,50.86,235.1,785.9,297.3,48.14,0.04291,497.2,0.4964,0.649,0.7161,0.272,0.7142,0.08831,0.2203,0.605,0.2132,298.9,671.7,45.62,0.7694,480.3,1.98,387,0.4563
86,child12,child,223.2381,46.000,0.000,46.000,253.000,42.000,338.133,0.960,4741.000,29.513,65.433,1241,2800,89.45,120,2.507,1.21,1.106,1.5,17.26,0.01341,14.99,6.648,20.81,1.159,12.57,0.3233,45.89,14.07,10.92,3.736,0.2,1757,250,5.974,151.1,1.697,2.21,27.87,89.12,11.67,7.035,135.5,215.9,66.49,3.576,0.787,184.4,54.28,162,747.6,345.8,51.53,0.02972,600,0.504,0.6477,0.731,0.2735,0.7,0.07982,0.221,0.6412,0.1874,357.8,732.5,52.41,0.6919,451.4,1.5,400,0.5104
86,child13,child,69.3138,19.000,2.000,17.000,97.000,11.000,96.550,-0.613,2750.000,17.407,47.700,1520,2770,103.9,107.5,2.602,1.352,1.2,1.303,14.05,0.01413,17.62,6.393,18.65,1.062,15.36,0.2985,50.58,12.74,9.48,4.933,0.2038,1561,200,5.658,161.7,1.62,2.488,28.41,112.1,10.22,9.445,134.3,274.7,90,3.251,0.6493,206.3,60.38,155.4,707.1,389.3,50.75,0.04735,555.3,0.4514,0.5964,0.6294,0.28,0.8057,0.08259,0.2677,0.592,0.174,379.4,799.5,52.36,0.6004,413.7,1.915,400,0.4968
86,child14,child,138.1754,30.000,1.000,29.000,170.000,38.000,221.483,-0.506,3691.000,35.513,51.400,1374,2526,116.2,120,2.659,0.9887,1.2,1.257,19.69,0.009621,15.46,7.123,19.85,1.393,13.02,0.2666,64.6,15,10.12,5.05,0.2,1311,204.5,4.18,213.9,1.904,2.5,28.14,107.3,11.14,6.715,117.3,253.4,72.11,3.386,0.8098,164.8,50.07,208.4,498.6,361.5,50.87,0.04138,600,0.4142,0.6246,0.7868,0.2367,0.7,0.07731,0.2124,0.6566,0.1813,326.9,757.2,46.68,0.6512,603.4,2.142,359.4,0.5968
86,child15,child,172.1859,28.000,0.000,28.000,237.000,53.000,375.017,-0.676,4045.000,27.700,48.567,1263,2724,102.9,118,3.122,1.026,1.153,1.471,16.69,0.0111,16.65,7.913,18.28,1.401,15.92,0.3442,53.29,15.9,11.84,5.3,0.2,1883,208.6,4.734,176.3,1.444,2.5,28.44,105.1,9.525,8.038,132.3,306.6,71.92,4.116,0.5863,182.8,54.54,245.3,860.9,309.2,36.58,0.04997,600,0.4985,0.5221,0.7881,0.3072,0.7,0.08273,0.2599,0.7469,0.1801,318.1,701.9,39.52,0.7898,490.2,2.36,400,0.5887
87,parent,parent,238.6906,52.000,0.000,52.000,256.000,59.000,361.083,1.090,5505.000,30.613,67.650,1162,2800,105.7,120,2.784,1.211,1.2,1.385,16.05,0.01119,15.94,6.712,19.44,1.2,14.71,0.2813,54.47,14.32,11.04,4.474,0.2062,1780,218.4,5.599,165,1.888,2.5,30.9,106.5,11.2,7.224,124.9,251.3,82.49,3.773,0.6332,200.8,54.85,205.1,763.3,339.7,49.1,0.04091,558,0.4668,0.6701,0.8131,0.2603,0.7545,0.08608,0.2265,0.6154,0.1805,341.3,743.4,45.26,0.6805,479.2,1.879,400,0.5431
87,child0,child,-23.3116,0.000,0.000,0.000,-8.000,-3.000,-106.700,-1.670,1024.000,5.493,49.533,938.3,2800,94.64,120,2.831,1.096,1.184,1.456,14.41,0.01105,12.95,6.982,14.82,1.23,13.94,0.2614,50.92,12.87,11.52,3.63,0.2463,1761,217.4,5.346,140.8,1.619,2.477,27.34,100.5,10.24,5.94,117.2,283.5,88.94,4.158,0.6512,170.5,56.07,199,866.8,313.7,51.59,0.0309,557.8,0.4439,0.5657,0.7036,0.2721,0.7,0.07034,0.1937,0.5469,0.179,340.3,733.2,44.99,0.8,518.8,1.698,400,0.5461
87,child1,child,-16.1950,0.000,0.000,0.000,3.000,8.000,153.233,-2.760,1569.000,12.880,40.017,1272,2800,124.5,120,2.202,1.271,1.143,1.5,22.1,0.01061,18.23,6.416,17.76,1.237,14.08,0.2702,58.62,13.14,11.96,4.423,0.2068,1928,273.6,5.829,156.4,1.69,2.5,30.13,86.91,10.85,7.057,98.19,279.7,90,3.876,0.7218,207.8,50.51,216.7,791.3,319.9,48.53,0.03672,565.2,0.407,0.6773,0.8489,0.2933,0.8522,0.08164,0.1859,0.6681,0.1703,317.5,819.9,43.13,0.6635,464.9,1.891,400,0.5257
87,child2,child,113.4280,33.000,1.000,32.000,127.000,1.000,126.067,0.155,3869.000,46.127,55.683,1480,2783,123,120,3.11,1.387,1.074,1.219,19.4,0.0114,15.6,7.233,16.41,1.129,17.32,0.279,54.65,14.17,11.57,5.031,0.2252,2000,207.5,5.272,154.6,1.846,2.5,29.92,118.4,10.32,9.063,109.1,222.9,78.1,3.746,0.7356,215.3,50.94,228,975.6,360.6,48.99,0.04322,591.6,0.4628,0.7291,0.7067,0.2718,0.7,0.07807,0.2084,0.5909,0.2053,356.2,809,49.64,0.6916,481.5,1.717,362,0.5238
87,child3,child,84.4740,25.000,1.000,24.000,91.000,27.000,292.650,-0.680,3289.000,39.107,71.383,1071,2650,117,117.1,2.444,1.175,1.2,1.339,14.88,0.01002,16.33,5.588,20.24,1.199,13.8,0.2961,52.66,15.33,9.446,4.852,0.2,1826,259.6,4.988,149.5,1.834,2.322,34.95,99.52,10.93,8.177,138,267.4,61.54,4.294,0.5419,187.9,60.52,200.3,664.2,381.3,59.57,0.04642,600,0.5412,0.6601,0.9215,0.27,0.7,0.09831,0.2762,0.5904,0.1964,306.9,1031,43.05,0.7395,580.7,1.713,351.8,0.6003
87,child4,child,143.8618,35.000,0.000,35.000,136.000,36.000,238.067,3.356,3494.000,24.660,53.717,1231,2800,95.76,101.5,3.123,1.067,1.199,1.5,15.93,0.01102,19.12,5.864,20.59,1.042,16.1,0.264,54.29,15.74,11.95,4.312,0.2302,1880,222.5,5.4,185.1,2.281,2.039,25.88,100,9.662,6.185,130.1,233.2,74.08,3.711,0.5902,225,53.08,233.2,837.5,363.2,60.34,0.03627,482.4,0.4113,0.5911,0.7433,0.271,0.8676,0.1093,0.236,0.6176,0.1598,294.7,678.5,38.58,0.6704,435.4,1.682,400,0.5171
87,child5,child,97.1694,23.000,1.000,22.000,133.000,9.000,94.050,0.726,3197.000,26.993,47.050,1202,2540,111.5,118.6,2.537,1.443,0.9843,1.38,14.97,0.01004,14.91,5.559,19.46,1.182,16.49,0.251,57.24,18.83,11.29,4.742,0.2266,1773,184.2,5.307,151.2,1.777,2.5,29.32,99.79,11.62,5.493,116.8,239.1,69.87,3.935,0.6539,250.8,53.11,219.6,865.2,293.4,57.41,0.03355,546.8,0.4131,0.6208,0.9434,0.2502,0.7,0.0922,0.2734,0.6122,0.1975,355.2,624.7,41.31,0.6245,449.6,2.016,375.1,0.5488
87,child6,child,-21.4290,1.000,0.000,1.000,0.000,5.000,4.133,-2.433,1810.000,14.500,47.450,1285,2519,101.5,120,3.063,1.348,1.048,1.5,14.61,0.01102,12.38,7.384,20.03,1.027,13.54,0.3052,64.12,12.29,12.67,3.955,0.2121,1741,206.5,5.866,193,2.209,2.5,34.93,80.29,12.18,6.864,111.2,258.5,90,4.83,0.6342,168.4,49.93,219.5,675.9,412.2,53.13,0.03564,392.7,0.5033,0.6736,1,0.2507,0.703,0.1014,0.2106,0.6116,0.1911,342.4,804.4,42.69,0.7957,481.6,1.643,400,0.5114
87,child7,child,31.1392,24.000,5.000,19.000,34.000,-29.000,-322.617,2.960,2212.000,28.653,71.033,1247,2800,118.2,120,2.779,1.269,1.177,1.296,15.67,0.009806,15.17,5.114,19.16,1.065,17.68,0.2745,76.22,16.63,10.5,4.762,0.2,1936,220.2,5.546,150.3,1.796,2.5,31.05,108.6,9.623,7.132,138.8,239.6,65.46,3.231,0.6234,193.1,49.38,241.5,769,340.6,41.53,0.03354,550.9,0.4382,0.5779,0.8028,0.306,0.7034,0.08525,0.2484,0.4884,0.1665,306.4,666.5,46.29,0.4483,514.6,1.761,391.3,0.5774
87,child8,child,-9.9727,0.000,0.000,0.000,12.000,6.000,60.033,-2.498,1202.000,5.927,45.117,1075,2800,97.72,120,3.016,1.2,1.109,1.428,14.27,0.01108,14.25,9.508,16.98,1.281,11.9,0.2502,45.26,11.6,12.9,4.497,0.2232,2000,184.3,5.324,153.4,1.936,2.5,33.06,89.76,11.89,8.423,124.7,226.5,85.09,3.663,0.6322,256.4,63.37,193,797.7,280.1,47.43,0.04383,460.3,0.4513,0.9512,0.8271,0.2538,0.7053,0.0812,0.2298,0.5792,0.1835,332.8,722,40.74,0.7205,501.5,1.821,400,0.5139
87,child9,child,41.1614,24.000,9.000,15.000,95.000,-44.000,-343.367,1.181,2775.000,27.933,57.183,960,2668,112.2,120,2.278,1.279,1.194,1.252,18.74,0.009722,15.35,6.179,18.34,1.222,15.51,0.2841,62.12,15.01,11.35,5.29,0.2161,1561,269.8,5.721,169.3,2.114,2.438,27.02,118.9,14,6.464,125.8,239.6,74.7,3.871,0.6094,230.3,69.59,186.8,834.1,346.8,47.28,0.03648,580.1,0.4851,0.6663,0.7487,0.2434,0.7248,0.1008,0.2506,0.6504,0.1937,326.9,747.6,45.8,0.6542,467.8,2.398,379.4,0.6149
87,child10,child,215.2371,41.000,0.000,41.000,270.000,28.000,251.217,0.648,4537.000,26.013,57.400,1011,2800,124.6,120,3.203,1.201,1.2,1.5,16.68,0.01231,16.83,5.29,18.19,1.307,18.67,0.3292,38.39,14.96,11.09,4.346,0.2301,1819,269.4,6,173.6,1.526,2.321,26.91,117.9,10.37,7.157,115.1,239.5,88.4,3.683,0.5152,217.5,58.09,230.1,906,286,52.72,0.04348,537.8,0.4145,0.5262,0.8482,0.2553,0.8637,0.05861,0.1905,0.7457,0.1663,315.2,824.3,40.14,0.6503,506,1.855,400,0.4315
87,child11,child,-8.9972,1.000,0.000,1.000,6.000,1.000,24.367,-2.121,1052.000,4.340,36.700,1028,2738,104.5,120,2.913,1.239,1.082,1.5,17.92,0.01147,16.04,5.728,21.18,1.007,16.76,0.245,52.52,15.65,9.897,4.665,0.2472,1700,219.2,6,133.5,1.698,2.5,33.32,93.11,11.4,8.725,127.7,224.8,81.3,3.425,0.7627,211.2,54.51,235.2,878.4,361.1,49.69,0.0408,543,0.4087,0.5656,0.972,0.2734,0.7588,0.1081,0.204,0.7344,0.1568,335.5,648.6,46.11,0.8,515.2,1.913,400,0.5754
87,child12,child,138.1583,30.000,0.000,30.000,175.000,11.000,43.083,1.230,3500.000,26.333,53.850,1431,2564,118.1,106.9,2.722,1.088,1.2,1.354,15.27,0.0106,18.24,6.567,20.17,1.059,13.71,0.2543,54.37,12.93,10.27,4.07,0.2156,1804,181.7,6,172.9,1.99,2.5,30.66,120,11.17,6.64,130.5,253.2,90,4.104,0.5642,194.1,49.49,197.6,739.8,439.2,54.79,0.03418,453,0.4951,0.674,1,0.2989,0.7,0.115,0.2113,0.6115,0.1438,297.1,766.6,46.9,0.7085,563.3,1.617,400,0.5035
87,child13,child,134.0606,28.000,0.000,28.000,159.000,33.000,222.117,1.404,3249.000,26.420,60.517,965.7,2558,121.4,117.4,2.577,1.185,1.176,1.359,18.56,0.01015,15.3,6.472,16.59,1.288,13.7,0.3005,50.42,15.77,9.703,4.372,0.2155,1464,228.3,6,169.3,1.87,2.467,29.91,107.2,11.41,8.759,131.3,236.1,70.98,3.358,0.604,223.7,56.11,213.5,761.8,335.3,55.46,0.03815,530,0.4505,0.5734,0.8386,0.2391,0.801,0.09437,0.256,0.5256,0.177,389.5,693.7,49.27,0.5999,477.1,1.762,320.9,0.4595
87,child14,child,-12.2929,0.000,0.000,0.000,6.000,1.000,6.483,-2.500,1002.000,5.527,38.000,1062,2800,112.1,120,3.044,1.039,1.2,1.439,14.74,0.01154,18.49,5.91,21.62,1.001,14.3,0.2903,55.95,11.94,12.87,4.179,0.2,1729,215.7,5.532,130.8,1.918,2.297,32.21,88.25,12.74,7.611,126.5,236.9,81.09,3.729,0.7629,191.9,65.63,226.4,926.2,360.8,71.41,0.03158,588.8,0.4498,0.7568,0.86,0.297,0.7972,0.1028,0.2293,0.6235,0.1651,263.7,830.8,43.41,0.7162,524.6,1.956,400,0.6212
87,child15,child,123.9113,31.000,0.000,31.000,118.000,32.000,235.850,3.467,3363.000,23.160,49.933,1157,2739,111.3,104.6,2.261,1.188,1.2,1.322,14.9,0.01301,16.54,9.375,16.95,1.166,15.29,0.2397,61.88,15.11,13.57,5.507,0.2,1458,233.8,5.506,180.3,1.794,2.5,35.88,109.4,10.9,7.995,119.1,232.7,80.99,2.965,0.708,175,39.63,235.6,631.5,394.3,49.88,0.04264,511.3,0.4946,0.7129,0.7781,0.2332,0.8699,0.08881,0.2371,0.6438,0.1509,357.3,688.1,46.21,0.6824,543.7,1.86,400,0.5415
88,parent,parent,234.7064,51.000,0.000,51.000,244.000,68.000,366.133,0.956,5229.000,28.873,65.167,1162,2800,105.7,120,2.784,1.211,1.2,1.385,16.05,0.01119,15.94,6.712,19.44,1.2,14.71,0.2813,54.47,14.32,11.04,4.474,0.2062,1780,218.4,5.599,165,1.888,2.5,30.9,106.5,11.2,7.224,124.9,251.3,82.49,3.773,0.6332,200.8,54.85,205.1,763.3,339.7,49.1,0.04091,558,0.4668,0.6701,0.8131,0.2603,0.7545,0.08608,0.2265,0.6154,0.1805,341.3,743.4,45.26,0.6805,479.2,1.879,400,0.5431
88,child0,child,214.9036,46.000,0.000,46.000,250.000,43.000,326.333,0.624,5420.000,29.033,64.317,1223,2800,102.7,120,2.79,1.136,1.117,1.294,14.62,0.009867,15.34,6.59,18.16,1.258,13.77,0.2366,57.5,11.13,9.452,4.329,0.2,1530,226.5,5.296,164.2,2.018,2.5,31.52,107.5,9.979,7.412,119.8,236.8,82.25,3.936,0.523,230.2,42.24,167,885.9,376.8,44.38,0.03829,496.4,0.4738,0.6701,0.7227,0.2657,0.709,0.08795,0.2301,0.6184,0.2059,360.7,818.6,54.09,0.6669,497.4,1.845,400,0.6218
88,child1,child,150.7839,38.000,0.000,38.000,159.000,39.000,251.417,0.212,4648.000,35.607,56.100,1055,2800,111.2,107.7,2.718,1.054,1.132,1.5,20.83,0.0122,18.27,6.128,18.28,1.201,12.68,0.2922,48.84,16,11.32,5.639,0.2044,1695,193.3,4.944,145.4,1.984,2.5,32.86,97.52,15.67,6.408,109.3,297.3,65.18,3.057,0.5841,195.1,57.1,160,746.2,366.9,48.55,0.04625,600,0.4188,0.5599,0.7692,0.2983,0.7,0.07819,0.2501,0.5226,0.182,405.4,722.7,45.27,0.8,496.3,1.558,400,0.5584
88,child2,child,40.7680,14.000,0.000,14.000,74.000,-17.000,-123.583,-1.103,2444.000,12.540,61.150,1148,2466,102,102.4,2.912,1.075,1.2,1.5,13.49,0.01002,14.7,7.267,20.54,1.303,12.88,0.3058,49.89,11.9,10.41,4.304,0.2,2000,195.4,4.58,215,2.454,2.013,38.78,107.9,9.789,10.25,133.2,237.9,89.13,4.643,0.562,221.6,61.96,181.7,715.4,365,37.71,0.04175,600,0.3779,0.5245,0.8534,0.2604,0.7426,0.09204,0.2758,0.5411,0.1944,374.5,731.2,47.77,0.7913,537.6,2.388,400,0.5341
88,child3,child,102.6159,25.000,2.000,23.000,133.000,31.000,197.100,-0.366,3396.000,24.233,64.600,900,2800,131.7,120,2.441,1.088,1.2,1.43,13.16,0.01225,14.41,5.3,20.5,1.129,15.63,0.3313,60.91,14.2,10.18,3.418,0.2,1582,273.7,5.563,171.7,1.768,2.448,27.74,111.4,8.584,8.375,128.2,222.4,89.34,3.669,0.7069,247.8,54.33,189,782.2,350.4,48.37,0.03706,538.6,0.4035,0.7923,0.7331,0.2168,0.7,0.09105,0.2085,0.7483,0.1613,305.1,841.8,36.7,0.8,566.8,1.911,400,0.5241
88,child4,child,21.1329,11.000,3.000,8.000,51.000,3.000,100.733,-1.108,2424.000,12.927,48.950,1174,2800,83.78,120,2.435,1.26,1.2,1.368,11.38,0.01109,15.38,6.543,18.58,1.171,13.39,0.2986,46.81,14.94,9.244,4.345,0.2393,1498,207,6,170.8,1.974,2.401,29.29,98.83,9.255,6.934,139,240,80.36,3.316,0.6291,190.3,51.15,210.6,948.6,310.2,46.5,0.03842,481.5,0.4675,0.6812,0.7959,0.2312,0.7567,0.08186,0.1895,0.7553,0.1566,274.5,761,38.11,0.6366,445.4,1.716,381.9,0.538
88,child5,child,-5.1559,3.000,1.000,2.000,11.000,3.000,161.500,-3.244,1383.000,6.707,43.633,1043,2580,113.4,120,3.414,1.423,1.2,1.398,18.69,0.01193,15.95,7.113,20.98,1.313,15.01,0.3261,65.32,13.19,11.94,4.979,0.2624,1839,233.1,5.355,188,1.855,2.5,32.78,99.93,11.23,7.647,113.6,282.1,90,4.884,0.61,244.4,47.45,197.3,621.5,286,41.86,0.04222,600,0.4798,0.5796,0.7155,0.2081,0.7921,0.1029,0.1887,0.539,0.1511,391.6,636.6,41.28,0.7811,469,1.774,400,0.455
88,child6,child,-18.7588,4.000,0.000,4.000,-8.000,-13.000,-7.183,-1.752,1810.000,8.060,42.333,1115,2800,97.86,115.6,2.896,1.235,1.195,1.25,14.34,0.01062,14.75,7.576,23.13,1.263,15.63,0.3311,57.08,14.71,9.583,5.391,0.2518,1432,209,6,166.1,1.841,2.486,37.48,104.3,13.99,6.573,129.4,256.5,90,4.229,0.6388,196.3,54.4,184,824.9,347,38.32,0.03754,517.5,0.4448,0.6882,0.8008,0.2667,0.7022,0.08893,0.2155,0.7273,0.1711,284.3,679.4,45.18,0.8,495.6,2.432,400,0.5936
88,child7,child,-6.1271,2.000,0.000,2.000,6.000,11.000,92.233,-1.725,1355.000,5.727,41.867,958.5,2800,113.7,120,2.709,1.188,1.2,1.5,15.53,0.009587,18.27,7.2,21.85,1.046,15.82,0.29,53.3,10.43,9.906,4.284,0.2624,1649,150,5.975,170.8,2.124,2.5,32.44,102,11.75,6.203,134.7,261.1,90,3.955,0.6788,178.2,46.14,174.2,799.2,378.5,46.76,0.04245,541.2,0.5235,0.8567,0.6973,0.2468,0.7529,0.08633,0.2734,0.4963,0.1982,358.9,614.2,42.87,0.6218,450.7,2.066,393.1,0.4689
88,child8,child,122.2864,30.000,0.000,30.000,123.000,30.000,194.733,3.027,3256.000,24.033,56.583,1162,2073,114.6,120,2.608,0.9847,1.2,1.316,18.74,0.013,16.8,7.071,17.62,1.164,14.02,0.2816,55.13,14.23,11.57,4.117,0.2,1898,293.8,5.651,151.3,2.331,2.5,30.36,116.9,12.88,7.713,139.1,218.5,90,3.164,0.4308,197,47.36,240.4,711.9,351.6,51.9,0.0476,512.1,0.3976,0.9003,0.899,0.3324,0.8501,0.09783,0.2317,0.61,0.1429,345.6,781.7,41.73,0.5746,530.3,1.923,399.1,0.5561
88,child9,child,17.9120,12.000,1.000,11.000,34.000,0.000,57.783,-1.646,2572.000,20.973,46.033,1222,2800,106.6,107.6,3.003,1.492,1.2,1.313,19.24,0.01087,17.52,7.604,15.73,1.01,14.09,0.2904,56.33,14.85,14.77,4.702,0.2397,1608,256.7,6,205.2,1.765,2.151,26.67,110.7,10.14,8.345,142.6,230.3,90,3.691,0.5396,203.5,50.98,196.4,751.2,295.9,47.66,0.03815,481.9,0.504,0.5927,0.7995,0.2473,0.8914,0.1063,0.2308,0.6506,0.18,348,799.9,33.48,0.7263,506.5,1.891,400,0.6378
88,child10,child,3.8844,18.000,8.000,10.000,34.000,-36.000,-307.783,1.608,2195.000,30.353,55.783,1018,2800,115.6,120,3.178,1.358,1.2,1.4,15.75,0.009807,17.43,6.007,18.62,1.316,12.9,0.2593,57.97,15.31,12.62,3.854,0.2077,1508,196.5,5.49,187.1,1.769,2.5,35.33,119.5,11.45,7.458,98.48,305,76.11,3.562,0.6401,202.1,56.41,202.9,803.6,303.3,59.34,0.04167,600,0.4081,0.8101,0.7366,0.2641,0.8145,0.0943,0.2337,0.491,0.1933,313,821.3,41.53,0.6687,385.3,1.689,342.8,0.5931
88,child11,child,35.5053,14.000,2.000,12.000,51.000,16.000,112.700,-1.590,2370.000,16.553,52.983,1250,2534,86.5,101.9,2.395,1.493,1.2,1.5,13.93,0.01023,12.96,6.389,20.45,1.363,13.04,0.2668,56.61,13.35,10.53,4.69,0.2,1901,225.9,5.796,194.2,1.522,2.308,31.06,101.6,10.05,7.747,145.6,261.2,90,3.945,0.7785,183.9,58.39,197.9,934.8,347.6,49.11,0.0367,576.8,0.4814,0.6737,0.9441,0.2695,0.9163,0.09556,0.2257,0.7008,0.1487,343.1,761.7,46.98,0.6587,532.3,1.653,397.4,0.5559
88,child12,child,9.5519,5.000,0.000,5.000,36.000,2.000,25.783,-3.047,1672.000,9.520,51.683,1148,2333,109.9,120,2.708,1.361,1.155,1.371,13.34,0.01191,14.34,6.629,18.9,1.211,14.89,0.2539,52.76,17.85,13.51,4.765,0.2339,1400,218.2,4.852,145,1.906,2.5,32.11,99.58,9.205,6.883,113.1,228.9,90,4.048,0.6332,212.4,54.67,185.2,866.3,344.7,45.45,0.04281,545.5,0.5121,0.6896,0.7721,0.2461,0.7,0.08462,0.2879,0.6408,0.1784,338.1,584.8,46.96,0.8,539.7,1.742,344,0.4735
88,child13,child,122.0938,28.000,2.000,26.000,131.000,49.000,426.233,1.512,2998.000,32.920,72.150,1243,2778,98.73,120,3.344,1.126,1.038,1.5,17.16,0.009287,14.49,6.8,19.56,1.387,15.26,0.2685,50.68,13.92,10.53,4.203,0.2,2000,262,5.169,173.5,1.56,2.5,28.75,120,11.28,7.531,128.3,256.8,71,4.593,0.725,214.8,64.09,173,801.9,358.7,48.6,0.04874,516.4,0.4534,0.7327,0.8157,0.2492,0.8101,0.09368,0.1858,0.5338,0.1808,338,865.2,42.87,0.6784,487.7,1.62,392.4,0.5175
88,child14,child,199.3852,43.000,0.000,43.000,218.000,41.000,282.200,1.473,4507.000,27.653,53.600,1458,2550,97.28,120,2.895,1.131,1.2,1.22,15.41,0.01131,19.56,6.26,19.56,1.154,14.66,0.297,49.33,14.83,11.62,4.072,0.2082,1758,203.2,5.94,172.1,2.108,2.5,31.28,117.1,10.58,7.757,105.1,210.1,90,3.654,0.5748,239.7,59.01,207.3,829.1,324.8,51.06,0.03519,430.9,0.5243,0.6268,0.9985,0.2454,0.7034,0.08924,0.2508,0.5701,0.1564,309,734.2,39.33,0.611,606.2,2.135,394.2,0.5213
88,child15,child,204.3019,40.000,0.000,40.000,242.000,59.000,346.233,0.021,4737.000,29.900,50.733,1302,2767,92.66,114.6,3.148,1.081,1.036,1.351,14.7,0.0104,14.49,8.016,21.82,1.034,17.4,0.301,44.25,14.34,10.52,4.854,0.2,1829,197,5.632,182.3,1.703,2.5,34.82,108.7,7.351,6.345,115,281,81.16,4.096,0.642,208.8,47.76,160.2,968.1,348.7,65.41,0.03711,574.9,0.395,0.5501,0.7731,0.262,0.7976,0.09149,0.2024,0.6836,0.1838,376.8,587.3,43.95,0.6304,392.2,1.648,400,0.6191
89,parent,parent,202.1282,44.000,1.000,43.000,232.000,49.000,270.100,1.204,4947.000,27.960,64.100,1162,2800,105.7,120,2.784,1.211,1.2,1.385,16.05,0.01119,15.94,6.712,19.44,1.2,14.71,0.2813,54.47,14.32,11.04,4.474,0.2062,1780,218.4,5.599,165,1.888,2.5,30.9,106.5,11.2,7.224,124.9,251.3,82.49,3.773,0.6332,200.8,54.85,205.1,763.3,339.7,49.1,0.04091,558,0.4668,0.6701,0.8131,0.2603,0.7545,0.08608,0.2265,0.6154,0.1805,341.3,743.4,45.26,0.6805,479.2,1.879,400,0.5431
89,child0,child,204.0020,44.000,1.000,43.000,230.000,50.000,311.550,1.344,5002.000,28.260,40.550,1110,2800,115.9,120,2.19,1.087,1.135,1.307,19.62,0.01017,14.7,6.704,17.79,1.341,16.13,0.2355,53.43,12.89,8.89,4.654,0.2,1864,190.8,5.688,144.8,2.039,2.282,32.82,115.7,9.533,7.396,136.7,235.4,88.3,4.389,0.7341,184.7,63.65,206.8,756.8,268.9,59.43,0.05671,488.1,0.5109,0.6618,0.9141,0.2216,0.8432,0.08237,0.2581,0.6904,0.2004,372,749.4,40.53,0.5757,473.4,1.949,392.1,0.5079
89,child1,child,121.2971,25.000,1.000,24.000,179.000,19.000,34.967,-0.020,3744.000,25.740,46.783,1170,2800,110.8,120,2.664,1.088,1.039,1.292,14.79,0.01405,14.53,6.734,18.43,1.418,18.52,0.2707,50.77,14.52,10.42,4.359,0.2,1746,254.9,5.307,159.1,1.781,2.321,35.08,120,13.35,7.406,158.2,214.8,88.94,2.93,0.7502,183.8,53.76,164.6,883.7,328.7,51.09,0.03069,527.4,0.3829,0.6876,0.6719,0.2245,0.7,0.09932,0.1748,0.566,0.1836,386.9,827,45.21,0.7998,385.6,2.443,338.6,0.5024
89,child2,child,-8.8338,0.000,0.000,0.000,6.000,5.000,67.783,-1.700,943.000,3.927,35.167,1083,2800,113.8,120,2.218,1.538,0.9976,1.336,17.12,0.01163,17.3,6.898,19.19,1.083,13.1,0.2731,52.61,17.06,9.499,4.828,0.2,1829,215.9,6,161.1,1.664,2.5,37.08,97.17,11.29,6.982,165.7,237.4,88.7,4.272,0.6221,207.2,53.07,190.6,596.8,369.9,51.68,0.03444,600,0.4825,0.9111,0.7152,0.3061,0.7379,0.1029,0.2513,0.6623,0.1822,380.6,778.4,43.71,0.8,436.1,1.939,336.9,0.6115
89,child3,child,157.4249,39.000,2.000,37.000,179.000,44.000,256.200,0.869,4728.000,38.987,62.550,1118,2800,122.6,120,2.483,1.396,1.2,1.358,17.16,0.01245,15.15,6.093,16.37,1.143,13.15,0.286,64.86,13.49,9.846,5.055,0.2,1590,209.2,5.752,194.7,1.623,2.5,27.72,104.9,11.17,7.842,111.7,260.4,74.39,3.974,0.8054,215.4,56.93,234.4,823.4,301.4,48.88,0.03734,579.1,0.386,0.6077,0.785,0.2067,0.709,0.08661,0.1635,0.6112,0.1828,311.3,706.2,50.18,0.7508,543.3,1.884,400,0.5165
89,child4,child,91.5972,21.000,0.000,21.000,128.000,14.000,149.733,0.417,3287.000,29.927,55.433,1377,2800,121.1,120,2.714,1.105,1.116,1.277,15.51,0.01008,14.35,6.979,20.1,1.199,13.64,0.253,61.24,16.48,11.89,4.422,0.2,1569,191.1,6,214.8,2.336,2.436,35.45,120,10.74,7.087,110.3,216.6,80.83,4.082,0.5955,179.1,56.39,203.5,622.3,339.7,47.02,0.04053,600,0.5797,0.8288,0.7456,0.2297,0.8469,0.1016,0.1895,0.6698,0.2176,324.5,931.5,39.93,0.6291,627.6,2.184,381.1,0.4312
89,child5,child,-0.5582,0.000,0.000,0.000,25.000,8.000,83.417,-2.172,1103.000,5.173,36.933,1238,2461,108.5,119.9,3.315,1.271,1.2,1.074,20.56,0.009287,14.89,7.064,16.7,1.296,15.26,0.3035,58.44,14.52,9.627,3.821,0.2,1790,191,6,161.1,1.697,2.469,26.71,94.71,12.5,8.424,132.6,239.7,85.16,3.73,0.561,213.6,63.12,210.3,755.2,351.8,49.09,0.04364,451.6,0.4738,0.5339,1,0.2505,0.7976,0.08019,0.2755,0.6556,0.1842,394.1,687,56.03,0.6483,516.2,1.54,400,0.6854
89,child6,child,137.5932,32.000,1.000,31.000,169.000,27.000,182.933,-0.206,3951.000,38.093,55.433,1294,2800,117.2,120,2.906,1.247,1.05,1.404,13.89,0.01008,18.61,9.15,16.49,1.025,14.96,0.3679,45.37,14.4,12.48,4.447,0.2262,2000,225.5,5.777,169.3,1.785,2.5,32.05,109.2,12.47,6.287,116.9,239.8,74.68,3.464,0.5961,208.5,67.18,208.4,729.7,359.7,47.82,0.04757,551.4,0.4294,0.8534,0.7637,0.2326,0.7,0.08297,0.2508,0.5584,0.1731,302.1,703.2,52.96,0.7595,496.1,2.152,349,0.5871
89,child7,child,50.2057,14.000,2.000,12.000,90.000,12.000,67.817,0.361,2626.000,26.013,58.700,1371,2328,97.76,120,2.702,1.366,1.2,1.344,15.79,0.01197,16.07,6.302,21.36,1.335,12.77,0.3345,64.24,14.12,11.02,5.321,0.2104,1605,263.8,5.87,178.4,1.756,2.26,24.45,116.8,12.81,7.222,146,211.5,82.36,4.071,0.574,200.6,59.57,230.3,803.8,356.2,39.08,0.04331,449.6,0.3914,0.6109,0.69,0.2245,0.8351,0.08423,0.235,0.6289,0.1714,337.4,644.8,45.43,0.7974,427.7,1.933,344,0.5892
89,child8,child,-7.0077,5.000,0.000,5.000,1.000,-2.000,-45.000,-1.826,1531.000,9.047,40.800,1206,2800,96.07,120,2.572,1.082,1.09,1.5,17.31,0.01219,15.48,6.814,16.03,1.242,14.35,0.2673,54.96,12.29,13.73,4.263,0.2146,1915,221,5.269,197.7,1.455,2.378,31.87,100.5,10.4,8.431,107.3,300.2,84.66,3.7,0.8098,231.6,54.6,180.7,785.9,323.7,56.91,0.0377,600,0.4598,0.7694,0.7004,0.3287,0.7605,0.08112,0.2255,0.6064,0.1567,366.3,748,50.73,0.65,482.5,1.976,400,0.4923
89,child9,child,137.4336,36.000,2.000,34.000,159.000,25.000,225.750,0.890,4488.000,32.300,59.167,1388,2800,118.7,120,2.975,1.337,1.11,1.404,15.88,0.01066,16.03,7.717,18.47,1.086,15.85,0.28,58.26,19.36,12.28,5.209,0.2,1650,224.9,5.132,162.8,2.383,2.5,27.29,115.7,9.272,6.429,111.9,239.2,81.44,4.257,0.6441,156.7,57.1,261.8,720.6,281.9,51.18,0.04493,600,0.4749,0.6401,0.8181,0.2613,0.7405,0.08548,0.1934,0.8561,0.1897,331.9,815.5,43.91,0.5757,588.1,1.675,400,0.3909
89,child10,child,-4.5128,2.000,0.000,2.000,10.000,1.000,-1.517,-1.799,1021.000,5.480,40.250,1065,2683,103,120,2.994,1.527,1.2,1.229,16.32,0.01248,15.37,6.497,22.24,1.052,13.6,0.3769,48.77,14.22,9.477,4.021,0.2646,2000,221.5,5.22,206.4,1.679,2.5,22.45,98.38,11.47,6.238,139.1,216.7,85.85,5.861,0.7494,173.2,53.9,193.4,796.9,398,59.68,0.04192,548.6,0.4502,0.7477,0.9132,0.3047,0.7082,0.06855,0.2031,0.4928,0.1758,288.4,832.9,47.09,0.7133,465.9,2.204,400,0.5283
89,child11,child,-12.4047,0.000,0.000,0.000,3.000,8.000,89.067,-2.151,1119.000,5.487,44.717,1313,2800,113.4,120,2.61,0.9601,1.2,1.377,15.73,0.01217,17.12,7.366,22.61,1.096,16.25,0.298,51.68,15.34,11.14,4.531,0.2199,1755,218.6,5.301,166.7,1.774,2.5,28.23,96.74,11.38,5.492,130.4,273.2,90,3.544,0.6377,211.3,55.55,240.3,776.2,323.9,57.9,0.04259,569.2,0.5812,0.5424,0.9588,0.2391,0.8235,0.0835,0.2241,0.6608,0.1706,356.2,657,48.53,0.589,528.5,1.898,388.8,0.5476
89,child12,child,184.2651,38.000,0.000,38.000,222.000,53.000,206.217,0.917,4620.000,27.260,69.917,1355,2800,93.11,112.8,3.008,1.341,1.177,1.215,13.25,0.009192,19.26,6.653,15.48,1.553,14.67,0.2761,50.45,16.41,11.13,3.365,0.2,1642,219,5.783,135.1,1.632,2.5,30,117,11.89,7.853,132.4,222.2,89.03,4.046,0.6348,169.8,53.53,171.3,696.4,277,52.36,0.04392,587,0.5297,0.599,0.9322,0.2521,0.7689,0.08196,0.2707,0.643,0.1704,311.2,810.6,47.65,0.5524,545.9,1.5,329.3,0.6711
89,child13,child,-9.1818,0.000,0.000,0.000,12.000,1.000,9.650,-2.928,990.000,5.360,36.750,1168,2800,100,100.8,2.912,1.181,1.2,1.5,17.01,0.0109,16.14,7.743,19.81,1.328,15.23,0.2594,51.81,13.78,10.62,4.727,0.241,1673,233.3,5.13,158.9,1.896,2.469,32.86,99.96,10.84,6.961,140.4,212.7,90,2.839,0.8499,168,61.74,180.5,877.7,305.7,42.35,0.03428,481.6,0.4721,0.7295,0.9613,0.2302,0.7395,0.1026,0.2776,0.5815,0.2369,408.9,657.3,40.73,0.6792,454.4,1.602,400,0.5345
89,child14,child,124.3223,35.000,1.000,34.000,133.000,16.000,59.550,2.710,4074.000,25.853,65.983,1341,2800,107,103.2,2.892,1.194,1.2,1.235,22.11,0.01188,14.33,8.472,21.77,1.277,14.32,0.2868,66.95,13.62,9.818,4.359,0.2027,1613,261.6,5.838,166,2.239,2.5,27.52,112.7,10.02,8.749,126.6,265.8,90,4.691,0.6324,169.4,48.03,226.4,831.6,385.4,49.84,0.0448,599.1,0.4073,0.6556,0.9349,0.2807,0.7,0.08271,0.2287,0.586,0.1947,318.3,707.9,46.15,0.8,481.4,1.991,400,0.5447
89,child15,child,112.4038,31.000,0.000,31.000,113.000,7.000,154.200,2.161,3549.000,22.873,48.833,1092,2769,90.2,106.1,2.435,1.263,0.9788,1.423,16.08,0.01215,19.57,6.757,22.01,1.364,14.7,0.2716,66.9,13.93,10.21,5.114,0.2,1967,248.1,5.92,139.9,1.83,2.5,28.14,103,11.66,6.983,97.1,261.5,89.11,3.432,0.6823,217.3,52.5,211.5,848.6,337,43.85,0.04025,497.4,0.5106,0.5894,0.9115,0.3042,0.7,0.09669,0.2783,0.5843,0.1721,342.3,619.6,47.07,0.6665,386.4,1.934,400,0.5861
90,parent,parent,184.5040,42.000,0.000,42.000,214.000,37.000,195.817,1.391,5100.000,28.613,66.467,1110,2800,115.9,120,2.19,1.087,1.135,1.307,19.62,0.01017,14.7,6.704,17.79,1.341,16.13,0.2355,53.43,12.89,8.89,4.654,0.2,1864,190.8,5.688,144.8,2.039,2.282,32.82,115.7,9.533,7.396,136.7,235.4,88.3,4.389,0.7341,184.7,63.65,206.8,756.8,268.9,59.43,0.05671,488.1,0.5109,0.6618,0.9141,0.2216,0.8432,0.08237,0.2581,0.6904,0.2004,372,749.4,40.53,0.5757,473.4,1.949,392.1,0.5079
90,child0,child,201.6921,42.000,0.000,42.000,246.000,39.000,248.867,0.923,5161.000,28.967,60.400,1166,2800,142.8,120,2.153,1.224,1.032,1.2,18.17,0.009458,13.37,7.157,18.47,1.809,16,0.2239,62.49,12.47,8.317,4.131,0.2,2000,205.5,5.877,151.4,1.872,2.394,40.53,117.4,11.09,6.778,118,298.9,90,4.905,0.6802,175.3,65.07,214.8,707.9,280.9,55.65,0.05407,538.2,0.4943,0.7575,0.9095,0.2798,0.7,0.0826,0.2421,0.7663,0.2108,356,650.9,41.85,0.6245,480.4,1.612,394.2,0.4751
90,child1,child,104.1974,26.000,0.000,26.000,126.000,13.000,51.900,-0.087,3199.000,18.620,65.450,900,2800,110,120,2.46,1.178,1.01,1.387,18.1,0.008962,13.72,7.611,17.37,1.544,17.22,0.2473,64.05,12.55,8.985,5.455,0.2216,1740,192.5,6,145.9,1.61,2.096,31.17,110.1,10.28,7.745,146.1,182.7,90,3.69,0.9488,200.2,56.96,286.1,914.3,317.2,59.21,0.06865,468,0.6924,0.6546,1,0.2719,0.7103,0.07047,0.2445,0.7949,0.1749,329.7,791.8,43.02,0.5041,507,1.658,386.4,0.5736
90,child2,child,-14.4120,0.000,0.000,0.000,8.000,-8.000,-38.883,-2.566,1001.000,5.513,41.900,1165,2800,111.1,117.5,2.351,0.9187,0.9037,1.321,20.19,0.01007,12.92,7.062,19.51,1.439,13.11,0.2259,57.9,12.88,8.738,4.435,0.2369,2000,193.2,5.71,114.7,2.169,1.708,26.09,97.55,11.06,8.578,151.5,210.5,90,3.854,0.8066,173.6,63.85,231.6,679.2,360.8,60.15,0.06007,374.2,0.493,0.6414,0.8778,0.2271,0.8004,0.07022,0.2543,0.6239,0.231,370.9,706.3,40.44,0.573,414.8,2.118,400,0.6483
90,child3,child,168.5291,40.000,1.000,39.000,194.000,24.000,208.733,1.330,4621.000,27.387,61.617,1113,2800,121.2,116.9,2.022,1.069,1.2,1.461,18.59,0.01,15.54,6.804,18.2,1.438,14.42,0.2278,49.94,11.94,9.814,5.021,0.2211,2000,231.1,5.919,155,1.992,2.471,39.43,111.9,8.074,6.761,149.1,203.5,80.82,4.283,0.6752,214.6,53.3,194,785,232.5,47.19,0.05911,465.9,0.4852,0.6785,0.798,0.2477,0.7638,0.08803,0.2617,0.7979,0.1899,455.3,757.8,32.11,0.5394,407.9,1.743,396.5,0.5231
90,child4,child,116.6933,28.000,1.000,27.000,140.000,31.000,133.267,0.099,3515.000,20.367,60.350,1077,2770,135.4,120,2.293,0.9247,1.131,1.179,20.76,0.01057,14.9,6.836,18.16,1.316,16.37,0.2055,52.57,12.74,7.899,4.089,0.2471,1802,168.1,5.318,152.5,1.797,2.5,34.13,111.1,10.55,9.252,137.1,241.7,88.03,3.993,0.8254,160,46.79,219.4,822.4,250.4,64.16,0.06258,508.9,0.5379,0.6314,0.9687,0.2169,0.9043,0.08234,0.2578,0.8728,0.2206,371.8,615.5,39.03,0.5657,551.1,1.956,381.9,0.4611
90,child5,child,11.0407,6.000,0.000,6.000,36.000,-2.000,55.350,-3.113,1810.000,14.547,45.550,1100,2554,126.5,120,2.325,1.069,1.143,1.44,20.1,0.009472,16.05,7.578,21.81,1.585,15.15,0.2349,58,11.27,8.558,4.499,0.2,1988,168.9,5.928,144.5,1.721,1.895,30.35,90.92,11.12,7.745,124,231.8,90,5.077,0.6634,150,64.28,206.5,924.1,230.8,50.19,0.04884,435.3,0.5295,0.7258,0.8859,0.1742,1,0.07736,0.2158,0.7305,0.2207,331.5,858.1,39.01,0.4802,513.5,1.932,370.9,0.4566
90,child6,child,121.4220,28.000,2.000,26.000,157.000,30.000,274.033,0.201,3726.000,34.440,59.550,1042,2800,104.6,120,2.271,0.9256,1.2,1.372,27.33,0.01003,16.28,6.532,16.69,1.521,14.68,0.2292,61.94,12.31,7.9,4.061,0.247,2000,203.5,5.065,140.5,1.681,1.883,37.63,100.9,8.629,8.319,130.1,220.7,66,5.171,0.6117,163.6,56.92,166,761,255.3,62.24,0.05247,505.3,0.6889,0.7145,0.8458,0.2665,0.7687,0.06599,0.2585,0.6622,0.2319,320.9,823.2,38.27,0.6293,453.3,1.872,400,0.6074
90,child7,child,165.7601,35.000,0.000,35.000,183.000,44.000,363.150,1.341,3880.000,25.667,61.067,1115,2404,106.8,120,1.831,1.058,1.2,1.33,20.03,0.0102,12.37,5.827,21.67,1.621,18.27,0.2608,57.3,12.2,8.887,3.902,0.2,2000,190.9,5.716,144.5,1.812,2.089,37.27,97.33,9.086,8.237,126.2,275.2,72.72,5.174,0.7527,185,59.74,228,576,249.5,59.13,0.04786,495.5,0.4603,0.7607,1,0.2239,0.8388,0.1097,0.2335,0.6545,0.2348,382.1,818.3,40.82,0.5824,525.5,2.04,400,0.4983
90,child8,child,171.6022,35.000,0.000,35.000,208.000,35.000,270.217,0.046,4094.000,29.520,59.333,1187,2800,116.6,116.2,2.259,1.268,1.016,1.402,19.59,0.009901,10.9,7.064,17.83,1.595,12.64,0.2274,54.93,11.97,9.407,4.51,0.2,2000,173.3,6,138.5,2.134,2.067,27.98,120,8.878,8.44,144.4,235.4,87.36,4.669,0.8819,160.9,73.85,175.6,699.3,265.6,55.17,0.06221,432.1,0.4522,0.5979,0.9265,0.1847,0.9448,0.07734,0.2641,0.6321,0.2094,370.5,713.4,47.17,0.5999,434.2,2.233,400,0.5347
90,child9,child,110.5704,23.000,0.000,23.000,145.000,18.000,238.200,-1.170,3065.000,33.420,47.167,1039,2800,107.2,92.63,1.977,1.134,1.2,1.422,18.62,0.009093,16.95,6.292,18.37,1.229,16.49,0.2213,47.56,13.37,7.229,4.348,0.2014,1913,203.3,4.983,151.6,2.763,2.5,28.76,120,8.826,6.962,114.3,196.1,85.23,4.142,0.7185,212.7,57.58,223.8,639,248.8,62.37,0.04708,546.7,0.473,0.6398,1,0.2213,0.9033,0.076,0.2484,0.6035,0.1706,331,652.6,47.28,0.5461,573.3,2.004,400,0.5038
90,child10,child,34.3834,23.000,4.000,19.000,44.000,-28.000,-355.133,1.368,2173.000,28.260,80.417,1165,2800,115.6,112.1,2.424,1.025,1.2,1.172,14.76,0.009761,17.31,6.044,16.35,1.399,17.21,0.2242,53.33,13.26,7.015,4.105,0.2001,2000,209.4,5.941,141.8,2.504,1.749,33.21,120,9.427,7.184,119.9,260.3,79.7,3.55,0.6116,150.1,70.46,209.7,667.3,228.5,65.27,0.05131,600,0.66,0.7657,0.7777,0.2667,1,0.06137,0.215,0.611,0.2258,379.9,846.4,41.12,0.5787,575.7,2.076,394.6,0.5503
90,child11,child,133.6432,32.000,1.000,31.000,168.000,12.000,194.300,0.638,4110.000,32.400,56.217,1361,2758,116.7,120,2.266,1.12,1.023,1.276,22.47,0.009854,13.84,6.564,16.93,1.453,12.01,0.2234,56.24,11.52,6.904,4.723,0.2,1856,205.2,5.58,185.1,1.87,1.735,30.43,112.5,9.373,6.37,129.5,260.9,75.29,4.585,0.6604,179.2,57.27,209.5,811.3,276.7,66.27,0.06529,532.5,0.5266,0.7084,0.9819,0.204,0.817,0.07792,0.2588,0.6915,0.213,460.6,945.5,33.77,0.573,486.3,2.147,356.1,0.4159
90,child12,child,183.1151,35.000,0.000,35.000,238.000,26.000,297.317,-0.517,4419.000,31.193,44.633,945.7,2800,145,108.8,1.958,1.079,1.185,1.341,20.96,0.01156,13.17,6.822,20.63,1.232,19.05,0.2094,54.47,12.5,8.617,4.319,0.2,1955,190.8,5.779,124.8,2.111,2.376,34.82,115.1,10.38,6.837,136,213.7,81.88,3.843,0.6454,196.7,67.07,214.6,877.9,283.2,55.16,0.04829,544.2,0.497,0.7711,1,0.1973,0.8575,0.08877,0.2816,0.5655,0.1691,362.3,742.6,37.43,0.657,522.7,2.295,400,0.4462
90,child13,child,105.2857,26.000,1.000,25.000,124.000,18.000,182.917,-0.161,3189.000,17.740,52.283,1243,2800,108.9,120,2.439,1.028,1.053,1.5,21.75,0.01064,16.24,7.801,16.22,1.477,18.6,0.2339,59.16,10.92,8.849,5.404,0.2114,2000,171.3,5.964,111.5,1.854,2.086,29.6,110.1,10.1,6.859,162.8,190.9,90,5.478,0.7186,185.1,61.18,199.5,738,273.2,53.09,0.05123,478.8,0.4741,0.6322,0.8527,0.2273,0.9319,0.07617,0.2254,0.6234,0.1845,426.6,644.8,47.97,0.61,497.6,1.96,400,0.5147
90,child14,child,1.5554,3.000,0.000,3.000,26.000,-6.000,8.017,-1.656,1291.000,7.267,49.400,1071,2759,135.5,120,2.015,1.159,1.166,1.221,16.66,0.008857,14.53,6.036,19.08,1.448,20,0.2398,48.58,13.39,9.448,5.035,0.2028,2000,181.8,6,137.1,1.927,2.037,41.52,98.13,10.15,6.864,133.1,276.7,84.12,4.281,0.7432,180.7,56.8,201.1,643.9,270.6,63.41,0.05592,600,0.4596,0.674,0.9557,0.2366,1,0.0918,0.2011,0.6703,0.2049,350,728.5,49.94,0.552,442.3,2.609,400,0.5284
90,child15,child,78.2044,23.000,3.000,20.000,119.000,13.000,60.667,-0.364,3663.000,31.287,51.683,1170,2800,117.2,120,2.223,1.07,1.2,1.064,21.36,0.008249,12.54,5.691,19.73,1.386,19.19,0.2436,56.16,12.17,8.389,4.331,0.2145,2000,198.7,5.265,174.1,2.328,2.269,29.06,120,10.09,7.775,143.2,246.2,79.7,3.979,0.8146,198.6,53.44,211.5,772.9,287.1,55.05,0.06112,466.7,0.5458,0.7229,1,0.1944,0.795,0.0901,0.2452,0.761,0.204,473.7,758.5,42.45,0.5507,484.5,2.099,364.5,0.4947
91,parent,parent,208.2060,47.000,0.000,47.000,239.000,28.000,153.250,1.484,5295.000,31.793,55.717,1166,2800,142.8,120,2.153,1.224,1.032,1.2,18.17,0.009458,13.37,7.157,18.47,1.809,16,0.2239,62.49,12.47,8.317,4.131,0.2,2000,205.5,5.877,151.4,1.872,2.394,40.53,117.4,11.09,6.778,118,298.9,90,4.905,0.6802,175.3,65.07,214.8,707.9,280.9,55.65,0.05407,538.2,0.4943,0.7575,0.9095,0.2798,0.7,0.0826,0.2421,0.7663,0.2108,356,650.9,41.85,0.6245,480.4,1.612,394.2,0.4751
91,child0,child,106.4038,25.000,1.000,24.000,144.000,6.000,138.333,0.284,3353.000,26.567,55.183,1172,2416,150.4,111.6,2.406,1.328,1.082,1.133,18.58,0.009932,12.19,7.16,21.93,1.913,18.46,0.2282,57.03,11.08,8.934,3.793,0.2,1818,217.2,6,134.9,2.37,2.466,42.01,120,10.97,8.531,103,288.3,85.96,5.704,0.7313,209.4,68.9,204.6,540.1,249.6,49.92,0.05425,543.5,0.4751,0.7383,0.969,0.2875,0.7288,0.08404,0.2445,0.6292,0.1935,452.2,613.8,38.58,0.6762,545.6,1.807,400,0.4782
91,child1,child,86.7466,24.000,2.000,22.000,129.000,2.000,-72.033,-0.362,3506.000,20.167,54.550,1173,2800,102.4,120,2.475,1.166,1.114,1.223,20.73,0.009591,13.14,6.543,20.67,1.515,15.79,0.2147,62.27,12.13,7.072,4.607,0.2,2000,171.3,5.049,189,1.876,2.5,48.87,109.6,11.81,5.869,104,287.7,90,4.373,0.6936,190.3,75.96,223,678.5,331.5,59.29,0.05129,515.5,0.3288,0.9133,0.8049,0.2576,0.7,0.08311,0.254,0.8038,0.2226,290.6,608.1,42.11,0.6523,507.9,1.5,387.9,0.5216
91,child2,child,129.6318,28.000,2.000,26.000,181.000,23.000,152.183,1.249,3887.000,29.213,53.450,1170,2600,145,120,1.931,1.189,0.9724,1.035,15.5,0.008697,14.1,6.186,17.83,1.572,15.37,0.2249,55.5,15.75,10.24,4.055,0.2355,2000,227.5,5.862,147.9,1.51,2.457,40.17,120,11.34,6.392,106.8,332.2,87.85,5.856,0.6457,165.6,54.46,282.2,818.2,287.9,53.5,0.05456,600,0.5487,0.8154,0.8971,0.2534,0.7,0.0882,0.2649,0.8139,0.1997,323.1,714.7,48.82,0.6861,566.7,1.645,361.2,0.4555
91,child3,child,253.5111,56.000,1.000,55.000,286.000,55.000,333.867,1.223,6428.000,31.693,53.283,930.9,2800,137.1,120,1.908,1.295,0.9488,1.171,18.72,0.008378,11.61,8.035,22.56,1.523,16.39,0.2035,62.59,12.55,8.016,4.543,0.2144,2000,205.8,6,152.1,1.772,2.5,34.07,113.1,11.22,6.848,131,358.2,90,3.896,0.712,177.1,53.17,258.3,857,260.5,56.64,0.05193,476.9,0.56,0.8247,1,0.2789,0.7,0.07756,0.2601,0.8904,0.1935,433.6,831.6,52.83,0.5353,436.3,1.61,381,0.5494
91,child4,child,105.1654,26.000,0.000,26.000,143.000,-10.000,64.167,1.461,3474.000,28.600,67.483,1037,2537,131.1,120,2.104,1.357,1.094,1.072,18.7,0.01049,14.55,6.684,18.63,1.758,17.58,0.239,78.52,12.8,6.945,3.577,0.2,1674,224.7,5.426,172.3,1.742,2.06,38.35,111.5,9.57,6.444,123.5,314.3,84.33,4.293,0.7103,152.8,69.33,199,659.2,331,52,0.05853,500.5,0.4173,1,0.8727,0.2821,0.7,0.08447,0.2585,0.8245,0.2053,321.9,684.9,48.74,0.6139,419.7,1.984,400,0.3873
91,child5,child,37.7198,23.000,4.000,19.000,39.000,-25.000,-245.517,2.656,2326.000,27.527,41.850,1166,2800,133.5,108.5,2.106,1.11,1.04,1.103,15.19,0.009578,12.8,7.769,18.69,1.493,16.87,0.256,69.96,13.01,7.112,3.278,0.2,1714,201.4,5.593,188.1,1.699,2.5,46.54,114.6,9.282,7.206,137,232.9,72.76,4.201,0.5877,209.4,74.14,166.2,602.9,279.3,48.55,0.05459,489,0.4096,0.8393,0.8724,0.233,0.7,0.07808,0.2306,0.9708,0.1907,327.4,579,36.72,0.756,400.7,1.718,400,0.5369
91,child6,child,97.3889,23.000,1.000,22.000,134.000,18.000,231.383,0.377,3431.000,30.640,66.533,1159,2800,140.7,120,1.596,1.333,0.8502,1.379,17.07,0.01146,15.41,6.788,22.1,1.987,16.78,0.2219,54.97,14.36,7,3.193,0.2,2000,226,5.224,184.6,1.668,2.359,39.74,120,12.14,6.017,84.09,360.3,83.31,5.57,0.5976,206.6,76.43,209.2,800,229.8,56.8,0.04627,543.8,0.5542,0.7996,0.9234,0.2503,0.7,0.07587,0.2277,0.7755,0.2011,346.5,552.4,45.05,0.6697,498.5,1.724,375.4,0.5661
91,child7,child,-19.7498,0.000,1.000,-1.000,-2.000,0.000,3.050,-1.720,1094.000,4.927,35.183,1105,2800,154,103.4,2.626,1.112,0.9764,1.06,16.35,0.00813,11.87,7.617,18.59,1.968,16.65,0.238,68.83,10.27,9.661,3.942,0.2,2000,188.7,6,167.5,2.101,2.185,40.58,98.13,9.993,6.387,131.6,308,90,4.552,0.6546,155.1,64.18,214.2,859.3,266.1,43.69,0.05901,519.8,0.4151,0.8118,0.8476,0.2086,0.7,0.08029,0.2344,0.7003,0.2247,462.4,596.7,43.58,0.6657,389.9,1.553,305.3,0.4324
91,child8,child,35.8081,13.000,2.000,11.000,69.000,0.000,-57.717,0.876,2259.000,28.740,55.117,1039,2800,142.5,120,2.208,1.291,0.9111,0.9774,18.78,0.009365,12.78,6.854,19.34,1.826,15.08,0.2095,68.97,18.04,6.703,4.157,0.2,1918,237.6,5.687,153.9,1.86,2.5,35.1,120,11.84,6.13,122.5,281.9,75.9,4.158,0.5675,150,74.99,203.3,730.4,226.4,54.88,0.047,600,0.4074,0.804,0.789,0.2909,0.7227,0.07409,0.274,0.8387,0.1983,322.2,524.3,44.88,0.5772,453.7,2.061,400,0.4877
91,child9,child,122.0724,34.000,1.000,33.000,129.000,24.000,127.417,0.652,4133.000,28.287,49.433,1124,2784,122.6,120,2.059,1.185,0.9795,1.374,16.4,0.01059,15.2,6.751,15.55,1.8,14.8,0.201,71.13,12.03,8.129,4.167,0.2004,2000,197.1,6,136.5,1.459,1.92,49.75,120,10.99,5.66,108.9,290.9,90,4.297,0.7801,167.5,53.16,211.8,742.1,321.6,56.61,0.04536,465.6,0.4899,0.6941,0.7243,0.2803,0.7249,0.09586,0.2487,0.9372,0.2373,347.4,652.1,37.47,0.5579,422,1.5,385.2,0.5114
91,child10,child,184.8204,41.000,1.000,40.000,222.000,30.000,202.050,0.674,4704.000,33.473,61.700,1265,2789,132.1,119.5,2.331,1.45,1.199,0.9873,17.99,0.008971,11.99,6.043,17.92,1.482,12.46,0.2264,67.89,13.59,8.217,3.616,0.2,2000,157.6,6,169,1.51,2.5,37.82,115.7,12.18,8.604,122.3,301.2,90,5.69,0.5823,176.4,74.63,230,688.6,313.4,65.98,0.05503,540.4,0.4866,0.7448,1,0.3042,0.7,0.08459,0.273,0.5994,0.2256,395.4,666,46,0.6807,406.4,1.698,400,0.6013
91,child11,child,2.7274,4.000,0.000,4.000,27.000,-5.000,-14.483,-2.258,1470.000,7.673,48.867,949.6,2723,140.7,117.5,2.072,1.426,0.8407,1.204,18.3,0.01045,13.25,7.927,19.9,1.868,14.33,0.2313,64.63,9.416,7.602,4.188,0.2,2000,246.8,6,145.5,1.866,2.5,38.58,100.7,10.87,7.23,104.4,313.3,90,5.913,0.6402,150.5,62.77,227.9,740.3,243.3,54.94,0.05412,587,0.4626,0.7738,0.804,0.2454,0.7,0.07753,0.2932,0.7877,0.2069,364,500.3,44.12,0.6323,445.4,1.982,400,0.496
91,child12,child,162.2086,39.000,0.000,39.000,187.000,23.000,71.483,2.640,4755.000,23.827,57.083,1156,2800,129.8,120,1.91,1.162,0.9634,1.2,17.5,0.009574,12.8,6.142,15.25,1.746,15.01,0.205,59.47,13.7,8.602,4.902,0.2339,2000,197.5,6,161.6,1.726,2.265,36.83,115.8,12.34,6.659,113.7,324,90,6.317,0.667,186.1,70.5,218.7,684.1,242.7,58.41,0.05236,512.2,0.5275,0.7711,1,0.2908,0.7421,0.07897,0.2166,0.8225,0.2043,332.3,761.2,45.6,0.6385,540,1.712,400,0.5047
91,child13,child,190.2036,38.000,1.000,37.000,249.000,49.000,259.567,1.556,5154.000,30.373,64.883,1085,2800,167.4,120,2.096,1.348,1.09,1.253,17.75,0.008309,10.49,5.789,16.4,1.609,13.84,0.261,54.3,14.13,8.855,4.101,0.2,2000,246.2,6,169.8,2.106,1.868,32.35,117.2,10.08,6.886,98.24,313.6,90,4.659,0.5781,167.5,67.92,270.3,685,278.3,61.69,0.05399,537,0.5843,0.7909,0.9804,0.3223,0.8742,0.07339,0.2579,0.6086,0.2064,387.7,666.6,46.52,0.5455,521.3,1.773,400,0.4346
91,child14,child,56.7790,19.000,1.000,18.000,56.000,-2.000,-40.200,2.651,1737.000,23.540,56.183,1420,2590,117.8,111.6,2.198,1.274,0.9942,1.045,23.49,0.01001,14,7.058,18.19,1.948,12.08,0.2785,74.82,13.9,7.948,5.502,0.2027,1677,267.9,6,158.2,1.745,2.28,43.16,120,11.23,6.791,119.9,342.2,78.4,5.327,0.7147,166,64.47,223,665.7,215.5,53.36,0.05998,531.3,0.4581,0.6383,1,0.329,0.7024,0.08422,0.2413,0.8521,0.1819,348.9,546.7,49.63,0.5363,468.9,1.713,400,0.3968
91,child15,child,184.4861,40.000,2.000,38.000,228.000,41.000,211.750,1.500,4803.000,27.840,58.850,1472,2748,154.6,120,2.261,1.187,1.045,1.249,14.98,0.01089,13.15,6.671,20.19,1.914,14.74,0.2192,68.99,14.56,8.035,4.608,0.2,1829,203.6,6,152.3,1.872,2.188,37.43,120,10.96,6.77,133.2,324.9,90,5.647,0.6781,150,79.31,204,815.2,222.4,59.19,0.05001,519.5,0.4758,0.9978,0.8438,0.2447,0.7901,0.06921,0.2852,0.7241,0.211,322.2,753.4,40.4,0.6991,446.2,1.533,400,0.4588
92,parent,parent,227.5681,48.000,0.000,48.000,263.000,63.000,304.883,-0.024,5745.000,32.040,59.633,930.9,2800,137.1,120,1.908,1.295,0.9488,1.171,18.72,0.008378,11.61,8.035,22.56,1.523,16.39,0.2035,62.59,12.55,8.016,4.543,0.2144,2000,205.8,6,152.1,1.772,2.5,34.07,113.1,11.22,6.848,131,358.2,90,3.896,0.712,177.1,53.17,258.3,857,260.5,56.64,0.05193,476.9,0.56,0.8247,1,0.2789,0.7,0.07756,0.2601,0.8904,0.1935,433.6,831.6,52.83,0.5353,436.3,1.61,381,0.5494
92,child0,child,92.3290,26.000,0.000,26.000,115.000,-2.000,-44.617,1.705,3324.000,29.747,65.167,960.4,2379,113,112.9,2.262,1.526,1.146,1.055,15.9,0.007692,10.77,6.781,24.3,1.846,17.39,0.1702,64.16,11.72,6.587,4.634,0.2,1634,210.2,5.432,173,1.824,2.256,36.37,110.5,11.43,8.212,165.5,318,71.58,3.461,0.7852,172.1,40.74,213,781.5,270.4,57.01,0.04696,500,0.5703,0.7743,1,0.2764,0.7329,0.09275,0.256,0.9849,0.1984,363.6,999.2,51.66,0.5711,387.1,1.537,359.2,0.5188
92,child1,child,150.3148,39.000,0.000,39.000,156.000,22.000,212.200,2.258,4550.000,28.100,61.483,1161,2800,123.6,120,2.051,1.431,1.019,0.9855,19.44,0.008944,11.39,9.942,23.31,1.423,16.53,0.195,79.37,14.21,6.791,4.075,0.2139,1757,235.8,5.477,154.7,1.986,2.453,27.11,101.4,12.33,5.899,125,406.7,90,4.391,0.7659,183.8,53.87,257.3,947.4,256.3,50.94,0.051,504.6,0.4394,0.8335,0.8808,0.2488,0.7811,0.05771,0.2562,0.8607,0.1738,408.3,908.9,45.79,0.5419,439.8,1.63,390.5,0.4955
92,child2,child,111.5453,28.000,2.000,26.000,147.000,8.000,93.500,1.409,3572.000,31.593,52.500,992.9,2569,148.4,120,2.007,1.139,0.9442,1.063,16.72,0.008474,13.28,8.884,20.02,1.499,16.38,0.2008,58.95,11.9,8.566,5.04,0.2,2000,202.4,5.862,134.6,1.488,2.5,31.34,120,11.24,7.105,111.3,409.6,90,4.015,0.6968,150,57.33,299.9,908.7,236.3,60.55,0.05408,373.8,0.5351,1,1,0.2987,0.7,0.08235,0.24,0.8768,0.1967,452.4,937.2,56.19,0.5741,432.6,1.516,344.8,0.4392
92,child3,child,129.2534,36.000,1.000,35.000,143.000,22.000,45.867,0.624,4520.000,23.973,52.783,1133,2396,154.2,120,2.105,1.56,0.7411,1.227,18.13,0.00775,9.999,8.23,22.02,1.548,19.29,0.1858,56.17,12.6,9.517,4.373,0.2046,1877,187,5.463,138.5,2.016,2.309,40.28,101.7,11.9,6.298,124.6,347.9,87.45,3.698,0.7592,200.7,48.29,252,734,250.2,56.03,0.06206,394.1,0.513,0.99,1,0.3151,0.7,0.08813,0.2892,0.9276,0.1865,411.4,845,57,0.5737,451.8,1.713,323.2,0.603
92,child4,child,224.0308,45.000,0.000,45.000,269.000,52.000,395.400,0.705,5561.000,27.447,57.750,900,2800,153,114.3,1.618,1.325,0.877,1.013,20.04,0.009416,11.77,8.776,20.05,1.621,15.53,0.196,60.07,12.63,8.921,4.569,0.2,1763,256.3,6,129.5,1.994,2.473,28.48,113.4,11.06,7.643,150.1,341.9,90,4.44,0.7373,167.1,53.18,238.3,958.7,257.7,62.66,0.06258,600,0.6227,0.9414,0.8041,0.2605,0.7527,0.08144,0.2859,0.6952,0.2227,407.7,854.3,49.06,0.4829,512.2,1.872,391.2,0.5514
92,child5,child,148.3189,33.000,0.000,33.000,168.000,28.000,314.800,2.618,4097.000,26.347,42.817,1070,2388,140.6,120,1.805,1.035,0.9857,1.044,16.67,0.008758,12.11,8.96,23.19,1.284,17.06,0.2323,74.84,11.86,9.026,4.946,0.2,1743,245.5,5.455,179.5,1.747,1.926,36.86,120,10.41,8.622,120.3,359,90,4.344,0.5805,163.5,49.99,278.7,869.1,216.2,57.14,0.05079,598.4,0.6289,0.9733,1,0.3183,0.7,0.08067,0.2836,0.8791,0.2415,423.3,803.3,59.3,0.5001,410.5,1.771,310.6,0.6573
92,child6,child,136.7632,33.000,1.000,32.000,170.000,26.000,213.033,1.618,4390.000,27.600,78.467,1051,2800,166.9,112.9,2.108,1.245,0.8098,1.179,20.38,0.008126,11.31,9.137,20.32,1.478,17.46,0.2328,76.41,12.76,7.062,4.348,0.2274,2000,202,6,165.2,1.832,2.5,28.76,98.91,12.27,8.508,153,324.4,80.93,4.057,0.5554,179.1,43.52,264.8,763.8,279.5,57.45,0.04564,475.5,0.6477,0.8117,1,0.2169,0.7138,0.0839,0.2554,0.9152,0.2261,434,837.8,43.05,0.408,462.7,1.73,359.9,0.4826
92,child7,child,141.6470,34.000,0.000,34.000,146.000,31.000,195.967,2.747,3685.000,28.140,51.817,900,2339,146.1,120,2.032,1.148,0.9995,1.075,21.69,0.00714,10.05,8.307,27.09,1.461,12.78,0.1774,54.67,13.35,9.539,5.655,0.2213,1909,244.7,5.472,141.9,1.584,1.968,37.74,120,11.87,7.082,104.2,369.7,90,4.272,0.6848,151.8,53.85,252.2,936.8,303.9,57.92,0.05025,468.9,0.6393,0.7686,0.96,0.2547,0.7,0.08645,0.267,0.9447,0.2034,443.9,882.3,49.67,0.4608,338.1,1.5,383,0.4977
92,child8,child,209.3968,43.000,0.000,43.000,244.000,47.000,349.550,1.774,5026.000,27.860,58.350,998.3,2725,153,106,1.685,1.369,1.102,1.001,17.11,0.006521,10.92,8.803,19.27,1.607,14.85,0.2358,57.85,14.46,9.008,3.96,0.2,1851,225.5,5.981,147.6,1.905,2.479,42.5,113,11.65,7.097,135.8,383.7,90,3.703,0.7923,180,59.25,222.8,826.5,254.9,55.58,0.05257,568.2,0.5755,0.9273,1,0.2837,0.7,0.07766,0.2321,0.8451,0.2153,457.7,778.7,52.11,0.6952,413.1,1.735,310.5,0.4678
92,child9,child,19.3786,7.000,2.000,5.000,49.000,10.000,173.950,-1.697,1941.000,10.787,42.633,900,2675,145.5,120,1.73,1.291,0.882,1.207,18.15,0.008685,10.98,7.43,24.66,1.615,14.44,0.2222,65.09,16.44,8.157,5.236,0.2,2000,194.4,6,144,1.912,2.099,38.38,96.07,11.72,7.092,140.2,367.2,90,3.034,0.5857,161.9,45.69,261.9,718.4,243.7,58.83,0.05801,506.1,0.5597,0.9152,0.9294,0.2493,0.7,0.06805,0.2589,0.9244,0.1956,382.2,808.2,47.7,0.4917,379,1.5,387.3,0.5072
92,child10,child,117.7573,25.000,0.000,25.000,174.000,14.000,135.383,-0.662,4078.000,32.427,53.967,1125,2800,139.3,105.7,2.051,1.091,0.8231,1.308,18.72,0.007733,14.37,8.025,24.08,1.712,13.75,0.2093,58.95,10.6,7.346,4.695,0.2146,2000,232.5,5.219,148.9,1.645,2.5,30.69,111.2,14.1,7.301,107.1,313.3,78.19,3.67,0.8182,162,55.63,281.2,912.6,283.5,61.81,0.05916,545.7,0.5141,0.9106,1,0.2735,0.7,0.0707,0.2864,0.8067,0.1921,529.4,811.3,40.16,0.6709,498.3,2.158,400,0.6314
92,child11,child,230.2303,50.000,1.000,49.000,252.000,47.000,312.167,1.217,5046.000,28.480,57.133,928.9,2800,120.2,99.68,1.883,1.553,0.9169,0.8616,17.6,0.006998,12.16,8.074,25.12,1.671,14.71,0.1903,62.85,10.86,7.89,4.318,0.2145,1907,266,4.87,161.4,1.793,2.129,37.38,114.9,12.22,7.768,139.9,404.3,90,4.07,0.5783,172.2,50.75,228.9,787.5,255.7,59.79,0.05153,430.8,0.563,0.7974,0.9589,0.2867,0.7577,0.09647,0.2706,0.7105,0.1375,425.3,807.4,56.58,0.4818,423.6,1.557,382.7,0.6014
92,child12,child,174.2854,38.000,1.000,37.000,214.000,41.000,287.850,0.026,4937.000,27.260,55.883,917.1,2800,144.4,110.6,2.144,1.63,1.121,1.282,16.95,0.008837,11.17,6.987,21.1,1.684,19.23,0.1759,59.52,14.09,8.481,3.732,0.2474,1978,194.9,6,186.6,1.633,2.342,34.64,110.6,10.94,7.016,133.7,416.2,90,4.703,0.9197,178,50.23,293.2,1045,247.4,65.62,0.0468,496.8,0.6361,0.7591,0.9419,0.2732,0.7,0.06734,0.2311,0.9947,0.195,444.7,997.1,44.77,0.4617,409,1.508,400,0.4538
92,child13,child,59.0472,22.000,4.000,18.000,82.000,-26.000,-175.800,3.070,2014.000,30.300,56.017,907.5,2560,115.7,88.57,1.713,1.269,1.2,1.16,16.04,0.009906,12.52,8.323,23.98,1.691,18.9,0.2007,73.36,11.59,6.937,3.983,0.2007,2000,231.5,6,148.1,1.466,2.046,29.4,120,13.27,6.903,167.5,383.4,76.41,4.239,0.5984,150,48.59,320.1,759.6,277.2,52.62,0.05592,575.8,0.4769,0.7882,1,0.254,0.8665,0.07212,0.2215,1,0.2212,434.1,804.4,53.15,0.5977,409.1,1.566,400,0.5861
92,child14,child,166.7674,33.000,0.000,33.000,203.000,54.000,327.700,-1.166,4300.000,24.000,51.033,900.9,2800,134.9,120,1.892,1.094,0.9123,1.109,21.62,0.008542,11.57,6.65,22.03,1.668,14.51,0.2036,58.02,10.88,8.35,4.693,0.2,2000,168.3,5.1,158.4,1.546,2.5,33.95,109.6,11.39,6.686,146.6,342.3,90,3.555,0.7807,168.2,45.09,304.1,806.2,250.8,55.89,0.04899,600,0.5674,0.8266,0.9034,0.2388,0.7,0.08615,0.2507,1,0.2023,413.1,945.5,58.98,0.4898,483.2,1.824,350,0.5991
92,child15,child,192.9189,46.000,0.000,46.000,196.000,52.000,307.900,2.691,5302.000,26.347,53.300,900,2507,132.1,97.23,2.044,1.031,1.13,1.121,18.19,0.008271,10.74,8.045,20.46,1.719,17.36,0.228,58.08,11.45,7.088,4.451,0.2517,1803,217.1,6,144.4,1.873,2.204,32.72,109.1,10.16,6.599,136.7,396.5,89.97,4.829,0.7288,176.8,58,187.3,769.3,277.2,57.84,0.04986,516.2,0.6851,0.6405,1,0.2395,0.7,0.07708,0.2406,0.9473,0.1712,577.9,939.4,55.65,0.4686,395.2,1.676,379.4,0.531
93,parent,parent,227.9479,50.000,0.000,50.000,241.000,52.000,313.583,1.150,5046.000,29.087,64.300,928.9,2800,120.2,99.68,1.883,1.553,0.9169,0.8616,17.6,0.006998,12.16,8.074,25.12,1.671,14.71,0.1903,62.85,10.86,7.89,4.318,0.2145,1907,266,4.87,161.4,1.793,2.129,37.38,114.9,12.22,7.768,139.9,404.3,90,4.07,0.5783,172.2,50.75,228.9,787.5,255.7,59.79,0.05153,430.8,0.563,0.7974,0.9589,0.2867,0.7577,0.09647,0.2706,0.7105,0.1375,425.3,807.4,56.58,0.4818,423.6,1.557,382.7,0.6014
93,child0,child,175.7808,37.000,1.000,36.000,220.000,35.000,247.583,-0.380,4454.000,36.427,57.983,1036,2669,114.1,116.9,2.104,1.733,0.9391,0.7035,16.78,0.007354,14.02,8.439,23.77,1.661,15.88,0.1888,66.35,9.386,7.505,4.023,0.2617,2000,242.6,4.062,163.6,2.187,1.827,32.04,120,12.78,8.181,133.8,356,85.51,4.196,0.4829,152.4,57.61,260.2,993.1,331.4,61.22,0.05835,478.5,0.524,0.867,0.8735,0.2761,0.7191,0.1143,0.2784,0.7096,0.1348,390.6,911.8,56.69,0.3957,377.3,1.504,377,0.5765
93,child1,child,110.2169,29.000,0.000,29.000,117.000,22.000,152.800,3.262,3479.000,20.900,74.900,958.5,2800,120,102.1,1.761,1.209,1.028,0.8147,16.07,0.009136,13.4,8.571,28.48,1.614,15.34,0.175,72.24,11.39,7.097,4.056,0.2089,1945,198.8,4.697,152.3,1.579,1.88,34.43,106.8,11.71,8.612,141.9,339.3,78.57,4.082,0.5439,181,49.59,253.6,916.1,257,66.12,0.05909,429.8,0.5684,0.8223,1,0.3486,0.7105,0.1144,0.2505,0.7405,0.1422,475.4,946.6,60.33,0.483,349.8,1.664,342.6,0.6487
93,child2,child,-10.5991,1.000,0.000,1.000,5.000,-3.000,11.683,-2.837,1038.000,4.160,35.183,900,2800,122.6,116.5,1.827,1.43,1.168,0.8438,17.9,0.006201,11.91,7.358,29.52,1.658,16.76,0.1509,55.49,10.13,7.307,4.651,0.2,2000,291.5,4.463,161.1,1.574,1.972,38.91,99.25,11.97,8.985,161.9,395.1,89.37,3.618,0.679,177.6,59.35,230.8,725.1,237.9,67.82,0.0527,371.4,0.5251,0.7275,0.9813,0.2983,0.9798,0.1022,0.2229,0.8078,0.146,419.4,912.7,50.59,0.4693,424,1.5,400,0.4361
93,child3,child,47.7726,17.000,1.000,16.000,66.000,2.000,92.467,-0.808,2837.000,19.247,47.783,900,2649,127.2,92.67,1.917,1.566,0.9878,0.8212,15.28,0.006312,11.6,10.14,25.07,1.479,12.79,0.1914,66.94,10.77,6.369,5.39,0.2098,2000,300.8,4.531,155.7,1.718,2.079,31.76,92.65,11.97,7.706,164.6,477.8,90,5.123,0.5662,196.6,51.99,230.2,780.3,235.2,56.65,0.05702,443.4,0.5407,0.7111,0.9312,0.285,0.8181,0.09154,0.326,0.657,0.139,386.5,852.6,49.64,0.4624,388.7,1.572,400,0.7232
93,child4,child,50.5758,17.000,0.000,17.000,60.000,-5.000,-50.117,-0.751,2290.000,15.147,36.317,900,2800,138.9,101.5,1.934,1.805,0.8302,0.8433,16.6,0.008808,11.94,7.139,22.82,1.806,16.5,0.2315,68.53,11,6.139,4.107,0.2,2000,260.1,4.521,137.4,1.606,2.37,42.94,102.8,9.447,6.449,141,346.9,90,4.21,0.5331,191.8,41.42,256.9,884.7,257.7,57.54,0.06244,451.6,0.5003,0.6796,1,0.3288,0.7,0.08751,0.333,0.6352,0.1447,387.2,811.7,60.91,0.5283,350.1,1.573,400,0.7036
93,child5,child,17.5068,6.000,0.000,6.000,40.000,10.000,124.950,-2.804,1829.000,10.633,42.367,977.5,2645,134.5,92.58,1.564,1.475,0.9133,0.7513,16.72,0.009595,10.87,7.221,22.52,1.688,13.08,0.2033,54.82,11.11,7.471,3.99,0.232,1772,251.4,4.493,155.8,1.808,2.406,40.26,98.01,11.43,8.643,167.7,421.6,87.67,3.713,0.6233,232,52.34,206.7,750,243,72.04,0.0442,438,0.5652,0.7319,0.9007,0.2611,0.8718,0.1102,0.2878,0.8815,0.1502,335.9,799.7,80.01,0.4282,476,1.64,348.8,0.4694
93,child6,child,109.9969,28.000,0.000,28.000,104.000,23.000,300.283,5.190,3279.000,21.873,42.267,1126,2800,113.1,96.01,2.226,1.109,0.9605,1.102,14.36,0.005481,11.57,9.278,27.36,2.136,12.85,0.222,75.91,10.86,10.01,4.164,0.2153,1721,310.4,5.231,123.1,2.23,2.211,38.93,120,14.22,8.625,143.5,435,90,3.741,0.5722,204.4,51.58,192.8,797.2,258.3,54.45,0.05074,410.9,0.5883,0.9231,1,0.3494,0.7107,0.09875,0.2487,0.6335,0.1528,510.3,818.9,49.54,0.4372,395.3,1.613,400,0.7846
93,child7,child,71.9647,19.000,0.000,19.000,75.000,18.000,220.733,4.336,2579.000,21.647,47.633,900,2409,125.8,83.26,1.841,1.8,1.114,0.9364,17.8,0.008125,11.15,7.13,27.37,1.52,14.26,0.1689,69.36,10.66,7.164,4.424,0.2,1787,258.1,5.422,166,1.63,2.059,38.45,118.7,13.21,6.528,130.5,441.9,88.37,3.737,0.5193,175.1,52.04,184.3,870.7,241.6,68.89,0.0504,405.6,0.6155,0.7872,1,0.3867,0.7,0.08308,0.2255,0.699,0.1273,421.2,857.3,43.89,0.441,450.5,1.561,386,0.523
93,child8,child,142.1802,36.000,0.000,36.000,162.000,8.000,81.067,1.514,4120.000,28.967,67.017,900,2800,117.5,99.41,1.655,1.409,0.8721,0.8952,15.71,0.008606,10.77,9.322,24.53,1.792,19.62,0.1788,68.9,9.754,8.325,5.23,0.2169,1701,245.9,4.139,149.4,1.789,2.096,39.63,112.4,11.1,6.869,132.5,525.4,90,4.124,0.6701,186.8,35.61,204.5,817.2,242.4,69.73,0.04961,420.5,0.576,0.7954,1,0.2788,0.7,0.1023,0.2452,0.7571,0.1616,320.8,793.4,50.86,0.4826,419.3,1.5,400,0.6037
93,child9,child,81.1421,23.000,2.000,21.000,118.000,0.000,0.367,0.996,3232.000,26.113,64.317,900,2174,94.02,115.6,1.821,1.497,0.9231,0.9011,16.78,0.008285,13.49,6.464,19.73,1.636,14.14,0.2092,64.2,9.149,7.12,4.315,0.2315,1946,290.8,4.89,175,1.521,2.5,36.23,119.8,14.04,7.896,137.5,432.2,82.39,4.844,0.4827,184.5,46.75,172.9,794.8,200.1,64.93,0.05826,490.3,0.5427,1,1,0.2955,0.8828,0.101,0.2855,0.7168,0.1317,411.2,891.5,50.61,0.49,376.6,2.203,364.6,0.5462
93,child10,child,9.5103,10.000,1.000,9.000,45.000,-22.000,-240.200,0.072,2316.000,15.967,60.650,900,2800,111.8,98.81,1.805,1.74,0.9481,0.986,15.48,0.006305,10.04,8.647,22.09,1.832,12.44,0.2151,66.53,11.71,7.514,3.709,0.2233,1927,260,4.777,147.3,1.516,2.209,46.22,86.61,10.07,8.367,134.3,382.7,90,3.626,0.4739,182.4,56.18,222.2,674.9,268.7,52,0.05183,431.7,0.4918,0.6121,1,0.2625,0.7,0.0896,0.2456,0.7244,0.1295,458.8,906.2,62.5,0.4604,405.6,1.676,366.6,0.6001
93,child11,child,-5.6273,4.000,1.000,3.000,16.000,4.000,70.283,-1.420,1743.000,13.813,53.117,948.8,2800,112.9,109.9,2.119,1.509,0.8009,0.8588,15.36,0.007336,11.83,7.568,27.99,1.712,12.82,0.2003,61.9,9.741,7.915,4.697,0.2,1534,246,5.243,160.1,1.656,2.187,39.74,106.9,9.997,6.743,135.2,459.6,90,3.439,0.7806,155.1,43.32,206.9,667,274.4,65.22,0.04679,475.1,0.5463,0.823,1,0.2866,0.7,0.1101,0.3034,0.8285,0.1536,421.4,912.1,53.34,0.497,417.5,1.5,281.1,0.4711
93,child12,child,57.3364,18.000,1.000,17.000,75.000,6.000,55.350,-1.252,2614.000,17.060,49.983,921.1,2800,97.22,117.1,1.88,1.726,1.007,0.824,16.83,0.006038,12.69,9.015,29.79,1.665,14.39,0.1638,66.57,11.83,7.992,4.289,0.2274,2000,270.3,4.773,138,1.873,2.304,41.87,111.4,9.737,8.47,131,461.2,90,4.342,0.5017,158,54.52,220.2,721.8,245.4,46.02,0.04387,600,0.5302,0.7771,1,0.2667,0.8196,0.11,0.3177,0.756,0.1269,388.2,882.4,54.65,0.5672,474.7,1.5,397.8,0.6086
93,child13,child,218.3461,43.000,0.000,43.000,252.000,71.000,363.317,0.544,4930.000,28.940,61.983,1009,2800,114,100.9,1.735,1.629,0.9369,0.6828,19.67,0.006136,10.93,8.22,31.28,1.703,12.95,0.2169,60.92,10.65,8.974,4.692,0.2,2000,271.5,4.404,145.4,1.56,1.62,31.84,95.09,13.47,9.845,130.8,367,69.16,4.436,0.5518,212.1,55.09,217.7,808.1,252.7,59.1,0.05343,413.4,0.4638,0.8843,1,0.3211,0.7,0.1076,0.3111,0.6995,0.174,472.9,878.5,59.22,0.476,453.5,1.5,393.6,0.6302
93,child14,child,144.2711,36.000,0.000,36.000,147.000,23.000,257.700,3.734,3947.000,25.967,67.833,900,2452,117.8,99.75,1.771,1.665,0.8337,0.6367,14.32,0.00791,13.68,7.492,22.76,1.717,15.2,0.2007,76.78,10.06,7.715,5.392,0.2311,2000,325.4,5.665,156.2,1.599,2.5,39.5,107.4,12.21,7.938,118.4,422,90,4.286,0.5345,214.5,52.67,230.3,800.4,270.2,54.5,0.05501,424.5,0.6231,0.6255,1,0.3216,0.7977,0.0992,0.2592,0.6709,0.1452,496.3,772.5,70.74,0.4467,356.1,1.5,337.6,0.6195
93,child15,child,42.0022,23.000,3.000,20.000,43.000,-28.000,-202.100,3.095,2273.000,28.300,58.433,998.3,2138,107.9,88.57,1.735,1.397,0.9802,0.879,15.88,0.005717,11.22,7.62,27.4,1.881,14.44,0.1918,68.21,10.63,7.242,3.889,0.2,2000,251.8,5.676,149.2,1.598,2.339,36.68,120,15.29,8.14,157.9,386.2,73.42,3.964,0.5044,159.4,43.91,241.9,837.9,314.4,56.9,0.05588,339.6,0.4972,0.9031,1,0.2515,0.7,0.08712,0.2681,0.7432,0.1587,394.9,827.3,51.94,0.4364,349.6,1.535,360.3,0.6627
94,parent,parent,188.1206,40.000,1.000,39.000,222.000,40.000,206.550,0.714,4243.000,31.240,68.133,928.9,2800,120.2,99.68,1.883,1.553,0.9169,0.8616,17.6,0.006998,12.16,8.074,25.12,1.671,14.71,0.1903,62.85,10.86,7.89,4.318,0.2145,1907,266,4.87,161.4,1.793,2.129,37.38,114.9,12.22,7.768,139.9,404.3,90,4.07,0.5783,172.2,50.75,228.9,787.5,255.7,59.79,0.05153,430.8,0.563,0.7974,0.9589,0.2867,0.7577,0.09647,0.2706,0.7105,0.1375,425.3,807.4,56.58,0.4818,423.6,1.557,382.7,0.6014
94,child0,child,133.7302,28.000,0.000,28.000,178.000,13.000,82.400,0.256,3564.000,22.460,57.600,900,2800,107.1,106.8,1.751,1.157,0.8947,0.7522,19.89,0.006617,12.58,7.012,22.34,1.746,15.91,0.1973,66.49,10.21,7.138,3.894,0.2718,1731,266.3,5.556,160.9,1.766,2.077,45.26,99.29,12.17,8.741,159.2,412.5,75.43,4.777,0.5209,158.4,40.78,334,854.7,238.8,51.78,0.04547,394.9,0.4949,0.7737,1,0.286,0.7208,0.09495,0.2728,0.6726,0.1579,434.7,787,60.28,0.4407,368.9,1.716,356.5,0.6681
94,child1,child,43.4739,18.000,1.000,17.000,61.000,-8.000,-61.750,0.003,2800.000,22.460,49.467,908.8,2800,108.8,94.36,1.797,1.659,0.9497,0.9049,16.12,0.006244,10.67,9.132,29.49,1.769,20,0.1736,63.83,9.348,8.836,4.552,0.2105,1930,288.2,4.854,147.1,1.446,2.325,39.16,102.4,9.139,8.345,178,501,80.42,3.376,0.5404,191.1,54.63,219.6,737.1,255.7,61.32,0.0551,470.8,0.5931,0.7295,1,0.2894,0.9246,0.08644,0.2824,0.7616,0.1323,406.1,665.6,54.51,0.5351,397,1.69,350.6,0.5619
94,child2,child,54.8564,22.000,3.000,19.000,66.000,-17.000,-171.967,2.145,2210.000,28.000,44.767,1134,2800,143.1,91.04,1.697,1.559,0.7933,0.8729,16.31,0.008274,15.41,6.739,28.17,1.954,16.4,0.191,67.56,10.4,7.591,4.541,0.2,1882,330.3,5.903,156.7,1.741,1.632,27.91,120,12.7,8.527,134.7,427.3,75.6,4.729,0.5522,182.2,49.61,224.4,775.7,219.6,56.8,0.06122,346.1,0.5459,0.7202,0.838,0.3346,0.741,0.1006,0.2386,0.8403,0.1773,336.2,705.5,72.91,0.5108,542.3,1.5,392.8,0.7081
94,child3,child,70.4901,20.000,1.000,19.000,76.000,30.000,198.300,4.158,2889.000,21.347,55.300,900,2774,114.1,95.78,2.049,1.393,0.8926,0.7531,16.27,0.00607,11.89,8.796,28.84,1.437,15.39,0.1923,78.41,11.1,8.206,4.24,0.2235,1770,297.3,5.57,152.9,1.51,1.828,32.18,120,12.53,8.967,137.8,506.9,90,4.147,0.6986,179.9,49.28,248.4,779.5,274.7,62.15,0.04979,410.6,0.5911,0.7838,1,0.2564,0.735,0.1056,0.2241,0.7681,0.121,361.4,706.6,49.66,0.5283,345.9,1.5,330.3,0.5163
94,child4,child,202.3531,37.000,0.000,37.000,263.000,56.000,210.133,-0.010,4618.000,27.380,66.267,900,2800,120.4,100.8,1.69,1.526,0.6965,0.9233,17.22,0.007097,12.47,8.259,19.94,1.72,13.68,0.1915,55.94,10.85,8.481,3.615,0.2,1768,267.6,4.755,141.8,1.71,1.633,46.56,115.5,11.06,7.516,159.6,402.4,90,4.002,0.5388,159,54.62,213.3,680.4,235.4,63.59,0.04858,556.2,0.4482,0.8336,0.9612,0.3114,0.8611,0.09895,0.3081,0.557,0.1333,484.5,982.6,56.46,0.4686,472.4,2.066,334,0.6633
94,child5,child,79.4249,22.000,0.000,22.000,88.000,2.000,52.533,3.997,2749.000,23.227,42.117,900,2753,134,91.08,2.03,1.572,0.8566,0.9539,17.59,0.007134,12.48,10.89,20.86,1.87,15.38,0.1756,79.69,11.75,6.545,4.533,0.2496,1710,283.7,4.804,148,2.063,2.205,33.21,120,10.39,7.807,141.7,390.5,90,3.805,0.6092,162.9,51.38,291.6,768.6,214.4,60.83,0.05987,474.3,0.5054,0.7657,0.9417,0.2929,0.7796,0.09664,0.2885,0.5472,0.1205,426.9,967.5,45.2,0.554,466.8,1.645,380.6,0.6175
94,child6,child,50.1567,13.000,1.000,12.000,88.000,8.000,4.583,3.484,2477.000,18.487,66.583,900,2565,123.7,91.18,1.646,1.757,1.036,0.982,15.33,0.006637,10.37,7.611,25.03,1.916,14.44,0.2114,72.4,11.04,8.647,5.11,0.2305,1862,362,4.973,149.3,1.729,2.5,37.1,105.7,13.95,6.935,117.8,451.4,90,3.975,0.506,159.2,44.04,263,941.6,246.2,57.24,0.04201,445.4,0.6835,0.8503,1,0.3363,0.7837,0.1061,0.2516,0.7146,0.109,438.7,639.3,56.88,0.4189,398.3,1.606,362.9,0.5506
94,child7,child,4.8097,3.000,0.000,3.000,21.000,6.000,96.283,-2.924,1151.000,6.207,42.233,1054,2474,117,112.6,2.098,1.532,0.9559,0.7703,20.24,0.006555,11.4,6.543,28.18,1.875,13.07,0.1924,63.97,10.48,7.402,4.255,0.2203,1780,269,4.311,183.8,1.703,2.167,30.81,92.2,11.67,8.725,147.7,413.6,79.11,3.465,0.6115,150.6,49.13,238.8,879.5,285.9,47.67,0.05383,364.6,0.5679,0.6888,1,0.2819,0.8593,0.115,0.2419,0.6185,0.1338,404.9,787.7,57.75,0.4564,384.3,1.617,400,0.6209
94,child8,child,109.0554,27.000,0.000,27.000,154.000,0.000,-171.317,-0.183,3662.000,27.733,60.333,900,2800,109.7,99.91,1.989,1.719,0.8157,1.018,16.72,0.006811,14.77,9.756,27.77,1.693,13.64,0.1503,56.98,9.549,8.688,4.847,0.265,1514,258.5,4.25,144.7,1.596,1.974,40.1,112.2,14.69,8.127,146.4,402.8,90,3.841,0.5942,150,51.31,220,898.6,297,62.34,0.06083,413,0.6419,0.7786,1,0.2755,0.9925,0.08818,0.2605,0.7158,0.1395,411.2,792.4,72.94,0.4497,401.3,1.5,400,0.5219
94,child9,child,117.6692,31.000,1.000,30.000,127.000,15.000,151.267,3.084,3609.000,25.233,47.850,900,2275,106.6,85.04,1.955,1.88,0.9609,0.9009,15.69,0.005738,11.31,7.784,29.95,1.969,16.06,0.1942,56.29,11,8.155,3.864,0.2091,2000,264.5,4.889,159.5,1.871,2.148,33.81,120,12.52,8.647,123.6,405.4,88.92,3.589,0.6634,150,59.1,179.3,777.6,218.4,55.41,0.05286,403,0.5476,0.7359,0.884,0.4501,0.9916,0.1032,0.2917,0.6584,0.123,506.1,897,52.99,0.4066,536.9,1.5,382.8,0.5403
94,child10,child,161.7561,40.000,1.000,39.000,186.000,28.000,73.517,1.458,4631.000,29.580,67.750,900,2800,136.2,108.6,1.858,1.521,1.09,0.8757,15.44,0.006898,11.71,8.72,21.09,1.643,13.32,0.186,56.93,9.992,7.959,4.308,0.243,1818,249.7,5.585,176.3,1.647,1.887,42.9,120,11.06,8.304,119.4,419.1,90,4.002,0.6576,167.7,51.51,235.8,710.8,283.1,54.11,0.06766,393.5,0.5045,0.6868,0.9028,0.3106,0.7,0.08082,0.3186,0.8205,0.1287,458.8,1039,50.82,0.5657,410.3,1.5,339.6,0.5611
94,child11,child,155.0520,36.000,1.000,35.000,187.000,21.000,28.367,1.531,3932.000,28.727,67.883,900,2800,112.7,112.8,1.6,1.731,1.039,0.8628,17.42,0.006461,14.48,8.026,19.31,1.966,16.62,0.1594,59.19,12.38,9.34,5.11,0.2316,1997,305.8,5.054,222.3,1.823,2.389,39.37,120,14.14,6.79,138.2,430.5,90,4.879,0.5247,178.1,60.71,239.9,825.5,291.6,56.37,0.04617,393.3,0.5254,1,0.921,0.3098,0.8779,0.1086,0.2963,0.5438,0.144,408.4,930.5,67.29,0.5101,405.9,1.5,392.3,0.6692
94,child12,child,9.6652,20.000,7.000,13.000,41.000,-36.000,-414.317,1.392,2439.000,31.393,75.150,900,2800,96.99,120,1.914,1.452,0.8167,0.9355,17.42,0.006023,11.98,7.231,26.59,2.039,16.01,0.2063,56.49,9.868,7.209,4.221,0.2169,2000,279.8,5.713,158.1,1.661,2.142,37.41,120,10.16,8.341,175.5,412.2,77.43,4.342,0.536,164.1,47.31,189.2,783.7,236.2,57.52,0.04783,380.6,0.5095,0.8672,0.8173,0.3477,0.7,0.09162,0.2383,0.7531,0.149,481.8,729.6,61.4,0.5248,422.2,1.592,392.5,0.727
94,child13,child,13.3513,8.000,1.000,7.000,30.000,11.000,106.067,-1.909,1955.000,13.173,51.483,900,2714,112.1,98.91,2.125,1.648,0.8062,0.7877,15.45,0.006134,13.97,8.784,28.74,1.79,15.99,0.2147,61.24,10.88,7.933,5.191,0.2091,2000,265.9,4.897,145.4,2.309,2.5,36.65,94.05,9.015,8.637,156.3,437.5,90,4.227,0.6305,187.8,50.36,215.5,746.2,256.3,69.83,0.04846,427,0.4813,0.5216,0.925,0.2864,0.7,0.08891,0.2412,0.7576,0.1413,416.9,737.4,60.15,0.4196,429.7,1.685,322.8,0.6276
94,child14,child,90.4619,22.000,2.000,20.000,88.000,30.000,279.100,3.368,1902.000,25.973,51.867,964.4,2800,112.9,81.92,1.841,1.606,0.9123,1.004,20.62,0.007827,10.83,8.613,27.85,1.623,13.43,0.1983,63.65,9.451,7.105,5.112,0.2423,1999,253.9,4.389,200.7,1.812,2.374,36.42,120,13.32,8.292,157.5,452,77.07,3.914,0.6323,150,52.34,219,852.9,258.1,68.39,0.04659,368.1,0.5211,0.8254,0.8974,0.256,0.7147,0.08934,0.3343,0.6066,0.1064,491.2,1049,54.85,0.4843,458.3,1.683,400,0.518
94,child15,child,57.5542,13.000,0.000,13.000,80.000,15.000,115.483,5.112,2054.000,19.100,68.617,900,2679,95.79,79.64,1.78,1.784,1.014,0.9102,17.62,0.007666,11.49,7.604,28.64,1.831,13.56,0.2302,70.51,11.74,6.689,5.07,0.2,2000,262.7,5.066,158.2,1.734,2.128,39.14,89.63,9.33,6.975,134.2,413.3,78.53,3.632,0.5763,188.1,41.79,220.3,870.4,228.8,63.52,0.04265,479.9,0.5411,0.6531,1,0.3342,0.7661,0.1156,0.2395,0.599,0.1392,458.2,906.2,55.59,0.4531,397.2,1.5,395.6,0.6494
95,parent,parent,240.0216,41.000,0.000,41.000,318.000,55.000,352.600,-0.056,5085.000,28.607,62.917,900,2800,120.4,100.8,1.69,1.526,0.6965,0.9233,17.22,0.007097,12.47,8.259,19.94,1.72,13.68,0.1915,55.94,10.85,8.481,3.615,0.2,1768,267.6,4.755,141.8,1.71,1.633,46.56,115.5,11.06,7.516,159.6,402.4,90,4.002,0.5388,159,54.62,213.3,680.4,235.4,63.59,0.04858,556.2,0.4482,0.8336,0.9612,0.3114,0.8611,0.09895,0.3081,0.557,0.1333,484.5,982.6,56.46,0.4686,472.4,2.066,334,0.6633
95,child0,child,176.1608,38.000,1.000,37.000,221.000,29.000,170.217,0.934,4663.000,28.773,55.033,900,2800,128.1,94.36,1.563,1.572,0.678,0.9856,16.73,0.006577,11.67,9.294,21.15,1.771,13.44,0.1856,60.34,11.22,10.78,3.708,0.2,1761,298.3,4.544,145.5,1.759,1.861,53.71,120,8.908,9.05,148.5,422.1,90,4.007,0.5623,162.3,59.41,286,825.7,209.3,70.65,0.06182,600,0.3674,1,0.9361,0.2956,0.8819,0.08336,0.3297,0.4818,0.1456,562.6,911.8,49.74,0.4809,507.8,2.036,324,0.6053
95,child1,child,87.7259,14.000,1.000,13.000,157.000,25.000,137.383,-0.974,2919.000,19.300,59.150,900,2800,111.1,99.54,1.785,1.792,0.7952,0.8719,17.92,0.006949,14.3,9.04,19.7,1.82,13.26,0.2146,49.11,8.857,9.085,3.375,0.2,2000,279.7,3.983,143.4,1.821,1.425,55.52,120,10.69,9.158,151.3,361.1,90,4.184,0.5984,153.9,53.58,225.8,738.2,263,60.5,0.05078,528.2,0.3696,0.9303,0.8894,0.2911,0.7,0.1068,0.2666,0.4939,0.1232,499.1,908.3,66.36,0.4421,430.6,1.987,339.6,0.6597
95,child2,child,-12.1636,0.000,0.000,0.000,7.000,5.000,32.133,-2.451,1158.000,6.540,38.467,900,2800,109,104.1,1.702,1.572,0.5586,0.9775,17.11,0.006446,14.18,9.783,17.06,1.839,13.57,0.2379,48.63,10.03,7.531,3.701,0.2,1513,259.4,5.276,141.9,2.1,1.932,48.65,94.27,11.69,6.623,165.7,423.1,90,3.966,0.5761,178.1,60.46,242.3,779.7,226.9,71.28,0.0398,558.8,0.3955,0.8361,0.772,0.3387,0.7104,0.1045,0.2981,0.5795,0.1332,568.6,997.8,52.81,0.4623,467.6,2.006,363.7,0.6071
95,child3,child,77.9399,20.000,1.000,19.000,113.000,7.000,59.067,2.976,3213.000,19.093,55.900,900,2800,126.3,76.31,1.679,1.487,0.6451,0.8239,18.44,0.008255,13.06,11.36,23.25,1.698,15.75,0.1858,44.26,10.23,8.953,3.547,0.2029,1979,273.7,5.848,141.4,1.986,1.553,53.4,117.4,11.73,9.073,172.4,385.9,90,4.026,0.6237,150,57.11,189.9,672.7,231.4,63.41,0.04738,600,0.4449,0.6909,0.9016,0.2693,0.8252,0.1203,0.2234,0.6237,0.136,517.3,872.8,50.35,0.5234,402.9,2.266,374.1,0.8
95,child4,child,121.2679,31.000,1.000,30.000,138.000,24.000,137.933,1.049,3774.000,33.787,46.967,900,2800,105.8,87.63,1.385,1.71,0.8331,1.073,14.66,0.006208,12.31,7.835,16.55,1.603,15.91,0.2042,48.24,12.95,8.923,3.17,0.2367,1686,226.3,5.622,150.9,1.774,1.571,53.19,117.1,12.18,6.609,124,397.8,78.11,5.313,0.5077,200.8,58.66,194.9,589.5,193.4,59.53,0.04613,514.3,0.4968,0.8181,0.9617,0.284,1,0.08427,0.3786,0.5548,0.1484,415.9,918.6,56.4,0.4778,474.3,1.92,391.2,0.6928
95,child5,child,191.3889,40.000,0.000,40.000,221.000,39.000,214.050,-0.507,4365.000,28.153,44.733,900,2751,131.8,120,1.81,1.521,0.7326,1.036,17.41,0.007646,11.64,8.222,20.76,1.769,15.6,0.1844,57.8,12.17,8.355,3.605,0.2203,1467,310.8,4.046,104.8,1.778,1.988,48.25,120,11.84,6.345,146.7,376.6,90,4.246,0.7771,185,51.17,200,488.6,249.7,59.8,0.05492,551.5,0.5321,0.7515,1,0.293,0.7067,0.1119,0.2612,0.487,0.114,475.2,1133,62.08,0.4571,416.6,2.304,359,0.6871
95,child6,child,42.9277,11.000,3.000,8.000,81.000,26.000,225.717,1.080,2233.000,25.267,69.700,900,2288,104.7,98.8,1.837,1.705,0.6413,0.8065,16.59,0.007928,12.42,7.577,20.07,1.745,11.5,0.1929,62.22,12.84,8.134,3.703,0.2081,2000,263.6,4.241,138.2,2.229,1.5,42.53,117.5,10.25,6.907,134,502.1,69.35,4.553,0.4631,150.1,56.9,245.8,700.5,236,70.87,0.05415,600,0.42,0.8114,0.835,0.4335,0.7135,0.1061,0.3213,0.5694,0.1111,414.8,973.1,74.84,0.5569,529.9,2.294,329.6,0.6471
95,child7,child,152.3581,32.000,0.000,32.000,187.000,25.000,255.867,2.236,4162.000,23.873,43.700,1038,2503,123,100.8,1.485,1.438,0.6248,1.098,18.25,0.007208,13.78,7.383,19.18,1.845,12.92,0.1761,63.18,13.76,8.454,3.567,0.2,1794,231.1,5.807,136.7,1.619,1.167,49.31,120,12.33,9.005,140.7,467.9,90,5.023,0.6472,180.4,50.92,193.9,598.4,216,58.12,0.04752,499.3,0.4081,0.7564,1,0.3078,0.9431,0.09759,0.3263,0.6656,0.1514,470.1,1086,58.37,0.4383,406.8,2.145,303.8,0.6159
95,child8,child,67.5522,19.000,0.000,19.000,111.000,-5.000,-36.600,0.984,3739.000,18.893,44.283,1086,2349,147.1,112,1.814,1.597,0.7636,0.764,15.51,0.007581,12.08,7.936,23.06,1.795,11.15,0.1769,46.05,8.922,9.444,3.139,0.2039,1856,246.7,5.218,133.6,1.839,1.403,53.57,106.5,12.59,7.97,157,460.9,83.57,4.159,0.6836,178.6,53.54,219.9,581.7,257.3,71,0.04242,574.6,0.3804,1,0.911,0.2958,0.8941,0.09948,0.2929,0.5415,0.1645,480.5,919,56.8,0.5238,387.1,2.27,304.7,0.6613
95,child9,child,66.0562,23.000,3.000,20.000,112.000,-10.000,-44.567,1.110,3797.000,30.860,65.517,952.2,2800,129.4,109.1,1.36,1.623,0.679,0.7808,16.59,0.008265,14.53,8.266,23.14,1.995,12.98,0.1985,52.48,10.41,8.713,3.344,0.2,1906,293.2,6,131.5,1.699,1.367,51.7,120,8.821,9.572,167.6,389.6,81.96,4.086,0.3923,210,47.35,212.7,654.3,225.8,77.77,0.03621,534.4,0.4805,0.7489,0.9546,0.3042,0.9035,0.09258,0.279,0.5485,0.1098,426.3,882.3,55.59,0.3848,360.1,1.644,283.7,0.6223
95,child10,child,146.1924,37.000,0.000,37.000,179.000,6.000,56.300,0.885,4910.000,26.593,53.167,1079,2800,125.3,87.12,1.628,1.539,0.6387,0.906,14.35,0.008114,10.08,10.12,15.48,1.419,13.65,0.1931,48.85,11.55,7.459,3.67,0.2012,1374,251,4.008,148.5,1.951,1.477,41.85,120,11.78,7.856,192.7,504.4,89.06,4.253,0.5241,150,69.51,207.3,689.7,217.8,56.74,0.03777,600,0.4168,0.9842,0.9296,0.3365,0.8002,0.1061,0.2877,0.5381,0.1597,471.6,991.6,52.22,0.5958,495.8,2.352,399,0.6812
95,child11,child,126.3870,21.000,0.000,21.000,199.000,28.000,227.683,-2.031,3687.000,22.993,60.817,900,2800,137.9,108.9,1.968,1.754,0.8454,0.8033,16.36,0.007395,11.3,8.263,17.58,1.712,14.54,0.1839,51.13,12.98,8.298,3.539,0.2132,1680,256.1,3.678,125.5,1.548,1.416,40.26,120,12.3,7.553,180.5,412.6,85.14,4.411,0.5448,150,53.05,203.7,693.1,194.3,69.41,0.04719,572.4,0.4556,0.8428,0.9969,0.2785,0.8463,0.09952,0.2944,0.6442,0.1432,547.5,949.5,68.21,0.3401,552.4,1.573,293.4,0.6236
95,child12,child,144.1256,32.000,0.000,32.000,176.000,36.000,304.233,0.626,4454.000,27.453,61.867,908.2,2505,158,88.56,1.395,1.432,0.6848,0.953,15.39,0.006454,13.3,7.836,16.74,1.731,13.14,0.2296,48.88,9.844,8.152,3.13,0.2155,1757,241.9,4.602,124.3,1.577,1.326,43.58,103.6,10.56,9.461,162.1,448.8,75.81,3.84,0.6435,150,51.22,276.6,770.3,275.7,61.36,0.04193,498.9,0.486,0.897,0.9423,0.2993,0.8756,0.1142,0.3474,0.5973,0.1085,543.7,888.5,49.39,0.4719,473.8,1.964,301.2,0.6723
95,child13,child,0.2416,1.000,0.000,1.000,23.000,3.000,137.683,-3.404,1175.000,6.420,35.183,989.4,2630,140.6,108,1.977,1.542,0.6221,0.9811,16.11,0.007621,12.06,6.986,15.66,1.906,12.4,0.211,60.85,13.09,6.68,3.38,0.2,1439,262.9,4.482,175,1.563,1.674,53.86,100.7,10.88,8.127,195.5,391.2,90,3.274,0.515,167.2,46.39,236,780.4,235.8,65.79,0.0512,589.5,0.3947,0.9823,1,0.2567,1,0.09969,0.2625,0.5454,0.1222,577.6,848,52.13,0.5321,567.1,2.178,326.4,0.5761
95,child14,child,-16.9089,4.000,1.000,3.000,-4.000,-2.000,-29.333,-1.710,1659.000,10.140,44.633,1030,2800,138.7,111.9,1.411,1.495,0.7291,0.8579,20.14,0.007353,14.6,8.312,19.83,1.641,15.25,0.2283,54.78,9.6,11.27,3.443,0.2065,1538,274.8,5.239,157.4,1.924,1.597,56.84,102.1,11.68,9.879,173.3,457.3,83.26,4.032,0.4739,163.3,56.75,179.3,734.9,244.1,64.41,0.05085,586.6,0.437,0.8213,0.8685,0.3571,0.9557,0.1117,0.3251,0.4014,0.1233,497.7,976.5,49.68,0.3604,483.6,1.812,339.7,0.7133
95,child15,child,131.3591,35.000,1.000,34.000,149.000,18.000,152.467,1.027,4257.000,27.120,70.217,921.5,2222,127.5,98.05,1.786,1.655,0.889,0.9749,17.45,0.006242,14.9,10.63,23.25,1.606,12.6,0.1926,52.48,10.17,8.06,3.762,0.2,1952,277.2,4.479,129.8,1.767,1.558,55.67,120,13.33,7.296,132.4,393.5,90,3.421,0.4282,150,63.07,221.9,803.9,240.1,71.19,0.04309,600,0.4611,0.9102,1,0.3425,0.8427,0.09834,0.3486,0.5579,0.1247,472.3,987.3,65.13,0.5513,442.1,2.126,319.5,0.7097
96,parent,parent,199.1280,37.000,1.000,36.000,251.000,51.000,312.467,0.027,4220.000,26.513,59.833,900,2800,120.4,100.8,1.69,1.526,0.6965,0.9233,17.22,0.007097,12.47,8.259,19.94,1.72,13.68,0.1915,55.94,10.85,8.481,3.615,0.2,1768,267.6,4.755,141.8,1.71,1.633,46.56,115.5,11.06,7.516,159.6,402.4,90,4.002,0.5388,159,54.62,213.3,680.4,235.4,63.59,0.04858,556.2,0.4482,0.8336,0.9612,0.3114,0.8611,0.09895,0.3081,0.557,0.1333,484.5,982.6,56.46,0.4686,472.4,2.066,334,0.6633
96,child0,child,73.4700,17.000,0.000,17.000,116.000,1.000,67.617,0.557,2989.000,19.093,55.617,1004,2800,126.4,119,1.727,1.476,0.7374,0.6623,19.57,0.007088,11.21,8.093,22.9,1.775,14.57,0.2088,48.57,10.04,9.802,3.396,0.2,1455,263.3,4.748,131.5,1.899,1.477,52.22,110.6,9.65,7.824,195.2,382.3,87.66,4.401,0.6467,150,62.19,186.4,754.9,238.6,56.08,0.04991,592.7,0.3721,0.9772,0.7739,0.2998,0.993,0.09314,0.2813,0.6075,0.1632,433.1,1067,56.62,0.5055,476,2.02,253.3,0.7146
96,child1,child,74.2584,25.000,3.000,22.000,120.000,-3.000,-142.317,0.453,4034.000,28.167,53.650,998.7,2800,127.3,95.12,2.022,1.325,0.6648,0.9677,16.07,0.01008,10.36,7.593,18.51,1.676,10.57,0.2108,53.45,10.47,8.294,3.763,0.2,1497,192.8,5.087,139.3,1.8,1.77,46.91,120,11.91,8.012,154.5,413.6,90,4.469,0.4418,150,68.18,230.4,771.3,223,74.52,0.05987,600,0.4528,0.9148,0.9512,0.3382,0.8183,0.0911,0.3368,0.5571,0.1321,475.7,1029,65.39,0.4121,543.9,1.794,305.9,0.7108
96,child2,child,44.3253,13.000,2.000,11.000,76.000,-2.000,-134.367,3.556,1723.000,26.987,54.367,923.2,2438,129.8,83.01,1.742,1.92,0.6042,0.6423,17.51,0.008145,10.32,8.371,22.31,1.629,14.02,0.2182,63.33,11.99,7.607,3.756,0.2106,1814,217.5,5.445,124.8,1.858,1.737,55.5,120,11.72,6.629,182.2,415.7,79.78,3.444,0.5111,156.8,67.43,176,687.8,218.3,54.03,0.04619,531.9,0.3452,0.9533,1,0.3221,0.7826,0.08235,0.3536,0.6308,0.1172,609.4,975,66.46,0.5023,439.8,2.064,316.1,0.7178
96,child3,child,9.0418,5.000,0.000,5.000,36.000,0.000,-56.983,-2.307,1591.000,11.100,46.450,1007,2312,139.5,105.1,1.425,1.6,0.686,0.8754,20.22,0.007425,13.91,7.916,19.43,1.673,12.28,0.1938,60.09,9.826,8.979,3.404,0.2171,2000,287.6,5.46,161.7,2.035,1.664,53.31,96.31,11.54,6.919,167.4,405.1,86.18,3.82,0.4964,150,51.82,197.9,682,239.7,68.92,0.05098,556.7,0.4188,0.7978,0.969,0.4493,0.805,0.09769,0.2703,0.5185,0.1113,458.8,887.8,61.59,0.5555,623.5,1.647,269.6,0.6949
96,child4,child,101.9928,26.000,0.000,26.000,126.000,11.000,55.467,1.872,3419.000,20.327,70.300,921.9,2367,120.7,93.85,1.466,1.883,0.6114,0.9604,17.99,0.007818,13.02,8.152,16.34,1.561,14.12,0.1881,61.9,12.56,8.755,3.233,0.2,2000,259.3,4.682,123.3,1.684,1.484,43.56,106.2,10.54,9.629,171.4,338.1,88.47,5.15,0.5443,164.9,54.09,215.6,777.8,262.5,70.23,0.05803,600,0.4366,1,0.9583,0.2677,0.7782,0.0959,0.2986,0.491,0.1464,402,748.7,60.49,0.4143,472.9,2.255,319.1,0.6734
96,child5,child,179.1681,41.000,1.000,40.000,208.000,32.000,132.800,-0.050,4621.000,25.980,50.550,900,2800,130.2,93.27,1.824,1.293,0.8329,0.8637,17.19,0.008769,12.64,10.03,19.09,2.025,14.65,0.1918,48.58,13.23,8.242,3.603,0.2033,1941,292.7,4.923,150.1,1.713,1.411,54.56,108.5,10.56,7.97,178.2,426,81.64,4.839,0.607,150,50.36,195.5,678.6,210.7,67.72,0.04603,542.7,0.5089,0.9349,0.9685,0.3175,1,0.09414,0.3111,0.6055,0.1123,506,999.6,55.93,0.4297,410.8,2.379,328.8,0.7031
96,child6,child,132.5366,28.000,0.000,28.000,172.000,34.000,251.017,0.252,4148.000,30.047,49.250,900,2695,113,96.56,1.497,1.761,0.6735,0.9212,17.84,0.007276,12.26,8.136,28.8,1.648,16.85,0.1634,55.28,11.83,9.674,3.327,0.2013,1619,313.3,5.108,146.2,1.582,1.55,43.41,120,13.37,7.207,178.1,397.5,84.92,4.066,0.4752,170,66.04,242.8,574.3,201.8,63.41,0.04621,600,0.3186,0.8881,0.7521,0.3037,0.8623,0.08691,0.4394,0.5539,0.1292,440.1,834.4,62.48,0.459,508.4,2.208,288.5,0.6634
96,child7,child,5.5924,6.000,1.000,5.000,39.000,4.000,31.567,-2.971,2242.000,17.767,46.567,900,2800,104.7,93.78,1.755,1.62,0.7726,0.968,15.24,0.008077,12.99,8.087,16.82,2.253,13.44,0.1877,54.54,11.89,8.777,4.299,0.2,1761,297.5,4.893,142.3,1.857,1.577,59.85,84.25,9.821,6.841,144.2,527.8,88.67,4.142,0.4872,150,51.23,205.4,641.6,257.3,65.18,0.04841,600,0.4469,0.9196,0.9351,0.3255,0.7382,0.091,0.3584,0.5292,0.1329,418.1,978.8,47.81,0.4118,511.1,1.964,381.6,0.5205
96,child8,child,-4.2022,1.000,0.000,1.000,21.000,1.000,26.983,-3.309,1231.000,7.273,37.500,949.1,2705,140.1,101.1,1.626,1.478,0.7229,0.9569,19.17,0.006734,14.19,7.862,19.81,1.382,12.66,0.2097,58.83,12.32,7.882,4.13,0.2198,1880,295.1,5.373,165.3,1.698,1.484,35.39,93.03,12.56,7.911,179.8,407.5,84.64,3.852,0.4886,151.3,51.63,201.9,528.4,244.9,58.18,0.06447,600,0.4589,0.8307,1,0.3485,0.8635,0.09708,0.3436,0.5133,0.1183,408,996.3,65.2,0.4737,444.9,2.303,375.4,0.5967
96,child9,child,62.0773,20.000,3.000,17.000,125.000,-23.000,-203.367,0.872,3637.000,22.780,45.433,913,2800,126.1,101.8,1.696,1.253,0.6436,0.806,20.12,0.007118,10.48,9.868,20.31,1.703,16.57,0.1631,66.53,8.692,9.213,3.723,0.2,1351,274.1,4.694,177.1,1.633,1.91,41.99,120,11.43,8.036,150.4,369.3,89.51,3.49,0.4706,168.2,56.39,225.6,686.7,248,68.96,0.05154,600,0.3808,0.864,1,0.3052,0.7705,0.07917,0.233,0.5821,0.132,502.7,1131,67.42,0.4115,450.5,2.427,323.4,0.6157
96,child10,child,97.9760,23.000,0.000,23.000,129.000,25.000,91.383,0.667,3449.000,22.967,58.983,1069,2800,115.5,119.7,2.225,1.904,0.6041,0.8312,20.45,0.008115,12.07,7.654,19.26,1.751,15.9,0.1707,38.81,11.11,8.631,3.687,0.2,1774,275.9,4.38,120.5,1.71,1.665,51.01,116.6,13.4,7.583,164.5,345.9,80.73,3.801,0.4622,150.2,50,207.6,651.5,170.4,62.88,0.05257,471.4,0.4185,0.7408,0.9628,0.4018,0.796,0.1149,0.4207,0.4986,0.1359,391.7,918.9,51.43,0.5254,377.6,2.182,283.3,0.6553
96,child11,child,84.8006,27.000,3.000,24.000,90.000,29.000,182.417,1.122,3280.000,20.187,73.900,930.2,2586,115.6,83.86,1.741,1.288,0.845,0.8926,19.64,0.008214,14.22,8.393,19.29,1.703,13.52,0.1648,55.59,10.8,10.45,2.977,0.2151,1987,243.9,3.867,134.8,1.734,1.7,45.09,110.7,11.78,6.797,136.7,413.7,90,4.254,0.4982,150,62.11,236.9,697.4,190.8,54.43,0.05995,556.9,0.4683,0.7758,1,0.3209,0.8952,0.09446,0.3106,0.5959,0.1299,530.7,875.9,55.48,0.5632,445.5,2.137,334.3,0.7238
96,child12,child,177.3107,36.000,1.000,35.000,225.000,34.000,163.333,0.676,4273.000,24.940,53.700,1090,2800,137.7,97.42,1.594,1.514,0.8275,0.7561,17.99,0.007056,11.94,8.247,22.74,1.856,13.73,0.2192,53.25,10.56,9.031,3.962,0.2163,1743,292.1,5.623,155.2,1.491,1.4,45.42,101.8,9.756,6.746,173.7,341.2,79.2,4.876,0.4831,162.2,49.87,218.2,606.4,246.6,66.5,0.06524,578.4,0.4943,0.9866,1,0.3045,0.8783,0.1033,0.2872,0.5371,0.1509,549.9,956,44.74,0.4816,531.8,2.079,400,0.6763
96,child13,child,159.3154,30.000,0.000,30.000,211.000,32.000,306.867,1.287,4005.000,27.787,65.367,1170,2605,129.4,99.2,1.848,1.267,0.7421,1.008,17.61,0.006403,11.14,9.152,23.1,1.642,12.5,0.1914,61.05,11.84,8.054,3.492,0.2,1617,300.3,5.456,154.9,1.882,1.871,43.58,114,12.29,8.667,150,305.2,90,3.703,0.6509,191.8,57.52,213.7,821,216.9,57.66,0.05459,435.1,0.4901,0.8898,0.8989,0.2986,0.9596,0.1177,0.3274,0.6099,0.1337,529.1,1157,62.24,0.552,478.9,2.062,304,0.5984
96,child14,child,48.6746,21.000,3.000,18.000,77.000,3.000,38.067,0.589,3651.000,29.547,60.167,942.4,2784,127.4,102.4,2.131,1.548,0.6101,0.8594,19.05,0.006292,12.61,7.91,23.48,2.127,13.15,0.1637,46.93,8.711,8.769,3.873,0.2062,1638,262.7,5.433,175.8,2.032,1.764,44.56,120,10.22,7.974,140.1,434,81.76,4.686,0.5415,173.2,61.43,183.6,737.6,310.6,67.56,0.05581,477.6,0.4769,0.9894,0.9821,0.2862,0.9267,0.1177,0.3384,0.5041,0.1354,419.3,928.3,53.93,0.3826,460.9,2.151,348.4,0.7205
96,child15,child,39.9778,13.000,1.000,12.000,59.000,8.000,106.933,2.173,2117.000,26.507,65.267,968.6,2800,105,91.47,1.626,1.567,0.5577,1.029,20.8,0.006415,11.07,9.025,19.96,2.154,16.01,0.187,47.97,9.649,9.244,4.16,0.2,1858,214.8,6,126.6,1.493,1.881,47.66,117.4,10.62,6.384,155.9,453.9,71.88,3.279,0.4569,150,50.71,224.9,836.7,230.1,65.97,0.04698,549.2,0.4817,0.6997,0.9329,0.3271,0.8568,0.08291,0.2494,0.5794,0.1571,537,866.4,60.92,0.4236,479.2,1.946,375.7,0.5785
97,parent,parent,237.1418,44.000,0.000,44.000,291.000,61.000,275.533,0.295,4997.000,27.680,54.783,900,2800,120.4,100.8,1.69,1.526,0.6965,0.9233,17.22,0.007097,12.47,8.259,19.94,1.72,13.68,0.1915,55.94,10.85,8.481,3.615,0.2,1768,267.6,4.755,141.8,1.71,1.633,46.56,115.5,11.06,7.516,159.6,402.4,90,4.002,0.5388,159,54.62,213.3,680.4,235.4,63.59,0.04858,556.2,0.4482,0.8336,0.9612,0.3114,0.8611,0.09895,0.3081,0.557,0.1333,484.5,982.6,56.46,0.4686,472.4,2.066,334,0.6633
97,child0,child,92.9016,27.000,2.000,25.000,120.000,7.000,45.767,0.144,3811.000,19.940,43.817,900,2800,104.6,115.2,1.46,1.397,0.569,0.8447,18.36,0.008056,14.03,7.628,20.27,1.598,11.81,0.1633,61.11,10.77,8.876,3.66,0.2232,1716,294.1,5.397,134.7,1.543,1.676,39.2,109.6,11.15,7.294,170.7,382.7,90,3.79,0.5505,167.4,54.42,206.4,955.8,263.5,66.37,0.04606,560.1,0.4344,0.8264,0.9581,0.2993,0.9036,0.0817,0.2249,0.6089,0.1219,490.7,1067,49.42,0.5997,458.8,1.85,260.8,0.5695
97,child1,child,146.4539,29.000,0.000,29.000,175.000,42.000,218.833,3.018,3559.000,22.433,44.983,966.3,2800,125.9,105.6,1.545,1.319,0.7381,0.8317,16.73,0.005922,12.63,7.31,18.47,2.047,12.37,0.1921,65.48,12.73,7.983,2.791,0.2294,2000,203.5,5.607,137.1,1.85,1.4,51.59,117.9,11.71,7.481,175.3,457,90,4.678,0.5472,150,48.75,208.7,656.3,231.4,56.68,0.05526,502.5,0.4594,0.763,0.7677,0.2897,0.7045,0.08551,0.3184,0.6854,0.1328,401.3,821.1,42.3,0.5355,573.3,2.11,326.7,0.5875
97,child2,child,223.1454,42.000,0.000,42.000,277.000,30.000,270.417,0.414,4444.000,28.200,57.100,919.3,2800,128.2,100.4,1.76,1.633,0.8207,1.033,16.4,0.007438,13.14,6.545,18.81,1.755,13.14,0.1531,56.98,11.21,10.71,4.008,0.2629,1482,232,4.403,143,1.853,1.603,42.99,116,11.74,8.446,175.8,387.4,90,5.384,0.5674,188.8,56.28,228.5,582.9,246.4,56.16,0.05387,511,0.3782,0.9117,1,0.3687,0.8502,0.1287,0.2947,0.5244,0.1266,538.8,1096,69.96,0.4582,470,1.753,348,0.6535
97,child3,child,61.5142,19.000,2.000,17.000,84.000,14.000,75.150,-0.223,2912.000,16.673,48.900,909,2800,100.6,104.5,1.906,1.44,0.8501,0.8926,20.6,0.007162,11.87,7.141,20.94,1.761,12.72,0.1532,67.66,11.82,10.8,2.853,0.213,2000,290.3,4.998,135.7,1.47,1.799,35.63,100,10.95,5.678,177.3,435.4,85.04,3.12,0.5748,151.9,60.45,172.8,590.5,284,53.21,0.06064,600,0.4906,0.8594,1,0.3439,0.7782,0.07445,0.3401,0.7638,0.126,407.5,1145,66.98,0.4292,446.3,2.028,299.7,0.6104
97,child4,child,209.3886,42.000,0.000,42.000,241.000,44.000,345.717,0.218,4476.000,31.433,50.317,900,2799,128.5,108.1,1.596,1.46,0.8899,0.9365,17.22,0.008929,11.6,7.581,20.95,1.548,12.74,0.2236,54.79,9.462,9.752,3.838,0.2,1771,252.4,4.099,130.7,1.939,1.61,54.88,120,13.46,7.844,166,359.1,90,4.022,0.5499,150,47.88,189,693.7,200.8,62.6,0.05577,556.7,0.4096,0.8624,0.9615,0.413,0.7127,0.09893,0.3356,0.4982,0.1521,410.3,1067,58.59,0.5055,475.2,2.177,316.7,0.7405
97,child5,child,102.5429,23.000,0.000,23.000,129.000,24.000,240.717,4.649,3531.000,21.627,54.233,1072,2800,120.4,81.01,1.531,1.382,0.7553,0.9225,15.32,0.0072,14.22,7.728,17.74,1.724,14.49,0.1736,66.73,9.555,10.5,2.803,0.2197,1810,255.4,4.445,129.4,1.496,1.611,38.65,105.4,12.67,9.456,142.6,375.7,90,4.152,0.5178,150,60.59,205.7,609.2,213.3,59.59,0.05237,402,0.5057,0.6449,0.954,0.3474,0.9148,0.09306,0.2969,0.7484,0.1345,543.4,1042,48.5,0.4147,598.7,1.915,334.3,0.5461
97,child6,child,97.6201,24.000,1.000,23.000,124.000,18.000,134.017,3.203,3289.000,20.900,62.817,900,2800,99.28,77.42,1.371,1.5,0.6456,1.001,18.05,0.007331,11.04,8.292,17.3,1.724,13.44,0.21,62.99,10.49,7.7,4.089,0.2,1670,259.5,4.571,137.4,1.427,1.644,57.43,120,13.36,7.016,157.1,484.7,90,4.24,0.4181,150,52.14,213.4,784.4,291.5,74.09,0.04633,526.3,0.4433,0.6877,0.7551,0.3317,0.8641,0.09425,0.3532,0.5785,0.1393,501.8,1176,59.12,0.4902,567.9,2.05,383,0.6384
97,child7,child,-21.5009,4.000,2.000,2.000,-3.000,0.000,-32.633,-1.619,1848.000,13.820,46.767,960.3,2669,121.3,107.8,1.705,1.55,0.5713,0.889,17.26,0.007248,11.57,8.183,17.79,1.557,15.14,0.2218,66.71,10.37,8.609,3.698,0.2,1783,277.8,4.37,116.5,1.504,2.145,34.76,85.79,10.03,7.079,132.5,328.1,85.08,3.474,0.4483,150,57.51,202.5,736.8,279.6,72.39,0.06091,600,0.3688,0.8301,1,0.3884,1,0.09772,0.2684,0.5268,0.1248,508.8,978,58.01,0.461,469.1,1.763,350.7,0.7113
97,child8,child,64.8171,19.000,0.000,19.000,88.000,7.000,17.817,-0.062,3127.000,18.600,47.783,900,2412,85.94,107.4,1.847,2,0.6368,0.8366,18.71,0.007458,14.38,7.476,18.74,1.91,15.07,0.1883,53.4,10.11,9.464,3.421,0.2,1937,266.1,3.842,142.3,1.421,1.483,36.72,110.4,10.36,8.728,136.4,370.6,85.2,3.374,0.5465,174.6,68.37,232,686.5,266.2,55.34,0.04802,523.3,0.4237,0.9909,1,0.3022,0.8063,0.09379,0.2801,0.5176,0.1681,449.2,971,60.47,0.4975,475.2,2.168,400,0.6394
97,child9,child,121.7289,35.000,0.000,35.000,126.000,-1.000,60.467,2.204,4042.000,23.673,55.950,900,2727,130.2,83.89,1.612,1.642,0.6798,0.8739,18.22,0.008405,12.44,8.318,25.58,2.091,15.9,0.2027,54.2,11.53,9.131,3.593,0.2035,1850,237.1,5.002,152.9,1.963,1.905,42.69,111.8,11.96,7.593,183.5,403.9,90,3.847,0.5631,181.8,56.91,193.6,622.7,244,58.06,0.0515,490.1,0.4281,0.906,0.8395,0.2949,0.7921,0.06768,0.2412,0.5426,0.1404,468.2,1139,58.31,0.4987,473.5,1.904,345.4,0.7206
97,child10,child,130.9151,32.000,3.000,29.000,168.000,29.000,205.300,-0.492,4083.000,29.813,59.333,978.4,2564,124.8,103.8,1.92,1.478,0.7702,0.8772,17.63,0.00764,13.98,7.712,21.42,1.693,16.88,0.2271,56.95,10.84,9.145,4.134,0.2,1696,226.2,5.122,120.9,1.6,1.777,49.55,119.1,12.8,7.52,162.4,375.9,83.58,3.877,0.483,188.3,68.34,226.6,879.5,213.2,54.85,0.04435,409,0.4235,0.8299,1,0.3178,0.8985,0.08772,0.2456,0.5425,0.1544,621.7,771.8,55.36,0.5944,568.9,1.963,328.6,0.708
97,child11,child,130.5387,30.000,0.000,30.000,177.000,0.000,-2.783,-0.511,3921.000,26.953,57.450,900,2800,119.9,101.4,1.509,1.542,0.629,0.8783,17.53,0.007706,9.746,7.279,18.97,1.562,13.89,0.1968,62.23,10.63,9.793,3.703,0.2,1590,271.5,4.628,142.6,1.689,1.879,51.32,120,11.09,7.41,178,396.9,89.44,3.585,0.5366,172.2,79.11,196.9,559.7,242.6,58.99,0.06039,526,0.4922,0.8363,0.9154,0.3019,0.7171,0.09287,0.2888,0.5914,0.141,490.8,938.2,67.18,0.4268,438.2,1.924,304.2,0.5944
97,child12,child,154.7047,38.000,0.000,38.000,150.000,28.000,255.367,2.701,3873.000,24.533,51.700,900,2470,124.9,96.63,1.398,1.182,0.7725,1.239,18.35,0.006165,12.5,7.27,16.3,1.621,13.65,0.2532,70.18,10.58,7.211,3.29,0.209,2000,274.7,4.774,146.7,1.664,2.131,62.61,120,11.98,7.646,174.2,369.9,90,3.814,0.625,150,49.2,247.7,719.3,226.1,71.17,0.04632,600,0.4914,0.7708,1,0.3423,0.7786,0.09953,0.318,0.4927,0.1199,427.7,975.7,73.98,0.5669,420.7,1.756,320.5,0.5555
97,child13,child,146.3758,38.000,2.000,36.000,165.000,32.000,169.617,0.162,4454.000,28.707,65.867,900,2779,135.3,117.1,1.611,1.381,0.6795,0.9712,17.76,0.007844,13.32,7.585,19.04,1.885,13.58,0.154,54.37,9.771,7.416,2.851,0.2,1826,237.7,4.756,122.1,1.815,1.603,46.76,115.4,13.58,7.916,143.1,347.8,80.78,4.413,0.5895,162,52.94,204.8,725.2,207.1,71.99,0.04978,555.8,0.47,0.7571,0.9755,0.3775,0.9146,0.0874,0.2543,0.6425,0.1183,485,887.7,49.96,0.565,519.8,2.309,283.3,0.689
97,child14,child,90.2957,21.000,2.000,19.000,101.000,23.000,253.550,1.815,1766.000,31.413,69.817,935.5,2532,114.3,107.7,1.767,1.847,0.7865,0.7731,17.52,0.007232,10.75,9.451,21.03,1.871,12.42,0.1915,60.46,9.992,8.632,4.014,0.264,1853,253,4.368,146.9,1.786,1.5,38.08,116.6,8.707,6.421,163.2,425.9,72.28,4.538,0.556,154.8,52.73,189.6,850.7,222.8,69.12,0.04203,600,0.5068,0.8654,0.9352,0.25,0.709,0.08263,0.3308,0.3878,0.1329,384.5,942.4,63.04,0.4969,409.4,2.026,321.4,0.739
97,child15,child,128.6557,26.000,1.000,25.000,158.000,16.000,73.050,0.857,2310.000,31.087,42.250,900,2632,133.1,104.8,1.674,1.476,0.7245,1.024,18.41,0.006921,11.3,8.127,17.95,2.091,13.89,0.1755,58.31,10.31,8.838,3.275,0.2236,1459,307.7,4.363,124.3,1.566,1.469,39.37,120,11.3,7.434,144.3,431.8,74.18,4.731,0.5909,159.2,53.65,219.2,620,232.9,49.23,0.05055,446.6,0.3879,0.9361,1,0.2576,0.7973,0.09638,0.2871,0.4825,0.1457,507.8,912.6,48.87,0.4346,430.4,2.004,302.2,0.5458
98,parent,parent,215.2259,39.000,1.000,38.000,290.000,50.000,247.100,-0.056,5045.000,27.233,55.150,900,2800,120.4,100.8,1.69,1.526,0.6965,0.9233,17.22,0.007097,12.47,8.259,19.94,1.72,13.68,0.1915,55.94,10.85,8.481,3.615,0.2,1768,267.6,4.755,141.8,1.71,1.633,46.56,115.5,11.06,7.516,159.6,402.4,90,4.002,0.5388,159,54.62,213.3,680.4,235.4,63.59,0.04858,556.2,0.4482,0.8336,0.9612,0.3114,0.8611,0.09895,0.3081,0.557,0.1333,484.5,982.6,56.46,0.4686,472.4,2.066,334,0.6633
98,child0,child,89.7961,23.000,0.000,23.000,98.000,17.000,238.817,4.420,3062.000,24.020,55.683,964.8,2187,115.1,81.1,1.876,1.597,0.8396,0.9267,17.03,0.00837,11.93,6.644,16.76,1.56,15.64,0.2077,59.65,13.52,8.089,3.647,0.2023,2000,249.8,4.937,138,1.561,1.68,48.07,120,9.298,6.755,164.7,410.4,88.9,3.903,0.4599,169.3,47.44,235.1,854.2,206.4,77.85,0.04368,437,0.4526,0.9045,1,0.2864,1,0.1239,0.3313,0.5539,0.1318,532,1185,62.71,0.4984,471.8,2.084,339.8,0.6538
98,child1,child,3.4689,3.000,0.000,3.000,22.000,10.000,39.467,-2.586,1244.000,6.073,49.800,1158,2800,107.6,109.6,1.956,1.529,0.7031,0.9909,19.74,0.007321,11.26,8.336,17.3,1.927,10.76,0.2328,64.42,12.2,8.393,4.403,0.2,1786,269.8,5.05,134.2,1.821,1.67,46.43,100.1,13.39,9.255,173.5,423.4,84.2,3.515,0.4335,175.7,47.36,203.3,633.2,236.5,79.18,0.05127,600,0.3971,0.7668,0.8734,0.2879,0.8201,0.09908,0.3994,0.5702,0.1371,433.9,955.6,54.41,0.4448,395.2,2.417,337.7,0.8
98,child2,child,142.5224,29.000,2.000,27.000,161.000,29.000,312.817,0.856,2332.000,27.900,53.517,944,2800,136.7,80.98,1.977,1.602,0.586,0.8705,14.84,0.007562,14.88,7.025,19.95,1.395,15.67,0.1871,55.09,9.86,6.999,3.944,0.2008,1782,252,4.975,152.6,1.937,1.786,52.89,120,11.28,6.361,142.2,459.2,80.16,3.947,0.6087,155.5,66.57,203.6,648.9,223.1,76.15,0.04148,573.2,0.419,0.8461,1,0.3372,0.7385,0.08985,0.2807,0.6549,0.1239,530.9,875.3,60.11,0.4815,396.2,1.662,300.8,0.654
98,child3,child,-13.5988,1.000,0.000,1.000,0.000,0.000,30.567,-2.922,1102.000,4.940,42.350,902.3,2670,136.7,108.8,1.673,1.3,0.7937,1.031,16.44,0.008381,10.86,9.656,20.94,1.597,11.25,0.2374,58.76,10.42,7.195,4.165,0.2,1957,285.1,5.827,134.7,1.936,1.664,49.62,99.32,9.402,6.716,194.3,397.1,90,3.423,0.5672,157.1,47.73,227.4,744.7,190.3,60.23,0.0516,600,0.4418,0.7334,0.9745,0.2638,1,0.09825,0.2907,0.5972,0.1459,528.5,1006,44.88,0.5416,479.8,2.328,378.4,0.6969
98,child4,child,70.0084,15.000,0.000,15.000,107.000,14.000,65.150,-0.966,2532.000,15.847,52.067,996.8,2800,114.3,106.4,2.001,1.546,0.6846,0.8,17.49,0.006456,11.5,8.489,17.48,1.438,10.86,0.1564,48.21,9.892,7.694,3.29,0.2,1596,295.2,4.555,104.2,1.755,1.684,40.33,102.6,11.6,6.331,146.6,450,84.35,3.88,0.5438,150,60.17,224.8,722,206.5,61.06,0.03948,572.8,0.5693,1,0.9591,0.282,0.984,0.1031,0.3172,0.5015,0.1355,489.4,1200,45.46,0.4852,544.1,2.196,337.8,0.6443
98,child5,child,94.5182,19.000,0.000,19.000,139.000,17.000,185.667,-1.738,2990.000,18.380,64.883,900,2390,111.9,107.4,1.553,1.457,0.8307,0.9723,18.24,0.005,12.1,8.712,17.08,1.856,17.35,0.1891,57.21,10.17,7.101,4.428,0.2105,1618,252.6,3.909,163.5,1.653,1.687,46.69,111.6,11.24,7.777,169.3,405.5,90,4.079,0.6283,150,66.86,236.6,605.5,282.2,84.71,0.05025,574.3,0.4589,0.7406,0.7387,0.3733,0.8199,0.1209,0.3519,0.5913,0.135,427.1,1200,62.87,0.52,483,2.051,286.1,0.6928
98,child6,child,84.9209,23.000,0.000,23.000,139.000,-29.000,-138.033,-1.066,3613.000,19.240,64.317,1071,2800,145.5,120,1.563,1.284,0.7664,0.8906,18.26,0.006992,11.65,9.639,20.96,1.622,13.57,0.1958,55.22,11.29,8.027,4.131,0.2479,1796,245.9,3.924,150.5,2.179,1.514,37.7,112.1,11.28,7.354,152.2,355.5,89.42,4.163,0.4635,160.1,46.78,184.6,697.8,253.9,65.87,0.04875,500.4,0.5179,0.8663,0.7455,0.2952,0.9353,0.1146,0.2923,0.6914,0.1223,491.8,973.8,49.71,0.5303,446.3,2.274,325.3,0.7217
98,child7,child,-5.1727,2.000,0.000,2.000,9.000,1.000,81.717,-1.752,1185.000,6.360,41.450,900,2800,125.2,101.4,1.927,1.405,0.6665,1.007,14.62,0.007377,13.36,8.136,21.03,1.843,13.57,0.2454,49.42,11.05,8.452,4.363,0.2,1863,233.6,4.698,166.3,1.57,1.352,55.21,101,8.411,7.058,175.2,365.9,90,3.845,0.4896,156.6,54.16,252.8,675.1,258.2,67.48,0.04573,525.9,0.4367,0.9951,0.983,0.3432,0.7,0.1079,0.3441,0.5908,0.1353,521.2,989.9,44.99,0.4761,518.8,2.248,311.1,0.68
98,child8,child,79.1059,17.000,0.000,17.000,120.000,15.000,159.550,1.088,2980.000,18.760,69.533,922.8,2602,119,97.04,1.93,1.634,0.6247,0.9894,14.92,0.007205,14.66,9.288,23.31,1.51,12.9,0.1761,70.15,8.996,6.775,3.874,0.2,1558,233.9,6,113.1,1.832,1.557,55.77,109.8,10.87,9.486,166.1,432.3,90,3.253,0.5392,150,54.51,221.8,690.6,221.6,69.72,0.0603,542.1,0.4044,0.9416,1,0.2732,0.9944,0.08374,0.3237,0.5206,0.1236,526.1,979.9,59.22,0.4023,417.7,2,314.4,0.6889
98,child9,child,63.8322,19.000,1.000,18.000,87.000,8.000,86.567,1.735,2899.000,19.233,69.533,900,2800,106.4,82.26,1.946,1.668,0.7474,1.098,17.36,0.005953,15.53,7.143,25.19,1.646,15.16,0.2237,55.79,12.48,7.546,3.523,0.2,1996,246,5.124,147.6,1.901,1.599,48.46,103.4,13.33,6.007,158,429.6,90,4.278,0.3947,150,49.98,217.9,726,202.5,79.69,0.04601,557.5,0.4662,0.7523,1,0.3378,0.8752,0.08615,0.3077,0.5277,0.1127,485.3,1028,71.52,0.4723,407.7,2.446,400,0.6418
98,child10,child,31.6109,17.000,4.000,13.000,67.000,-1.000,39.350,0.517,3381.000,26.580,52.667,900,2765,115.1,81.09,2.492,1.683,0.6286,0.8656,17.74,0.007183,11.77,8.896,22.64,1.991,14.49,0.1754,54.27,8.439,7.469,4.16,0.2067,1921,310.7,4.368,114.6,1.288,1.59,40.48,120,10.44,7.749,170.7,325.5,84.06,4.176,0.5493,177.9,57.38,249.2,683.1,233.6,57.43,0.04619,418.5,0.4648,0.8746,1,0.2785,1,0.0922,0.3278,0.4304,0.146,530.3,1200,47.76,0.4834,465.3,2.337,354.1,0.786
98,child11,child,140.9019,26.000,0.000,26.000,190.000,26.000,335.417,-0.906,3497.000,22.067,63.767,900,2800,110.2,108,1.696,1.488,0.7123,1.032,16.94,0.008383,11.2,7.194,20.99,1.855,13.49,0.1463,54.76,11.85,7.919,3.572,0.2098,1646,298,3.427,136,1.594,2.256,54.91,117.3,13.19,7.413,136.6,519.9,90,4.57,0.7107,150,64.15,243.5,651.8,284.9,60.44,0.06558,600,0.4528,0.8939,0.8898,0.3008,0.8474,0.09221,0.3476,0.5811,0.1232,522.4,862.2,62.56,0.4181,443.9,2.566,398,0.4993
98,child12,child,90.3434,25.000,0.000,25.000,133.000,-30.000,-100.367,-0.042,3467.000,23.647,60.933,1026,2800,122.5,107.7,1.771,1.435,0.7789,0.8925,14.35,0.006455,14.41,9.941,17.87,1.817,12.61,0.1618,49.68,12.2,10.9,3.197,0.2149,2000,258.8,5.196,121.6,1.359,1.577,51.68,112.4,10.02,8.127,140.2,373.4,90,4.746,0.5571,171.7,56.94,191.2,749.6,216.6,73.03,0.04545,549.2,0.5294,0.9401,0.8888,0.2863,1,0.09132,0.3518,0.5969,0.1459,545.9,922.4,46.5,0.4386,414.3,1.985,326.5,0.6256
98,child13,child,-10.0197,1.000,0.000,1.000,15.000,-5.000,-40.117,-3.108,1158.000,6.767,49.067,900,2557,99.16,120,1.637,1.573,0.7635,0.7844,16.66,0.005619,13.07,7.959,19.61,1.475,11.71,0.2005,47.08,10.77,7.675,3.704,0.2,1807,281.2,5.571,175.4,1.961,1.533,50.62,97.91,8.812,8.663,169.1,334.1,90,4.578,0.6537,150,52.93,190.3,721.5,214.8,74.76,0.0554,571.1,0.5083,0.7941,0.9538,0.3771,0.7008,0.08579,0.2999,0.6412,0.1181,447.9,821.6,61.39,0.4176,521.8,2.316,356.2,0.6853
98,child14,child,128.0929,32.000,2.000,30.000,184.000,8.000,-36.467,0.298,4759.000,26.233,47.133,900,2800,140.8,100.6,1.759,1.412,0.6571,0.7824,17.41,0.006996,12.89,6.863,17.1,1.44,13.51,0.196,65.07,10.6,8.35,3.863,0.2116,2000,288.4,4.563,146.2,1.892,1.669,43.93,114.9,11.48,8.12,163.2,362.3,86.29,3.885,0.5611,150,80.49,237.7,690.8,191,67.87,0.04684,464.3,0.3922,0.9905,0.732,0.3591,0.9673,0.08929,0.3122,0.6744,0.1189,431,953.7,55.45,0.5303,593.8,2.397,354.4,0.7083
98,child15,child,187.0133,36.000,0.000,36.000,235.000,32.000,295.867,-0.868,4200.000,31.767,51.933,900,2679,128.2,116.4,1.545,1.425,0.6801,0.8648,15.96,0.00802,12.01,8.772,16.89,1.842,14.66,0.1819,62.16,10.48,8.537,3.336,0.2,1534,222,4.637,148.6,1.625,1.578,52.64,120,11.53,8.43,126.4,394.1,90,4.22,0.6406,188.4,49.53,209.4,636,243.1,59.14,0.05119,600,0.3942,0.9873,0.8763,0.31,1,0.08058,0.3317,0.5183,0.1357,625.7,770,61.86,0.4218,371.9,2.13,400,0.7557
99,parent,parent,177.3696,37.000,0.000,37.000,221.000,22.000,217.100,0.562,4349.000,26.300,70.333,900,2800,120.4,100.8,1.69,1.526,0.6965,0.9233,17.22,0.007097,12.47,8.259,19.94,1.72,13.68,0.1915,55.94,10.85,8.481,3.615,0.2,1768,267.6,4.755,141.8,1.71,1.633,46.56,115.5,11.06,7.516,159.6,402.4,90,4.002,0.5388,159,54.62,213.3,680.4,235.4,63.59,0.04858,556.2,0.4482,0.8336,0.9612,0.3114,0.8611,0.09895,0.3081,0.557,0.1333,484.5,982.6,56.46,0.4686,472.4,2.066,334,0.6633
99,child0,child,37.4262,20.000,5.000,15.000,75.000,-31.000,-430.950,1.938,2223.000,31.107,58.833,1058,2800,142.8,97.43,2.031,1.478,0.7868,0.982,14.93,0.006602,10.16,8.52,21.56,1.926,15.95,0.192,57.14,12.02,8.213,3.271,0.2056,1683,278.6,5.798,134.9,1.798,1.345,43.69,120,11.52,6.436,186.8,428.7,76.61,3.889,0.5583,150,53.82,259,682.1,212.7,49.58,0.04975,460.6,0.4755,0.8759,1,0.3528,0.9197,0.1036,0.3017,0.6209,0.1397,487.1,831.4,44.74,0.401,391.2,1.528,343.9,0.571
99,child1,child,191.6639,34.000,1.000,33.000,245.000,50.000,260.033,1.120,3893.000,24.633,42.033,900,2788,148.3,99.11,1.897,1.308,0.7716,0.7175,16.63,0.007236,13.53,7.708,21.17,1.537,13.88,0.2073,56.52,10.65,8.891,3.635,0.2,1987,310.8,5.04,138.6,2.177,1.463,45.31,120,13.59,9.294,142.9,322.2,89.46,3.952,0.4825,168.9,68.91,214.9,736.2,308.2,64.64,0.03598,547.5,0.4537,0.8586,0.8685,0.2744,0.9123,0.085,0.3102,0.5348,0.1088,429.4,1050,60.05,0.4481,510.4,2.184,344,0.5054
99,child2,child,37.1862,15.000,2.000,13.000,54.000,6.000,103.333,0.179,2611.000,15.433,45.167,1057,2800,129.1,90.14,1.827,1.497,0.6081,0.898,15.69,0.006117,12.17,9.55,22.46,2.137,17.17,0.1833,51.7,11.48,7.015,4.024,0.2176,1450,233.1,5.349,158.3,1.423,1.41,37.95,106.9,10.08,8.083,145.3,406.2,90,4.14,0.526,150,69.48,212.7,734.6,208.4,72.05,0.05408,476.7,0.4472,0.8523,0.9856,0.2918,0.7684,0.09711,0.3067,0.5209,0.1366,444.8,1023,50.49,0.3846,539.1,2.31,295.2,0.6766
99,child3,child,-16.9854,0.000,0.000,0.000,7.000,-9.000,-143.567,-1.480,1031.000,6.273,41.367,900,2530,99.66,98.85,1.646,1.247,0.5882,0.9205,15.53,0.007396,14.02,7.718,17.86,1.405,14.77,0.1718,52.12,8.576,6.846,2.88,0.2519,1676,228.9,4.812,124.4,1.718,1.686,50.01,97.89,11.23,8.226,185.8,366.6,90,3.539,0.495,150,70.51,207.7,696.5,190.2,60.22,0.03986,600,0.415,0.7783,1,0.3025,1,0.1058,0.2976,0.4944,0.1726,415.1,1119,61.46,0.5036,543.7,2.07,373.5,0.6391
99,child4,child,-7.3459,1.000,0.000,1.000,21.000,-5.000,-75.350,-2.235,1270.000,7.513,37.700,900,2666,137.7,105.8,2.101,1.356,0.721,0.837,15.41,0.007368,13.42,8.296,23.4,1.684,13.56,0.188,54.28,10.52,7.587,3.453,0.2,1900,268.3,5.067,190,1.716,1.773,48.99,105.8,10.09,7.906,156.9,387.7,90,3.281,0.6034,169.3,46.43,188.1,657.4,213.1,57.94,0.05057,569.1,0.4616,0.6505,1,0.3519,0.9242,0.1032,0.2908,0.5523,0.1193,531.2,844.2,52.61,0.506,492.6,1.952,351.9,0.7202
99,child5,child,-6.0256,1.000,0.000,1.000,17.000,-2.000,6.250,-2.263,1119.000,6.207,43.083,900,2800,143.1,107.5,1.717,1.524,0.6748,1.016,18.33,0.007505,12.7,8.607,22.15,1.63,13.15,0.1661,58.38,9.873,8.416,3.843,0.2096,2000,288.7,4.867,153.1,1.604,1.624,39.43,100.2,10.05,7.713,152.8,370.8,90,3.999,0.5845,151.3,60.08,222.5,672.1,231.4,61.58,0.05683,490.8,0.395,1,0.9469,0.3695,0.8486,0.1098,0.3253,0.4623,0.1225,630.8,961.3,49.2,0.4169,474.6,1.652,371,0.6388
99,child6,child,119.6730,30.000,1.000,29.000,150.000,6.000,101.250,1.783,3860.000,29.587,48.850,965.7,2435,90.51,100.4,1.487,1.807,0.6511,0.7907,18.39,0.008091,14.92,8.607,18.18,2.061,12.39,0.2057,66.29,10.41,8.019,3.786,0.2452,1489,253.7,4.548,137.5,1.64,1.67,44.34,109,11.24,9.163,218.4,499.9,90,3.786,0.5204,150,56.94,233.6,725.7,213.3,51.97,0.05025,513.4,0.4,0.8923,0.8481,0.3779,0.7741,0.08399,0.2866,0.682,0.141,513.1,968.7,59.41,0.3909,526.1,2.063,345,0.8
99,child7,child,38.6107,12.000,0.000,12.000,63.000,1.000,-11.983,-1.432,2243.000,13.587,43.450,900,2800,143.9,90.06,1.772,1.517,0.597,0.6886,18.77,0.008262,12.94,7.243,22.7,1.799,15.05,0.2179,61.51,10.54,7.764,3.584,0.2369,1955,255.2,4.18,131.9,1.734,1.579,41.8,102.5,8.946,8.607,155.9,451.2,90,3.737,0.406,209.4,60.75,247.7,708.8,210.1,75.56,0.05067,573.1,0.5118,0.6862,1,0.3007,0.8538,0.1038,0.2687,0.4784,0.1394,454.9,990.5,48.57,0.6016,450.4,2.392,305.6,0.5429
99,child8,child,47.4089,14.000,0.000,14.000,72.000,-1.000,-45.383,-0.451,2200.000,18.413,54.167,900,2800,136.4,105.9,1.815,1.353,0.7161,0.9541,18.44,0.006693,10.47,8.78,19.72,1.458,15.9,0.2443,62.86,10.49,7.085,3.447,0.2033,1248,304.3,4.053,125.7,1.619,1.824,38.84,108.7,10.28,7.201,166.6,324.8,90,4.701,0.4871,152.2,52.05,227.2,745.9,233.8,55.78,0.05262,600,0.5061,0.6476,0.9832,0.283,0.8497,0.1332,0.3032,0.5553,0.1377,648.4,1038,62.83,0.5338,601.7,1.895,289.1,0.6881
99,child9,child,175.7174,37.000,2.000,35.000,223.000,34.000,189.600,0.288,4347.000,31.700,48.783,914.6,2757,116.1,111.9,1.633,1.574,0.6592,1.134,13.43,0.005973,13.88,8.877,21.16,1.384,15.21,0.1916,55.6,11.76,8.19,3.91,0.2,1519,240.7,4.236,141.1,1.572,1.649,42.82,115,10.97,8.729,160.5,308.9,90,4.059,0.5348,168.9,59.43,222.5,746.4,253.1,49.15,0.04827,518.9,0.4453,0.8722,0.9135,0.2896,0.774,0.08678,0.2948,0.5809,0.1442,555.1,1057,73.13,0.5465,454.9,2.127,291.7,0.6928
99,child10,child,63.1250,19.000,0.000,19.000,77.000,1.000,78.600,3.743,2798.000,19.320,61.067,945.1,2800,108,77.57,1.861,1.511,0.6786,1.028,17.51,0.007592,10.78,7.579,16.44,1.733,11.11,0.2496,59.65,14.52,7.818,3.057,0.2164,1786,241.3,5.679,168.6,1.858,1.495,35.24,120,11.27,7.998,163.2,349.1,90,4.866,0.5045,167,60.19,269.8,866.3,245.8,57.42,0.04819,466.1,0.5163,0.7697,0.7266,0.341,0.8497,0.09739,0.3284,0.713,0.1318,452.2,1045,57.29,0.5394,484.3,2.176,359.9,0.8
99,child11,child,88.5531,26.000,3.000,23.000,128.000,6.000,-30.067,0.577,3653.000,31.407,56.633,900,2788,125,109.6,2.218,1.425,0.7083,0.9304,15.34,0.008842,14.98,6.592,17.91,1.851,14,0.2069,65.73,13,6.684,3.868,0.2122,1722,230.6,4.861,125.5,1.704,1.431,40.4,120,10.97,7.785,170.1,347.1,85.71,3.724,0.4772,153.7,58.05,196.3,585.8,217.5,58.82,0.04481,493.8,0.4274,0.6869,1,0.3129,0.8906,0.1023,0.3082,0.5463,0.1166,556.7,1040,59.81,0.4915,414.1,2.562,291.2,0.719
99,child12,child,143.2582,32.000,0.000,32.000,162.000,24.000,216.967,0.192,3519.000,33.340,44.533,900,2559,123.9,96.23,1.792,1.52,0.7614,0.8716,19.18,0.005699,12.72,8.158,20.64,1.536,12.48,0.176,60.51,8.579,9.046,3.644,0.2,1955,242.1,4.435,134.9,2.016,1.532,42.21,112.5,10.46,6.462,167.3,450.4,79.76,4.503,0.5494,157.5,60.4,245.1,774,251.9,66.17,0.04997,557.4,0.4243,0.9145,1,0.2717,0.9474,0.1074,0.3238,0.5438,0.1245,530,937.7,46.31,0.44,497.7,1.942,370.7,0.5915
99,child13,child,80.9294,21.000,0.000,21.000,107.000,13.000,81.233,0.409,3105.000,17.680,71.817,1030,2800,137.7,97.23,1.531,1.37,0.5676,1.18,21.73,0.008322,12.5,10.01,16,1.793,14.06,0.1828,50.38,11.21,7.368,3.411,0.2157,1465,228,4.049,152.9,1.716,1.907,43.67,110.2,11.46,8.139,129.1,378.5,90,4.651,0.5336,151.5,63.17,186.6,679.8,243.8,53.73,0.05355,600,0.4549,0.7307,0.9342,0.3621,0.8973,0.1045,0.2843,0.6772,0.1411,513.1,973.8,60.09,0.5226,395.3,2.38,339.7,0.5608
99,child14,child,105.2582,26.000,0.000,26.000,118.000,14.000,106.367,0.178,2964.000,18.647,52.533,900,2800,118.7,90.6,1.616,1.555,0.6888,0.9405,15.41,0.00754,13.96,8.187,19.93,1.512,13.06,0.1842,57.49,11.14,8.358,3.762,0.2057,1569,313,3.916,156.6,1.57,1.782,37.34,105.4,10.01,6.632,151.1,421,90,4.834,0.4928,173.8,46.86,182.5,600.6,281.5,59.64,0.05279,545.6,0.4583,0.7662,0.9259,0.3117,0.7653,0.08951,0.2849,0.4948,0.1041,463.5,977.1,60.41,0.4967,464,2.048,362.3,0.5423
99,child15,child,64.8290,18.000,0.000,18.000,104.000,2.000,8.650,-0.019,3359.000,17.647,63.800,966.5,2315,141,118.6,1.808,1.536,0.6541,0.8743,15.12,0.007202,15.72,7.155,22.07,1.538,11.74,0.167,57.32,10.31,7.672,3.104,0.2284,1808,265,3.205,140.6,2.36,1.666,47.6,111.2,12,6.914,135.4,442.2,90,4.173,0.6326,150,56.82,256.1,779.5,242.6,66.89,0.0541,548.8,0.4981,0.9239,0.8774,0.301,0.8874,0.1005,0.3511,0.5588,0.1441,456.7,909.9,48.12,0.5412,478.5,2.094,376.9,0.74
100,parent,parent,185.7073,32.000,1.000,31.000,239.000,54.000,385.933,1.367,3870.000,28.080,44.867,900,2788,148.3,99.11,1.897,1.308,0.7716,0.7175,16.63,0.007236,13.53,7.708,21.17,1.537,13.88,0.2073,56.52,10.65,8.891,3.635,0.2,1987,310.8,5.04,138.6,2.177,1.463,45.31,120,13.59,9.294,142.9,322.2,89.46,3.952,0.4825,168.9,68.91,214.9,736.2,308.2,64.64,0.03598,547.5,0.4537,0.8586,0.8685,0.2744,0.9123,0.085,0.3102,0.5348,0.1088,429.4,1050,60.05,0.4481,510.4,2.184,344,0.5054
100,child0,child,87.8268,22.000,2.000,20.000,124.000,22.000,178.533,-0.516,3148.000,38.873,65.183,900,2732,178,114.5,1.83,1.814,0.7947,0.8005,18.32,0.006469,18.13,8.324,26.26,1.53,11.87,0.2568,52.14,11.35,10.69,3.193,0.2,2000,280.4,4.849,120.3,2.006,1.269,45.36,120,13.82,10.37,155.1,333.5,78.4,4.187,0.4804,167.9,70.01,260.7,614.9,387.6,68.96,0.04538,600,0.4589,0.852,0.8769,0.3112,0.9077,0.06631,0.3458,0.5445,0.09293,470.4,1096,67.55,0.4056,517.4,1.819,264.8,0.5761
100,child1,child,107.2552,18.000,1.000,17.000,157.000,34.000,258.100,3.815,2809.000,20.193,60.050,900,2800,122.6,85.34,1.789,1.473,0.8801,0.6161,20,0.005128,13.59,7.894,22.13,1.249,12.01,0.1694,63.72,8.233,6.281,3.36,0.2,2000,304.7,5.656,135.9,2.541,1.284,48.7,120,12.65,8.913,132.3,278.7,90,4.298,0.5135,157.3,81.73,224.1,706.2,331.9,69.53,0.03437,524.2,0.4013,0.8778,0.8888,0.268,0.9345,0.07185,0.3268,0.4538,0.1369,367.9,1187,59.56,0.3959,480.2,2.326,398.6,0.4997
100,child2,child,106.6141,21.000,2.000,19.000,161.000,21.000,179.600,0.619,3163.000,21.307,52.267,1022,2800,163.5,115.8,1.777,1.105,0.6653,0.6057,17.07,0.01024,11.31,8.923,26.15,1.549,15.17,0.1939,55.86,12.08,10.91,4.122,0.2,1765,353.8,4.231,145.5,2.409,1.241,39.53,102.6,10.96,12.04,140.9,251.1,72.42,4.505,0.5133,150,62.47,182.7,1002,286,79.25,0.03385,600,0.438,0.775,0.9729,0.2393,0.9374,0.08257,0.2774,0.5614,0.1158,403,1200,50.88,0.4183,532,2.455,331.3,0.4458
100,child3,child,89.8698,19.000,0.000,19.000,130.000,16.000,161.033,1.242,3033.000,26.053,62.367,1039,2506,144.8,92.99,1.698,1.376,0.6931,0.6433,16.07,0.007914,11.93,6.658,20.4,1.559,14.52,0.1897,60.57,9.527,8.727,3.904,0.2,2000,271.5,5.606,131.7,2.206,1.325,33.83,120,14.25,8.479,119.5,274.7,80.64,4.525,0.4158,150,74.85,213.8,489.7,310.1,60.63,0.03264,600,0.4376,0.7785,0.9009,0.3013,0.7971,0.07025,0.3457,0.4708,0.113,467.1,1103,70.84,0.3732,534.4,1.593,347.4,0.4547
100,child4,child,83.7934,18.000,0.000,18.000,118.000,12.000,231.450,1.906,2889.000,19.720,63.267,900,2628,151.5,85.48,2.009,1.239,0.6655,0.6495,16.54,0.007291,12.9,6.972,24.38,1.726,13.98,0.2005,48.09,10.92,7.731,3.888,0.2,2000,335.7,5.764,150.5,2.274,1.761,45.08,120,14.94,9.822,127.8,397,90,3.6,0.3804,202.8,77.06,232.7,835.4,324.1,74.25,0.03534,571.4,0.4768,0.9062,0.8271,0.2455,0.9633,0.09434,0.2964,0.4968,0.1287,419.3,1200,54.8,0.447,618,1.998,347.3,0.518
100,child5,child,122.0877,24.000,0.000,24.000,164.000,20.000,141.333,-0.335,3177.000,22.213,45.800,900,2764,137.9,101.6,2,1.358,0.7781,0.607,15.67,0.008526,11.85,8.785,20.77,1.509,13.56,0.2024,57.22,9.462,7.835,4.024,0.2122,1712,362.5,4.76,172.4,2.039,1.37,42.59,120,13.2,8.361,120.8,350.7,84.66,4.054,0.5173,187.5,62.13,286.4,834.2,375,60.69,0.04131,520,0.4683,1,0.899,0.2151,0.8892,0.08988,0.2551,0.4591,0.1337,392.5,1145,69.06,0.4613,422.4,2.226,378.9,0.5177
100,child6,child,170.1042,38.000,0.000,38.000,192.000,32.000,248.950,1.428,4439.000,24.873,51.117,900,2800,201.1,96.11,1.707,1.311,0.7952,0.7236,14.49,0.007768,16.45,7.681,23.93,1.558,12.92,0.2192,59.65,9.162,10.05,3.599,0.2,2000,335.2,5.699,136,2.191,1.387,60.43,118.7,9.908,8.557,143.8,355.6,87.26,3.366,0.4884,187.5,70.87,192.1,779.7,266.3,62.41,0.03764,570.3,0.5781,1,0.7604,0.2171,0.8607,0.07484,0.3772,0.5413,0.1074,438.9,904.1,62.65,0.3934,566.3,1.969,324.5,0.5803
100,child7,child,151.4199,36.000,1.000,35.000,168.000,19.000,219.050,4.029,3943.000,23.940,59.517,900,2798,130.1,89.08,1.997,1.331,0.9373,0.7364,16.48,0.007674,12.97,8.332,16.39,1.547,15.31,0.2642,56.86,11.26,9.59,3.628,0.2081,2000,364.9,5.231,133.4,2.459,1.28,47.09,120,12.78,8.127,149.5,343.7,90,3.779,0.4076,166.9,60.19,247.8,636.6,390,79.22,0.0358,470.8,0.419,0.7453,0.9454,0.3152,0.9537,0.08544,0.3267,0.5865,0.09263,424.4,1200,50.28,0.4349,444.5,2.042,286.2,0.4752
100,child8,child,42.6648,13.000,1.000,12.000,73.000,0.000,21.483,-0.325,2267.000,17.540,56.783,1005,2453,188.4,89.35,1.637,1.294,0.748,0.6703,16.31,0.00696,14.77,7.68,25.56,1.443,10.16,0.2257,59.76,9.255,8.119,3.473,0.2,2000,316.2,4.84,143.3,1.91,1.761,41.13,99.68,15.88,7.015,143.8,370.9,90,3.324,0.5353,175.8,73.68,193.7,749.8,289.3,64.88,0.0342,478.3,0.5009,0.959,0.8519,0.2757,0.8512,0.09096,0.3787,0.4924,0.09627,413.8,1076,64.57,0.4668,518.1,2.236,343,0.4641
100,child9,child,63.9247,20.000,1.000,19.000,88.000,-31.000,-205.183,1.382,1914.000,23.493,59.733,1079,2671,162.2,117.4,2.026,1.707,0.7183,0.5784,15.67,0.008222,14.48,8.128,18.58,1.367,13.01,0.1932,67.2,10.74,9.516,4.209,0.2142,2000,297.5,5.081,137,2.101,1.231,46.3,120,14.65,11.03,183.8,350.6,76.06,4.076,0.5417,172.8,64.55,205.5,682.9,303,63.25,0.04251,437.8,0.4083,0.9409,0.8669,0.2689,0.919,0.08693,0.2768,0.5597,0.1111,568.9,1056,57.54,0.4695,465.1,2.135,336.5,0.4652
100,child10,child,185.3978,37.000,0.000,37.000,230.000,28.000,177.950,1.114,4153.000,25.900,61.983,900,2800,167.7,108.4,2.272,1.368,0.7349,0.6388,15.06,0.006865,14.8,8.62,19.94,1.509,15.43,0.2034,60.3,10.98,8.916,4.719,0.2,2000,337.9,5.44,142.2,2.245,1.413,42.58,120,15.72,9.199,132.9,286,90,4.825,0.5427,167.1,83.35,251.2,792.2,291.5,71.89,0.03314,600,0.4716,0.8703,0.8261,0.2754,1,0.09636,0.3038,0.5062,0.1317,567.6,1014,56.65,0.4324,623.5,1.894,308.7,0.5154
100,child11,child,147.5656,37.000,0.000,37.000,161.000,14.000,198.817,2.250,4300.000,25.293,63.067,1039,2351,137.2,95.19,2.089,1.381,0.741,0.8342,20.11,0.008179,12.37,7.395,22.04,1.413,14.42,0.2283,50.15,11.06,9.165,3.302,0.2,1729,310,4.628,115,2.267,1.458,50.45,120,13.16,10.84,141.8,305,90,4.645,0.5073,176.1,69.81,185.4,773.1,252.2,96.38,0.02919,565.4,0.4586,0.9364,0.7668,0.2468,0.8998,0.09065,0.3289,0.5142,0.1104,481.6,992.5,55.82,0.4114,501.4,2.142,375.6,0.4853
100,child12,child,177.7438,33.000,0.000,33.000,243.000,18.000,207.500,-0.792,4146.000,32.433,54.067,1068,2800,178.4,108.9,1.437,1.261,0.7139,0.7697,14.22,0.006625,9.873,7.349,20.42,1.362,17.19,0.2227,61.06,9.278,10.45,4.329,0.2,2000,389.1,4.675,144.7,2.374,1.255,43.22,114.6,16.7,7.535,159.1,400.8,81.91,3.197,0.503,168.3,65.59,243.4,1021,400.2,65.52,0.04799,535.8,0.4622,0.7452,0.8548,0.283,0.9706,0.08975,0.3124,0.5639,0.0941,393.4,1051,52.67,0.4228,495.4,2.528,371.8,0.3887
100,child13,child,125.4833,23.000,0.000,23.000,180.000,23.000,160.617,1.822,3380.000,25.767,58.633,900,2787,122,102.7,1.622,1.362,0.7564,0.7363,14.85,0.006558,15.74,7.781,17.04,1.771,13.1,0.2068,73.85,11.84,9.305,3.596,0.2,2000,337.6,5.408,130.5,1.768,1.34,38.5,120,14.15,9.331,139.2,364.2,78.15,5.076,0.598,186.1,74.66,231.1,661,277,62.08,0.03559,523.9,0.4649,0.7082,0.8382,0.2869,0.8132,0.09821,0.3111,0.5136,0.1095,421.3,965.5,57.97,0.379,683.7,2.379,336.6,0.631
100,child14,child,119.4204,25.000,0.000,25.000,153.000,24.000,174.050,4.376,3246.000,21.920,78.967,900,2130,104.4,109.7,1.755,1.506,0.8105,0.5917,17.19,0.007267,12.59,7.35,21.25,1.506,13.69,0.2287,57.74,10.43,9.349,4.223,0.2249,2000,302.2,5.659,141.5,2.399,1.534,47.97,116.2,12.99,10.34,163.6,276.2,90,3.856,0.4802,150,75.99,233.8,619.6,311.4,60.34,0.03317,495.5,0.4224,1,0.9365,0.3111,0.8977,0.09617,0.3461,0.6314,0.1179,505,942.1,52.9,0.497,441.5,2.356,290.3,0.5802
100,child15,child,-8.0923,7.000,1.000,6.000,19.000,-3.000,-46.183,-2.014,2604.000,19.400,50.817,1035,2800,163.2,105.7,2.009,1.334,0.728,0.7771,17.23,0.00824,14.68,8.559,23.11,1.599,11.81,0.2011,44.66,10.99,8.968,3.656,0.2225,2000,320.9,3.69,171.5,1.944,1.501,47.72,89.66,12.05,8.702,119.1,265.3,90,4.223,0.5487,161,63.31,191.7,1004,276.1,60.09,0.03405,529.1,0.4384,0.8286,0.9535,0.2602,0.8945,0.08573,0.3002,0.6318,0.0774,465.1,1038,52.41,0.3548,429.3,2.114,371.4,0.6149
101,parent,parent,204.5448,39.000,0.000,39.000,253.000,32.000,163.717,0.965,4198.000,26.320,45.000,900,2788,148.3,99.11,1.897,1.308,0.7716,0.7175,16.63,0.007236,13.53,7.708,21.17,1.537,13.88,0.2073,56.52,10.65,8.891,3.635,0.2,1987,310.8,5.04,138.6,2.177,1.463,45.31,120,13.59,9.294,142.9,322.2,89.46,3.952,0.4825,168.9,68.91,214.9,736.2,308.2,64.64,0.03598,547.5,0.4537,0.8586,0.8685,0.2744,0.9123,0.085,0.3102,0.5348,0.1088,429.4,1050,60.05,0.4481,510.4,2.184,344,0.5054
101,child0,child,106.4122,26.000,0.000,26.000,108.000,37.000,296.550,2.700,3406.000,21.053,41.033,900,2109,141.2,105.3,2.557,1.22,0.7773,0.6664,15.56,0.008623,13.38,5.786,17.84,1.402,14.98,0.2122,50.98,12.71,8.106,3.463,0.2023,1768,357.6,5.109,172.6,1.634,1.39,55.18,120,14.63,10.45,125.3,325.9,90,3.8,0.5247,172,51.98,235.4,792.4,337,62.87,0.03625,473.5,0.417,0.7475,0.9992,0.2863,0.957,0.07985,0.3321,0.4911,0.09576,447.7,825.9,63.9,0.4715,509,1.661,386.5,0.512
101,child1,child,139.7202,28.000,1.000,27.000,192.000,36.000,263.117,1.001,4268.000,25.093,50.533,982,2572,122.8,91.86,1.519,1.303,0.6298,0.6745,14.55,0.009427,10.75,6.211,18.65,1.627,10.5,0.1916,52.32,10.47,8.794,3.783,0.2,1676,279.4,6,107.3,2.327,1.582,50.21,114.6,14.11,8.241,125.4,376.8,85.11,5.056,0.4344,195.7,53.68,237.8,555.4,295.3,71.83,0.03444,577.8,0.4552,0.919,0.6802,0.3094,0.8828,0.08992,0.2958,0.6439,0.108,438.5,1004,64.96,0.4862,492.8,2.163,305,0.6126
101,child2,child,61.2052,14.000,0.000,14.000,98.000,10.000,191.133,-0.626,2802.000,21.580,51.267,900,2800,174.1,80.62,1.909,1.441,0.9442,0.6951,18.59,0.008484,13.02,8.708,21.01,1.515,12.6,0.2304,48.18,12.36,8.575,4.219,0.2,2000,342.1,3.904,153.4,2.195,1.191,42.96,89.08,14.59,9.386,110,371.3,86.75,4.445,0.5424,214.5,64.81,277.1,869.7,323.2,73.74,0.04431,508.2,0.4962,0.7603,0.9144,0.3746,0.907,0.1093,0.3471,0.5087,0.1037,386.3,809.5,65.44,0.4415,423,2.535,362.7,0.4989
101,child3,child,151.8170,37.000,1.000,36.000,154.000,36.000,292.450,2.601,3772.000,25.073,73.050,900,2800,169.7,78.87,1.998,1.087,0.7386,0.7429,16.87,0.00569,11.62,8.258,22.69,1.731,13.42,0.2146,49.43,10.62,9.743,3.993,0.2144,2000,266.7,4.641,118.8,2.488,1.427,43.86,114.5,13.43,9.019,151.4,314.1,90,3.63,0.4215,168.5,72.79,225.3,837.7,301.5,68.33,0.02979,522.5,0.5917,0.8639,0.805,0.2889,0.9683,0.08431,0.2996,0.6365,0.1017,448,908.1,57.55,0.3467,494.7,2.004,314.8,0.4609
101,child4,child,130.5898,34.000,0.000,34.000,157.000,5.000,-1.683,1.178,4258.000,24.120,64.733,900,2573,172.4,99.11,1.989,1.075,0.6069,0.8191,17.27,0.008532,12.31,8.08,22.79,1.881,13.29,0.2092,63.16,9.09,8.25,3.864,0.2,1787,306.7,5.135,176.5,2.073,1.433,40.55,120,15.6,7.003,167.1,295,89.45,4.488,0.4812,156.3,75.24,220.7,627.2,323.7,66.15,0.04438,549.5,0.4601,0.7321,0.7705,0.3122,0.9491,0.07556,0.2887,0.5154,0.107,513.3,1101,49.52,0.3544,436.1,2.056,346.2,0.507
101,child5,child,37.3169,13.000,0.000,13.000,59.000,-6.000,-50.633,1.883,2281.000,29.620,41.400,925,2241,154.7,85.56,1.884,1.57,0.7741,0.7038,17.92,0.006083,12.9,6.9,19.93,1.346,16.86,0.2204,67.94,11.27,10.42,3.985,0.2,1760,310.5,5.062,124.4,1.969,1.395,36.74,120,14.18,8.929,151.6,359.3,84.5,3.663,0.5351,180.5,78.5,209.1,616.1,286.8,54.11,0.03657,587.9,0.3621,0.8302,0.8935,0.3641,0.8633,0.09079,0.3339,0.5131,0.1329,398.5,1074,54.66,0.4699,605.8,2.202,372.4,0.4994
101,child6,child,63.0669,13.000,1.000,12.000,94.000,33.000,216.600,-2.162,2248.000,18.040,55.000,900,2554,123.5,102.2,1.692,1.136,0.8158,0.654,15.8,0.008025,13.72,8.656,20.11,1.776,14.03,0.2405,60.25,10.95,8.297,3.545,0.2,2000,273.2,4.431,151.4,1.985,1.255,40.69,99.31,12.31,8.423,130.3,288.2,82.92,4.182,0.3922,150,77.87,228.4,816.6,316.1,61.92,0.04232,452.9,0.4262,0.6663,0.8069,0.2931,0.9965,0.07762,0.333,0.4652,0.1212,403.1,995.4,57.9,0.4834,606.9,2.27,357.2,0.5296
101,child7,child,167.7000,34.000,0.000,34.000,212.000,17.000,139.683,0.435,3790.000,27.060,61.050,900,2800,156.2,85.67,1.852,1.439,0.7599,0.8079,14.04,0.006333,12.99,9.51,21.47,1.657,15.57,0.1892,46.01,10.99,8.712,3.396,0.2273,1542,381,6,133.8,2.248,1.19,52.44,120,13.58,7.339,117.7,355.8,90,3.517,0.5578,151.8,65.96,245,920,227.5,70.47,0.03786,582.5,0.3556,0.9644,0.9633,0.2923,0.8852,0.09604,0.327,0.4605,0.1032,374.8,1182,66.01,0.4028,613.9,2.447,344.6,0.4356
101,child8,child,-0.3917,2.000,0.000,2.000,23.000,2.000,37.783,-2.418,1322.000,6.267,39.917,900,2800,147.4,107.2,1.746,1.2,0.8811,0.6227,16.2,0.007046,14.89,6.228,21.13,1.45,14.43,0.2169,55.63,12.15,8.313,3.097,0.2098,2000,281.7,3.915,127.1,2.187,1.319,58.88,98.29,11.59,9.044,133.9,321.3,85.57,4.083,0.4708,183.3,74.06,201.8,663.4,281.3,60.31,0.03939,523,0.4886,0.7417,0.9221,0.326,0.995,0.09245,0.309,0.5644,0.08592,488.7,1007,55.97,0.4154,629.7,2.067,284.6,0.5342
101,child9,child,126.7657,27.000,0.000,27.000,156.000,16.000,165.683,-0.169,3007.000,20.767,65.167,937.8,2463,148.7,117.4,1.935,1.256,0.7373,0.6386,15.64,0.007985,13.23,6.637,22.86,1.774,15.03,0.1972,60.2,11.55,8.857,3.058,0.2,1665,281.6,5.37,145.6,1.881,1.311,44.67,110.6,13.25,10.48,140.4,330.3,90,4.652,0.5469,192.5,67.21,241.5,857.2,320.4,59.64,0.03285,600,0.4837,0.8861,0.9738,0.2439,1,0.07326,0.3377,0.4429,0.0836,439.7,1013,61.82,0.4654,504.9,1.911,400,0.5981
101,child10,child,79.6080,14.000,0.000,14.000,116.000,26.000,231.050,3.615,2530.000,17.973,49.233,1015,2314,157.6,78.92,1.864,1.286,0.6848,0.58,17.11,0.007466,13.96,6.656,20.83,1.198,15.67,0.2729,47.66,10.99,7.962,3.588,0.2,1628,283.9,6,120.5,2.597,1.319,43.52,120,14.01,8.555,153.4,317.9,90,3.456,0.4227,203.3,66.26,197.7,814.5,351.4,68.37,0.0328,547.8,0.5109,0.8837,0.7825,0.3327,1,0.07079,0.2752,0.5161,0.09357,384.7,1066,66.88,0.4995,538.1,2.749,400,0.4684
101,child11,child,25.1404,10.000,1.000,9.000,66.000,-10.000,-62.717,-1.236,2185.000,13.153,78.217,903.3,2800,122,109.5,1.937,1.237,0.7478,0.9648,17.99,0.008367,11.92,7.619,21.74,1.461,15.57,0.2446,48.66,12.77,7.204,4.344,0.2067,2000,383.2,5.533,127.1,1.817,1.377,40.68,108.5,12.58,9.392,124,328.8,90,4.166,0.5624,183.7,78.7,238.5,869.2,332.6,61.82,0.0354,515.5,0.3995,0.8343,0.9585,0.278,0.834,0.06481,0.3118,0.5505,0.1305,415,1200,64.91,0.3934,516.9,2.269,393.2,0.504
101,child12,child,156.8252,36.000,1.000,35.000,182.000,26.000,196.400,3.442,4249.000,26.140,49.200,900,2613,163.9,92.75,1.926,1.226,0.9397,0.607,15.16,0.008696,11.26,7.86,17.85,1.359,14.48,0.1985,64.62,11.26,8.142,3.454,0.2,1940,337.9,4.951,153.2,2.782,1.457,46.09,99.14,12.68,7.791,151.6,286.2,69,3.96,0.4261,163.6,71.34,202.9,779.4,260.3,71.46,0.0395,600,0.4234,0.8964,0.9324,0.2897,1,0.08416,0.3052,0.5917,0.09365,380.4,1200,66.31,0.4516,501,2.031,354.5,0.4542
101,child13,child,77.6226,20.000,0.000,20.000,78.000,18.000,247.917,3.480,2450.000,19.240,52.517,900,2800,172.5,75.92,1.829,1.395,0.6908,0.6447,17.74,0.008509,13.8,7.786,23.4,1.59,14.57,0.2524,64.48,12.39,10.58,4.124,0.2,2000,348.7,4.83,146.3,2.607,1.713,40.6,103,10.72,8.972,93.69,271.7,75.23,3.701,0.4509,194.8,69.05,242.9,759.8,358.3,62.76,0.03603,576.1,0.497,1,0.927,0.262,0.8152,0.07835,0.3192,0.5631,0.1057,351.2,917.6,52.95,0.5228,519.2,1.5,340.7,0.4971
101,child14,child,155.2258,33.000,0.000,33.000,150.000,30.000,226.733,1.812,2114.000,29.167,61.583,900,2571,182.7,96.43,1.921,1.165,0.8184,0.6411,18.02,0.006753,13.75,8.283,26.28,1.414,11.57,0.227,40.29,12.83,7.742,4.787,0.2176,2000,331.6,4.766,126.5,2.128,1.597,40.53,120,12.43,9.757,107,326.9,72.17,3.762,0.5044,197.3,70.64,204.6,905.1,296.7,72.09,0.03414,594.3,0.4508,0.8545,0.7948,0.2591,1,0.07583,0.2603,0.5633,0.1009,463.8,925.9,54.69,0.5142,536.4,1.911,285.8,0.5255
101,child15,child,113.2348,21.000,0.000,21.000,159.000,38.000,271.417,0.340,3543.000,22.267,48.067,900,2641,129.7,99.17,1.637,1.409,0.8872,0.6389,16.08,0.006772,13.02,6.44,21.55,1.923,13.63,0.2162,45.02,8.68,10.13,3.022,0.2121,1689,270.2,5.443,120.7,2.267,1.203,43.71,114.2,15.95,10.79,138.8,326.2,85.95,3.587,0.4463,159.1,64.66,169.6,820.1,317.3,53.06,0.03423,540.9,0.4485,0.8399,0.8146,0.3097,1,0.08963,0.3443,0.5628,0.09231,410,965.4,61,0.3737,516.5,2.342,367.2,0.4773
102,parent,parent,196.9517,39.000,1.000,38.000,248.000,38.000,323.033,0.637,4651.000,29.393,59.783,900,2788,148.3,99.11,1.897,1.308,0.7716,0.7175,16.63,0.007236,13.53,7.708,21.17,1.537,13.88,0.2073,56.52,10.65,8.891,3.635,0.2,1987,310.8,5.04,138.6,2.177,1.463,45.31,120,13.59,9.294,142.9,322.2,89.46,3.952,0.4825,168.9,68.91,214.9,736.2,308.2,64.64,0.03598,547.5,0.4537,0.8586,0.8685,0.2744,0.9123,0.085,0.3102,0.5348,0.1088,429.4,1050,60.05,0.4481,510.4,2.184,344,0.5054
102,child0,child,52.2232,14.000,2.000,12.000,77.000,32.000,449.917,-0.324,2724.000,28.680,74.050,928,2800,172.3,104.8,2.06,1.408,0.6764,0.763,14.9,0.007791,13.73,5.582,20.6,1.662,13.8,0.1836,48,9.993,8.853,3.597,0.2,2000,304,4.41,138.6,2.014,1.408,33.48,120,14.12,7.743,122.6,300,73.64,4.033,0.5067,167.2,70.75,186.8,793.6,275.2,63.32,0.04132,549.5,0.3543,0.7552,0.8165,0.2373,0.8307,0.06687,0.3303,0.5046,0.1049,453.6,1066,72.46,0.3967,469.6,2.403,315.5,0.4575
102,child1,child,90.9482,21.000,0.000,21.000,116.000,21.000,252.150,3.546,3082.000,20.660,81.817,1005,2575,141.7,81.48,2.101,1.285,0.7088,0.6659,15.92,0.007168,14.03,7.435,21.85,1.476,17.78,0.1792,55.26,13.7,6.768,3.478,0.2,1844,304,6,106.5,2.588,1.489,49.21,113.4,15.02,10.79,126.9,341.6,90,4.403,0.4938,150,69.31,210.8,621.2,282,65.69,0.03846,600,0.4685,0.8095,0.962,0.2416,0.8463,0.08827,0.3582,0.4882,0.102,479.1,958.1,76.87,0.3924,455.9,2.294,299.2,0.4597
102,child2,child,83.3917,19.000,0.000,19.000,109.000,12.000,190.050,2.701,2794.000,24.033,53.167,1061,2800,152.5,85.11,1.996,1.287,0.7855,0.7725,29,0.006648,17.92,6.33,22.2,1.529,13.78,0.2166,62.36,9.529,7.809,4.329,0.2,2000,316.7,5.504,113.8,2.029,1.382,30.7,120,13.08,10.84,139.2,278.6,84.61,4.274,0.5187,150,68.6,192.7,708,312.4,64.63,0.0354,512,0.4345,0.866,0.9475,0.2473,0.8511,0.08632,0.3542,0.5056,0.09917,489.5,744,55.48,0.4348,448.8,2.506,330,0.5471
102,child3,child,144.2616,29.000,0.000,29.000,186.000,24.000,181.633,0.088,3559.000,28.167,58.083,900,2785,165.9,104,2.296,1.568,0.6966,0.7021,21.82,0.006957,15.94,7.134,18.67,1.621,14.45,0.1878,69.2,12.96,8.456,3.206,0.2,1938,348,4.429,145.5,2.296,1.536,41.78,120,11.46,9.546,155.9,238.2,82.18,4.067,0.4878,158.1,75.25,226.7,833.3,301.3,50.27,0.03258,600,0.4848,0.87,0.8265,0.2525,0.7776,0.1063,0.2891,0.4034,0.1028,465.8,1074,73.25,0.4744,519.3,2.642,369.4,0.4751
102,child4,child,69.3072,21.000,1.000,20.000,91.000,-9.000,-212.033,1.301,2189.000,25.527,63.600,1097,2800,172.1,100.8,1.553,1.182,0.6995,0.7178,16.35,0.006536,15.35,7.701,20.69,1.673,14.36,0.2228,49.24,10.87,8.538,4.126,0.2,1847,345.2,5.106,107.7,2.44,1.663,45.6,120,10.79,8.199,112.7,324.3,75.71,3.57,0.6656,221.9,58.77,187.7,583.3,271.3,65.71,0.03382,572.9,0.4408,0.7814,0.6978,0.218,1,0.09593,0.4318,0.457,0.1162,498.7,1200,64.21,0.4516,498.1,2.012,321.8,0.5387
102,child5,child,-7.8782,1.000,1.000,0.000,24.000,5.000,28.833,-2.138,1416.000,8.327,53.933,1004,2800,138.5,99.65,1.943,1.526,0.7273,0.6345,18.91,0.00786,14.6,8.853,26.94,1.591,18.45,0.2027,58.54,10.43,9.052,4.237,0.2442,1874,323.1,5.598,159.1,2.267,1.469,46.73,94.41,14.34,8.732,125.6,289.4,90,3.892,0.6068,164.8,73.81,253,605.4,338.4,77.02,0.03715,506,0.5117,0.7578,0.8699,0.349,0.9185,0.07894,0.3492,0.5666,0.1299,354.6,1021,60.14,0.4997,562.6,2.329,304.5,0.4892
102,child6,child,60.5781,20.000,0.000,20.000,82.000,-17.000,-84.767,-0.190,2842.000,16.947,51.167,1030,2691,128.2,102.2,2.075,1.424,0.7438,0.5063,16,0.006869,12.2,7.245,28.47,1.793,17.77,0.1732,52.5,9.877,9.408,3.324,0.2,1750,322.5,4.767,145,2.49,1.386,35.78,111.8,11.78,9.49,140.4,339.2,90,3.588,0.5827,166.5,72.66,181.5,698,305.6,61.4,0.03622,432.7,0.4077,0.8445,0.8105,0.2687,0.9041,0.09139,0.2651,0.5278,0.1023,401.7,1112,51.29,0.4279,533.4,2.022,355.1,0.4803
102,child7,child,-4.1380,4.000,1.000,3.000,22.000,-3.000,-46.617,-2.977,1608.000,10.673,39.700,900,2450,125.6,112.5,1.583,1.196,0.6026,0.6233,15.05,0.006173,12.55,6.327,23.82,1.629,17.27,0.2171,72.94,10.52,9.653,3.93,0.2084,1721,277.4,4.651,137.9,2.52,1.162,46.53,97.9,18.35,9.155,171.9,316.4,90,3.619,0.5163,200.9,60.35,173.8,717,354.5,65.84,0.03266,535.1,0.4084,0.9811,0.8006,0.3232,0.9222,0.08911,0.3467,0.6144,0.1397,400,1074,65.06,0.4547,545,2.463,368.4,0.47
102,child8,child,7.0289,4.000,0.000,4.000,31.000,4.000,-1.467,-2.421,1511.000,9.513,39.700,900,2631,157.5,109.3,1.966,1.481,0.6805,0.8654,15.23,0.006719,12.02,6.828,22.36,1.462,13.06,0.2498,60.03,11.66,11.86,3.346,0.2251,2000,329.6,5.543,134.2,1.976,1.37,47.47,104.6,12.72,10.18,157.7,344.7,90,4.323,0.5419,191.2,64.06,217.7,723.4,273.2,67.41,0.03301,430.4,0.5467,0.8408,0.9906,0.3213,0.7,0.07311,0.3828,0.5204,0.09796,386.5,907.8,59.76,0.4796,534.4,1.795,304.7,0.4802
102,child9,child,31.6228,6.000,0.000,6.000,66.000,19.000,257.633,1.536,2126.000,21.427,56.950,1261,2375,179.4,87.67,2.701,1.405,0.6127,0.6434,18.43,0.007167,13.87,7.4,26.78,1.626,15.39,0.1804,61.1,10.73,9.441,4.33,0.2007,2000,254.8,5.352,153.3,2.531,1.255,38.11,120,12.15,9.697,143.5,327.8,81.83,3.857,0.4346,188.8,92.72,196.3,757.5,322.9,44.64,0.0349,600,0.4284,0.8868,0.8291,0.2385,0.807,0.07842,0.3327,0.6995,0.1309,412,1068,58.96,0.3647,580.9,2.71,314,0.4838
102,child10,child,131.4958,26.000,0.000,26.000,172.000,35.000,240.900,0.817,3797.000,23.807,43.800,1072,2800,131.2,104.6,1.833,1.116,0.7994,0.6373,17.57,0.007369,12.41,8.526,20.84,1.436,13.81,0.2271,47.65,9.802,8.929,3.018,0.202,1875,347.3,4.218,124.7,2.024,1.515,48.55,120,13.5,10.11,140.9,355.5,90,3.516,0.5329,193.5,68.49,164.1,741.8,285.2,61.67,0.03667,495.8,0.6109,0.8318,0.7993,0.2599,0.9307,0.09964,0.2843,0.5669,0.1161,374.1,1070,52.65,0.4162,510.1,2.069,303.3,0.5003
102,child11,child,-8.5822,1.000,0.000,1.000,14.000,-5.000,-19.900,-3.180,1096.000,5.660,40.683,949.4,2765,168.4,94.5,1.692,1.399,1.011,0.6486,15.4,0.008928,13.86,7.652,27.62,1.606,13.17,0.2044,52.64,8.376,8.276,3.113,0.2,1973,297.9,5.089,140.7,2.384,1.38,47.96,97.45,11.64,7.608,130.6,364.6,90,3.613,0.4782,150,57.58,265.1,566.4,338.8,101,0.04318,533.7,0.4838,0.847,0.8079,0.3383,1,0.1031,0.3522,0.6205,0.09933,465.4,1200,55.22,0.5009,477.6,2.059,395.9,0.5076
102,child12,child,132.1712,30.000,0.000,30.000,141.000,50.000,389.217,0.458,3701.000,24.653,68.667,901.5,2493,152.4,110.5,1.681,1.422,0.7373,0.7973,16.33,0.007843,11.66,8.711,21.22,1.463,16.86,0.1939,57.7,9.774,9.437,3.577,0.2541,1940,325.2,4.04,138.5,2.212,1.537,35.73,107.6,14.1,7.109,129.1,341,77.81,4.289,0.5044,176.9,58.97,236.1,805,378.7,66.65,0.03324,542.6,0.5278,0.8285,0.7805,0.3326,0.8805,0.0749,0.2796,0.5393,0.09999,412.7,966.4,66.32,0.4311,473.7,1.867,358.5,0.564
102,child13,child,128.5877,26.000,0.000,26.000,177.000,9.000,129.600,0.705,3336.000,23.433,69.533,955.8,2688,148.4,103.1,1.923,1.385,0.7003,0.7422,18.83,0.008248,12,5.716,16.91,2.191,14.68,0.2012,60.51,10.57,11.37,4.024,0.2,2000,316.8,5.642,145,2.373,1.263,42.48,120,12.93,9.219,119.2,297.9,85.28,4.21,0.4791,189.6,52.98,200,736.1,297.6,56.22,0.02906,530.6,0.4163,0.809,0.725,0.3016,0.9132,0.0973,0.3106,0.5675,0.1208,383.7,1173,55.48,0.4056,414.6,2.376,374.8,0.5545
102,child14,child,104.4861,24.000,0.000,24.000,126.000,22.000,158.250,3.930,3329.000,19.273,48.267,1089,2800,190.2,75.63,2.13,1.34,0.7662,0.6325,16.58,0.007581,13.13,8.29,21.97,1.687,13.91,0.2326,50.61,10.79,7.903,4.129,0.2041,2000,321.6,5.61,123.1,1.995,1.5,46.03,120,11.4,9.704,143.3,309,90,3.182,0.5548,235.3,64.52,216.9,731.5,359.6,65.69,0.0392,558.8,0.4933,0.8145,0.85,0.2519,0.9371,0.09248,0.3402,0.6362,0.1057,405.4,921.9,77.19,0.4743,488.4,2.014,298.7,0.5181
102,child15,child,193.9620,37.000,1.000,36.000,251.000,35.000,325.533,0.271,4531.000,29.093,49.650,1050,2800,194.8,90.1,1.974,1.13,0.8953,0.8158,17.72,0.006365,12.25,9.015,23.13,1.33,14.76,0.194,46.85,10.93,8.142,2.855,0.2,1828,363.6,5.575,181.6,2.054,1.38,51.7,120,16.94,11.7,152.5,343.9,90,4.095,0.5056,158.4,69.24,208.9,729.2,276.7,67.21,0.03291,451.8,0.4248,0.8883,0.8246,0.2889,0.9464,0.07157,0.2916,0.514,0.1021,358.6,1051,54.17,0.4549,464.1,2.539,282.6,0.4371
103,parent,parent,184.0131,38.000,0.000,38.000,218.000,34.000,189.883,1.248,4353.000,26.000,40.783,900,2788,148.3,99.11,1.897,1.308,0.7716,0.7175,16.63,0.007236,13.53,7.708,21.17,1.537,13.88,0.2073,56.52,10.65,8.891,3.635,0.2,1987,310.8,5.04,138.6,2.177,1.463,45.31,120,13.59,9.294,142.9,322.2,89.46,3.952,0.4825,168.9,68.91,214.9,736.2,308.2,64.64,0.03598,547.5,0.4537,0.8586,0.8685,0.2744,0.9123,0.085,0.3102,0.5348,0.1088,429.4,1050,60.05,0.4481,510.4,2.184,344,0.5054
103,child0,child,74.7096,19.000,0.000,19.000,110.000,8.000,36.183,1.454,3170.000,20.393,66.017,900,2528,142,91.97,1.864,1.201,0.8618,0.6508,15.99,0.008963,14.66,7.797,22.77,1.545,12.81,0.1406,43.36,10.41,8.767,4.168,0.2,2000,373.2,5.455,146.3,2.259,1.526,39.05,114.5,12.61,8.94,153.7,345.1,90,4.954,0.3956,151.8,82.66,201.9,856.5,259.2,61.81,0.04124,582.5,0.4955,0.8307,0.8916,0.3188,1,0.1014,0.2773,0.519,0.1168,474.9,1068,52.59,0.5019,557.8,2.167,367.8,0.5462
103,child1,child,194.1203,41.000,1.000,40.000,233.000,20.000,187.300,1.047,4236.000,28.907,53.983,1193,2800,130.3,106.5,2.865,1.339,0.8328,0.8992,15.24,0.006466,14.14,8.024,24.81,1.636,13,0.19,53.98,11.47,8.24,3.882,0.2152,2000,338,5.334,148.9,2.867,1.532,46.05,120,12.44,9.714,154.4,273.9,87,4.134,0.4816,186.1,80.65,217.2,700.4,303.8,72.44,0.03924,600,0.4479,0.8804,0.8146,0.3142,0.8198,0.1058,0.3012,0.4933,0.1048,452.9,975,54.84,0.4414,545.7,2.342,373.1,0.5208
103,child2,child,-12.4912,0.000,0.000,0.000,21.000,-9.000,-79.217,-2.293,1343.000,8.653,41.650,900,2735,151.7,100.3,1.737,1.231,0.7664,0.5921,18.21,0.007795,12.65,7.964,24.03,1.256,13.91,0.2016,56.95,10.1,10.11,3.193,0.2,1883,309.9,5.148,150.5,2.367,1.979,50.27,98.71,15.36,8.647,104.9,321.9,90,3.94,0.4631,179.4,67.08,189.1,667.7,344.7,72.99,0.0359,480.1,0.5505,0.8507,0.7328,0.2761,0.9151,0.1058,0.3187,0.5704,0.1164,427.9,1152,65.46,0.39,512.2,2.562,355.7,0.4844
103,child3,child,-7.9821,3.000,0.000,3.000,11.000,-6.000,14.533,-2.723,1489.000,10.980,42.233,937.6,2619,138.8,97.26,2.04,1.281,0.7761,0.6452,16.25,0.00738,12.01,8.775,25.24,1.906,15.73,0.1965,56.09,11.08,9.218,3.949,0.2,2000,354.6,5.36,134.7,1.947,1.243,37.98,91.43,13.48,9.245,144.2,334.9,85.01,4.353,0.492,150,64.66,247.1,746.5,319.7,68.72,0.03321,575.9,0.5012,0.8671,0.6714,0.3062,0.9081,0.07165,0.3987,0.5419,0.1131,510.3,893.5,58.52,0.444,601.4,2.699,320.9,0.3492
103,child4,child,148.3279,36.000,0.000,36.000,152.000,19.000,251.000,2.300,3721.000,22.007,62.317,952.2,2800,169.2,85.45,1.697,1.225,0.7823,0.6899,16.01,0.008039,10.71,8.121,22.78,1.731,13.43,0.1922,55.83,10.91,8.224,3.379,0.2045,2000,326.6,3.34,132.7,2.747,1.62,50.6,112.8,13.71,9.536,129.6,315.5,83.46,4.473,0.4379,150,76.15,203.2,595.7,328.1,62.69,0.03944,530.2,0.5086,0.9121,0.746,0.3005,0.8984,0.09049,0.3508,0.5349,0.1361,557.2,1200,49.21,0.4889,532.6,2.144,263,0.4156
103,child5,child,113.0166,26.000,0.000,26.000,139.000,18.000,244.267,3.690,3478.000,23.787,76.550,1006,2800,186.6,92.81,2.151,1.218,0.6846,0.7583,18.82,0.007253,12.86,7.657,22.62,1.618,13.31,0.1838,69.22,10.95,8.872,3.378,0.2,2000,249.9,4.406,177.6,2.214,1.277,53.31,117.4,12.14,9.201,150.4,323.8,90,3.953,0.4563,174.1,66.69,158.2,730.9,355.7,55.85,0.04295,543.3,0.4558,0.9196,0.7409,0.3281,0.9775,0.08077,0.345,0.4803,0.09366,421.2,945.5,51.21,0.4488,518.8,2.284,368.9,0.4023
103,child6,child,117.3959,26.000,0.000,26.000,139.000,40.000,156.500,1.774,3364.000,21.147,63.667,1114,2800,141.9,92.69,1.833,1.022,0.6884,0.6472,16.65,0.006007,13.16,8.553,18.42,1.467,12.5,0.1829,51.1,8.752,6.975,3.411,0.2154,1975,302.9,5.712,115.8,2.132,1.594,42.89,111.1,12,8.918,157.5,392.6,85.49,3.721,0.5443,157.6,80.98,212.3,772.1,306.5,68.78,0.04082,589.9,0.3939,0.8483,0.8131,0.3359,0.9265,0.07859,0.2301,0.4943,0.09331,435.6,1044,73.42,0.4689,629.6,2.213,312.2,0.4365
103,child7,child,103.4379,24.000,1.000,23.000,165.000,-5.000,52.050,0.762,4104.000,22.827,51.617,955.7,2644,144.1,102.6,1.879,1.259,0.6463,0.7114,17.99,0.006772,13.98,6.174,24.42,1.662,15.36,0.2158,48.12,12.34,9.991,3.223,0.2,1918,374.1,5.498,145.3,2.019,1.683,48.92,120,11.84,9.977,127.5,326.7,90,4.071,0.4849,177.2,64.57,233.5,738,330.4,55.45,0.03563,583.6,0.4775,0.9313,1,0.2674,0.9266,0.09863,0.2697,0.4865,0.146,454.3,798.7,60.38,0.4412,447,2.282,327.4,0.5115
103,child8,child,114.0437,23.000,0.000,23.000,153.000,20.000,163.750,0.175,3155.000,22.320,50.367,900,2706,131.6,109.1,1.603,1.333,0.9403,0.6123,16.95,0.00678,16.58,6.124,23.21,1.687,15.87,0.1849,58.53,7.42,9.998,3.605,0.2,1771,364.1,4.399,149.9,2.272,1.366,45.16,120,14.23,10.12,140.7,337.5,87.53,3.871,0.4668,222.6,66.06,208.2,700.3,263.8,80.99,0.03842,600,0.4402,0.6985,1,0.2342,0.7905,0.08658,0.2834,0.5614,0.09135,362.4,1015,65.53,0.4992,556.6,2.437,400,0.4887
103,child9,child,-44.8281,1.000,1.000,0.000,-23.000,-12.000,-286.700,-1.672,1735.000,13.467,56.617,924.4,2800,168.3,95.32,1.843,1.338,0.8563,0.9114,16.63,0.007525,15.68,10.77,19.82,1.667,12.97,0.2001,60.41,10.02,7.891,3.834,0.2,1720,302.3,4.697,156.3,2.256,1.564,44.41,85.81,10.28,9.927,121.8,316.7,90,3.694,0.6369,154.3,69.19,185.2,694.7,313.8,59.69,0.03272,600,0.4776,1,1,0.25,0.8543,0.09326,0.3605,0.5711,0.1087,407.6,1183,66.05,0.4544,481.3,2.555,345,0.5216
103,child10,child,87.4360,14.000,0.000,14.000,144.000,28.000,172.683,0.840,2712.000,18.327,70.850,1013,2800,118.5,96.65,2.387,1.06,0.8269,0.5747,15.82,0.007733,13.88,7.438,15.18,1.705,12.25,0.2771,43.09,12.1,8.55,4.039,0.2209,2000,283.5,4.525,183.3,2.159,1.821,38.6,114,13.88,9.899,145.4,282.1,90,3.526,0.5415,186.3,75.91,193.2,778.7,355.7,66.01,0.03027,563.1,0.38,0.8049,0.8908,0.3753,0.9203,0.08728,0.332,0.6369,0.08524,467.1,1081,75.49,0.5937,440.9,2.558,275.8,0.4098
103,child11,child,107.3067,19.000,0.000,19.000,152.000,7.000,-44.417,1.969,1987.000,23.360,49.833,900,2356,157.7,93.87,2.251,1.419,0.5204,0.585,20.54,0.008372,16.91,9.143,19.56,1.873,15.94,0.2226,60.08,10.64,7.674,3.241,0.2,1968,363.3,5.094,124.5,2.544,1.271,42.16,120,13.08,8.433,152.8,346.3,78.42,3.561,0.4452,150,79.04,202.7,610.6,293.1,52.84,0.03582,600,0.4143,0.8465,0.8141,0.2498,0.9171,0.07061,0.3333,0.5164,0.1182,435.1,990,50.71,0.3757,500.8,2.037,345.4,0.4529
103,child12,child,175.8592,40.000,0.000,40.000,189.000,26.000,186.367,1.878,4171.000,24.720,43.250,900.6,2658,143.1,95.38,2.102,1.319,0.8427,0.7791,15.07,0.007744,11.74,8.885,19.83,1.546,18.62,0.1974,55.28,13.31,8.416,3.516,0.208,1782,307.2,4.703,113.1,1.75,1.352,49.1,113.8,17.09,8.758,144.5,312.1,84.97,4.189,0.4749,200.8,62.47,212.7,830.7,334.6,93.6,0.03597,557.5,0.3864,0.7907,0.8541,0.2854,0.8365,0.08509,0.3465,0.5762,0.09935,392,939.2,62.96,0.454,499.8,1.992,317.9,0.5243
103,child13,child,80.5342,15.000,0.000,15.000,136.000,10.000,111.883,1.894,2917.000,21.107,63.700,918.6,2652,140.2,91.02,2.263,1.351,0.6989,0.6583,15.89,0.007247,15.45,9.915,29.32,1.529,11.84,0.2375,59.91,9.905,9.86,3.605,0.227,2000,361.8,5.414,129.6,1.71,1.69,51.73,115.9,12.29,9.768,189.8,348.9,82.55,3.452,0.5159,158.8,66.33,217.2,710.3,299.8,69.33,0.04415,579.7,0.4702,0.9088,0.9134,0.2949,0.8499,0.07853,0.3634,0.5239,0.1148,455.4,1081,61.79,0.4318,567.4,2.238,317.2,0.6668
103,child14,child,127.4370,28.000,1.000,27.000,169.000,25.000,146.233,0.902,3770.000,23.220,64.167,999.3,2427,134.5,94.49,2.136,1.257,0.6864,0.7831,16.5,0.006624,13.14,6.314,18.01,1.959,14.59,0.2183,57.33,11.2,8.699,3.905,0.2,2000,281.7,5.515,167.1,2.141,1.896,45.14,112.7,16.39,9.863,122.5,312,90,3.874,0.4487,160,70.7,208,753.3,287.7,77.32,0.03573,600,0.467,1,1,0.2864,0.8787,0.0654,0.3172,0.575,0.1266,444.7,1023,56.19,0.3534,444.5,2.49,313.2,0.4684
103,child15,child,114.2744,25.000,0.000,25.000,145.000,16.000,212.667,2.368,3436.000,25.893,49.133,900,2490,148,79.67,1.955,1.458,0.6984,0.7086,16.65,0.006718,13.21,8.279,21.29,1.449,12.96,0.2235,56.33,10.72,8.923,3.181,0.2395,2000,342.7,4.848,132.8,2.121,1.523,43.04,120,11.85,9.693,120.1,423.1,90,3.615,0.5481,150,80.32,239.5,649,286.8,66.55,0.03429,600,0.417,0.7866,0.7926,0.2765,0.8819,0.08351,0.3574,0.5593,0.1016,326.7,923.6,70.77,0.5799,434.7,2.523,353.8,0.4384
104,parent,parent,156.3389,33.000,1.000,32.000,202.000,16.000,164.450,0.381,3869.000,29.973,56.533,1193,2800,130.3,106.5,2.865,1.339,0.8328,0.8992,15.24,0.006466,14.14,8.024,24.81,1.636,13,0.19,53.98,11.47,8.24,3.882,0.2152,2000,338,5.334,148.9,2.867,1.532,46.05,120,12.44,9.714,154.4,273.9,87,4.134,0.4816,186.1,80.65,217.2,700.4,303.8,72.44,0.03924,600,0.4479,0.8804,0.8146,0.3142,0.8198,0.1058,0.3012,0.4933,0.1048,452.9,975,54.84,0.4414,545.7,2.342,373.1,0.5208
104,child0,child,116.8094,29.000,2.000,27.000,139.000,25.000,67.650,1.872,3189.000,25.880,65.017,1165,2800,122.5,105.5,3.016,1.365,0.7383,0.88,14.41,0.006845,14.59,7.185,27.43,1.848,10.93,0.2067,69.98,12.1,7.089,3.81,0.2253,2000,349.3,5.386,123.1,2.251,1.942,36.69,120,11.18,9.148,141.6,304.3,88.75,3.927,0.5388,167.6,75.53,204.6,692.3,267.9,75.49,0.05168,600,0.3984,1,0.9504,0.2717,0.7,0.1038,0.2938,0.5077,0.1127,455.5,1133,55.26,0.3969,476.6,2.232,367.2,0.4153
104,child1,child,70.4192,17.000,0.000,17.000,93.000,15.000,129.233,-1.342,2371.000,17.493,65.350,1085,2511,119.5,90.11,3.223,1.412,0.9106,0.8744,17.83,0.0053,13.41,9.272,23.11,1.439,10.77,0.236,46.3,11.87,7.687,3.214,0.2355,1864,327.4,5.584,141.3,2.446,1.83,44.01,107,10.9,10.75,147.8,235.2,88.82,3.645,0.4686,179.6,81.5,212.8,750.8,250.1,64.67,0.04388,562.8,0.4964,0.8222,0.8213,0.3158,0.92,0.1059,0.2853,0.5193,0.1205,519.1,958.3,77.41,0.4483,486.3,2.427,400,0.5482
104,child2,child,126.8790,23.000,0.000,23.000,152.000,22.000,164.567,0.864,1913.000,24.893,46.250,1165,2800,116.6,101.9,2.763,1.398,0.8062,0.9607,15.99,0.00626,15.07,8.474,27.08,1.394,12.85,0.1578,60.34,12.19,9.05,4.08,0.2094,2000,280.1,4.28,148.4,3,1.259,49.78,120,13.4,10.27,187.2,240.6,74.89,4.026,0.4811,172.2,87.6,193,760.3,266.8,74.66,0.0418,600,0.4217,0.7856,0.8571,0.3807,0.9367,0.1049,0.277,0.4904,0.1059,417.3,797.9,50.11,0.4155,579.3,2.111,378.1,0.6242
104,child3,child,188.7450,43.000,1.000,42.000,198.000,49.000,215.967,0.811,4183.000,27.913,61.583,995.9,2800,145.1,120,2.909,1.372,0.9399,0.8676,13.17,0.006173,12.44,8.121,27.01,1.392,12.2,0.1746,53.35,10.48,7.377,4.632,0.2176,2000,392.4,5.177,139.8,2.796,1.575,50.09,120,12.8,8.907,136,224.8,90,4.476,0.4371,209,78.22,219.1,746,339.4,72.04,0.02837,600,0.4198,0.7891,0.7953,0.2685,0.7253,0.09327,0.3825,0.5224,0.09553,402,1138,54.76,0.5148,564.6,1.943,370.5,0.4494
104,child4,child,-7.9140,1.000,0.000,1.000,19.000,-5.000,-48.150,-3.169,1231.000,6.533,39.033,1193,2800,142.5,118.3,3.265,1.326,0.8411,0.7107,15.99,0.007272,16.08,8.711,23.53,2.015,12.38,0.1517,48.17,11.43,8.808,4.219,0.2483,2000,255.4,5.185,139.6,2.663,1.433,56.33,96.46,14.4,9.085,144.4,271.5,82.42,3.767,0.3812,191.3,72.28,226,694.7,273.5,81.67,0.04073,600,0.4216,1,1,0.3172,0.7589,0.1144,0.3289,0.5941,0.09606,481.8,840.3,53.64,0.3819,534,2.543,319.6,0.51
104,child5,child,172.9612,33.000,1.000,32.000,226.000,35.000,209.700,0.686,4027.000,25.773,47.283,1008,2800,119.7,120,2.816,1.335,0.8725,0.9822,19.62,0.006823,12.55,8.209,25.94,1.644,12.65,0.2025,44.18,10.23,6.777,3.369,0.2517,1879,329.4,5.152,151.3,3,1.499,45.88,118.4,13.35,6.901,122.4,349,88.15,3.57,0.3791,188.6,88.65,202.3,697.1,323.8,85.5,0.03699,526.2,0.4362,0.8401,0.6738,0.3201,0.706,0.1366,0.3521,0.5084,0.09541,439.1,944.4,54.49,0.4196,588.2,2.359,400,0.5821
104,child6,child,192.2113,44.000,1.000,43.000,207.000,38.000,192.500,1.209,4398.000,26.700,56.933,1168,2800,112.1,120,2.52,1.195,0.6483,0.7612,13.93,0.005,14.42,7.536,26.32,1.425,10.84,0.1892,59.97,11.54,7.436,4.06,0.2,1918,366.8,5.112,135.3,2.516,1.48,48.67,120,14.7,9.762,165.2,256.9,89.09,3.418,0.4992,184.6,67.18,203.9,689.5,372.1,71.96,0.04276,600,0.494,0.8014,0.7723,0.3392,0.8806,0.09517,0.24,0.3932,0.08552,533.9,940.9,55.38,0.4089,445.3,1.697,366.8,0.5498
104,child7,child,164.4332,35.000,2.000,33.000,204.000,33.000,210.433,-0.073,3882.000,25.507,59.683,1243,2698,122.2,101,3.387,1.36,0.8056,0.8887,15.36,0.00662,12.9,8.08,22.74,1.687,11.83,0.2188,52.4,12.41,8.615,3.854,0.2,1943,399.3,4.857,169.2,2.857,1.479,47.48,120,12.94,8.995,154.6,244,90,4.79,0.4932,211.9,73.6,204.8,688.8,313.3,58.18,0.04903,600,0.4636,0.8553,0.8524,0.2943,0.9678,0.106,0.2854,0.4542,0.08954,391.6,1012,54.6,0.4953,569,2.681,395.6,0.6099
104,child8,child,158.8173,38.000,3.000,35.000,200.000,26.000,121.983,0.847,4433.000,27.993,71.167,986.7,2800,133.1,120,2.33,1.442,0.6964,0.7566,13.55,0.006574,12.64,8.583,20.3,1.461,11.58,0.1893,52.97,9.926,7.972,2.989,0.2288,2000,370.6,6,159.8,2.761,1.438,39.07,120,13.84,8.307,141.9,265.8,86.27,4.447,0.5533,150,74.06,239.5,671.4,301.8,76.07,0.03818,408.5,0.3641,0.8806,0.8424,0.3199,0.8378,0.09602,0.2619,0.5466,0.1033,524.9,993.6,57.38,0.3364,596.8,2.512,340.3,0.5309
104,child9,child,161.0583,31.000,0.000,31.000,220.000,17.000,256.817,1.322,4025.000,25.107,83.783,1324,2800,127,116.9,3.514,1.242,0.8719,0.6976,18.95,0.006112,13.41,8.908,27.32,1.488,13.38,0.2169,48.6,12.13,8.252,3.263,0.2039,1697,350.1,6,137.3,3,1.586,38.95,108,11.84,8.805,152.6,269,76.88,4.437,0.4691,176.9,90.78,219.4,819.8,348.6,88.5,0.0404,527.6,0.4309,0.9556,0.8874,0.3524,0.8154,0.116,0.2797,0.5164,0.1059,421.3,1009,53.49,0.5872,711.3,2.394,394,0.5264
104,child10,child,174.6784,39.000,0.000,39.000,189.000,29.000,180.000,0.382,3838.000,24.807,55.517,1394,2646,118,104.9,2.983,1.332,1.164,0.9318,13.13,0.0064,13.15,8.987,30.52,1.475,14.39,0.1934,51.67,10.59,7.586,3.385,0.2117,1676,399.6,5.338,160.1,3,1.497,48.73,120,10.13,10.81,129.9,265.4,90,4.376,0.6074,163.9,77.26,191.7,676.3,330.6,86.42,0.04026,600,0.4934,0.8439,0.7694,0.3452,0.9422,0.09717,0.3012,0.3739,0.1308,425.9,874,55.54,0.4766,550.3,2.514,362.1,0.5322
104,child11,child,172.8870,39.000,1.000,38.000,203.000,18.000,90.700,0.842,4082.000,29.713,46.567,900,2800,149.8,105.4,3.138,1.314,0.7614,0.9589,17.19,0.00738,13.94,7.995,20.38,1.706,12.23,0.1715,53.04,10.25,8.284,4.198,0.2174,2000,288.4,5.639,127.9,2.901,1.372,51.18,120,12.49,7.5,176.8,323.1,89.64,3.661,0.5035,227.5,69.01,217.6,622.4,293.7,75.38,0.03361,575.2,0.5235,0.9487,0.796,0.2804,0.7835,0.08148,0.3273,0.557,0.1127,382.6,911.7,59.2,0.5791,577.4,2.261,340.8,0.6199
104,child12,child,43.4393,7.000,0.000,7.000,83.000,8.000,140.667,-1.990,1674.000,11.040,46.350,1253,2800,106.2,91.75,2.866,1.131,0.8703,0.893,17.79,0.007426,13.79,7.603,25.78,1.651,14.57,0.1931,55.25,10.67,8.918,3.666,0.2,1883,345,4.746,165.1,2.358,1.586,34.33,110.3,11.69,11.18,156.3,278.5,90,3.172,0.5348,191.8,80.61,213.3,704.6,307.5,77.7,0.03131,549.9,0.3876,1,0.7854,0.3217,0.7233,0.1062,0.2895,0.4803,0.09845,473.4,746.8,43.48,0.4618,572,2.322,400,0.5434
104,child13,child,72.5518,23.000,1.000,22.000,94.000,0.000,122.717,0.162,3518.000,31.320,46.717,1372,2800,113.1,120,2.796,1.174,0.7148,1.223,15.05,0.006618,17.63,7.735,20.36,1.623,13.81,0.2662,49.89,10.91,10.03,4.069,0.2295,2000,326.1,5.487,129.9,2.495,1.519,44.41,119.4,13.37,10.81,123.6,192.7,77.63,4.114,0.4845,205.7,99.97,223.9,737.7,302.2,64.58,0.03262,597.7,0.4066,0.9393,0.9859,0.2739,0.886,0.09458,0.2882,0.4176,0.09488,469.3,969.3,39.19,0.3989,576.1,2.381,400,0.4329
104,child14,child,128.6162,33.000,1.000,32.000,139.000,28.000,149.833,0.604,3745.000,31.127,52.200,1174,2800,138.9,95.22,2.843,1.296,0.8338,0.8698,12.33,0.00725,13.37,10.64,21.77,2.081,12,0.2008,59.4,11.44,8.83,3.927,0.252,1733,331.6,5.827,140.6,3,1.576,38.21,120,12.01,9.225,140.8,306.3,81.55,3.948,0.4464,182,94.02,196.6,667.3,355.2,76.83,0.04536,600,0.584,0.8495,0.8738,0.3049,0.8398,0.0996,0.2933,0.5372,0.1091,433.6,1147,48.69,0.4924,559.2,1.894,360.8,0.5847
104,child15,child,78.2886,20.000,2.000,18.000,107.000,14.000,172.100,0.251,2774.000,24.140,54.250,1047,2365,124,117.9,3.031,1.165,0.8069,0.9337,15.29,0.00622,14.15,9.311,26.83,1.78,14.67,0.1783,68.21,12.11,7.922,4.715,0.2,1915,283.5,4.175,153.7,2.191,1.598,43.36,111.5,13.03,8.928,186.8,273.6,74.58,3.304,0.4724,162.4,88.01,268.7,724,384.7,70.15,0.03356,600,0.4336,0.7424,0.9041,0.3055,0.8745,0.1171,0.2577,0.4792,0.09982,370.4,919.8,47.57,0.4307,624.6,2.323,353,0.5579
105,parent,parent,199.5396,44.000,1.000,43.000,219.000,43.000,296.183,0.722,4560.000,26.433,56.017,1168,2800,112.1,120,2.52,1.195,0.6483,0.7612,13.93,0.005,14.42,7.536,26.32,1.425,10.84,0.1892,59.97,11.54,7.436,4.06,0.2,1918,366.8,5.112,135.3,2.516,1.48,48.67,120,14.7,9.762,165.2,256.9,89.09,3.418,0.4992,184.6,67.18,203.9,689.5,372.1,71.96,0.04276,600,0.494,0.8014,0.7723,0.3392,0.8806,0.09517,0.24,0.3932,0.08552,533.9,940.9,55.38,0.4089,445.3,1.697,366.8,0.5498
105,child0,child,151.3594,34.000,1.000,33.000,173.000,27.000,271.517,-0.232,3700.000,22.713,55.833,1138,2580,110.2,120,2.53,1.612,0.8071,0.8161,14.6,0.005311,15.18,7.407,30.07,1.528,11.11,0.1777,46.44,12.49,7.836,4.45,0.2,1804,444.3,5.072,122.9,2.589,1.552,49.38,114.4,15.92,10.17,139.3,239.2,90,3.476,0.439,207.5,65.03,183.8,650.9,336.4,76.03,0.04921,600,0.4683,0.853,0.9616,0.4846,0.9741,0.1044,0.2523,0.4198,0.08834,512.1,912.2,50.94,0.3804,440.3,1.686,303,0.4683
105,child1,child,-5.8473,2.000,0.000,2.000,14.000,-1.000,97.333,-2.161,1421.000,6.567,46.467,1060,2505,101.3,117,2.428,1.115,0.7523,0.7972,13.87,0.005683,12.41,6.023,29.22,1.613,9.969,0.1952,63.09,12,7.177,3.006,0.2,1874,277.9,5.489,170.8,2.612,1.551,42.48,81.62,16.08,12.31,218.1,294.9,79.31,4.055,0.5186,171.3,83.55,149,636.3,401,75.48,0.04666,600,0.5419,0.7985,0.8371,0.4201,0.7327,0.0961,0.2607,0.3949,0.0725,502.5,928.9,55.09,0.3308,403.2,1.72,347.9,0.4336
105,child2,child,177.1928,34.000,0.000,34.000,211.000,47.000,371.617,-0.152,3904.000,31.600,48.633,1207,2800,112,116.4,2.195,1.364,0.6528,0.6806,11.75,0.005927,17.37,8.277,21.76,1.654,11.38,0.1679,60.87,9.707,7.671,4.236,0.2,2000,381.6,5.328,133.1,2.662,1.595,46.32,120,15.01,8.804,171.4,252.3,85.39,3.444,0.4568,231.8,71.33,233.4,741.5,363.1,71.99,0.04205,566.5,0.503,0.7728,0.6428,0.3098,0.8312,0.07904,0.2352,0.38,0.07863,522.2,830.2,59.17,0.4924,464.9,2.053,400,0.4715
105,child3,child,137.4230,33.000,0.000,33.000,159.000,16.000,142.617,0.683,3812.000,27.907,65.600,1134,2800,104.8,100.1,2.382,1.261,0.6569,0.7655,12.74,0.005383,15.27,7.58,25.9,1.61,9.7,0.181,58.88,10.9,6.557,4.086,0.2099,1827,323.9,6,161.1,2.69,1.145,47.95,120,15.94,11.55,188.1,329.2,79.87,3.943,0.5336,184.8,64.78,192.3,779.3,328,59.18,0.04508,600,0.418,0.8608,0.8123,0.333,0.8894,0.1176,0.2353,0.4359,0.08176,600.2,888.6,56.74,0.4207,447.5,1.5,400,0.5877
105,child4,child,55.3589,20.000,0.000,20.000,55.000,-4.000,-17.983,0.849,2508.000,14.860,48.400,1054,2800,122.1,120,3.049,1.115,0.6222,0.8804,11.73,0.005688,11.08,7.232,27.73,1.387,10.61,0.1838,80,12.32,5.66,4.666,0.2065,2000,379.7,6,137.4,2.794,1.505,46.06,102.8,11.9,10.47,153.1,255.7,85.96,4.415,0.4878,208.1,69.18,238.6,732.4,443,77.37,0.04416,558,0.4368,0.8528,0.6558,0.3171,0.9029,0.09153,0.2569,0.4044,0.07113,561.7,1119,68.65,0.3892,379.9,1.5,371.9,0.4482
105,child5,child,-1.6172,3.000,0.000,3.000,28.000,2.000,-17.683,-1.750,1860.000,8.620,43.267,1095,2644,95.29,117.2,2.757,1.002,0.7839,0.875,13.51,0.005399,16.43,6.93,33.85,1.439,10.82,0.1791,65.9,14.81,7.635,2.993,0.2048,1804,342.1,6,128.8,2.854,1.777,43.65,102.7,12.64,11.29,193.2,264.7,90,3.21,0.5976,217.2,62.07,188.3,641.3,377.7,62.63,0.05098,575.4,0.4277,0.7165,0.8787,0.355,0.7385,0.1015,0.2748,0.4425,0.09276,445.7,1096,65.65,0.3508,422,1.662,386.8,0.4732
105,child6,child,58.0274,16.000,1.000,15.000,74.000,29.000,300.283,0.332,2825.000,16.673,60.267,1072,2800,104,112.7,2.668,1.202,0.5919,0.8542,16.77,0.006104,16.47,8.529,29.18,1.234,12.85,0.2141,54.66,11.52,7.594,4.328,0.228,1736,391.7,5.377,143.7,2.393,1.622,53.92,112.3,14.13,9.3,151.2,291.4,90,3.175,0.5782,210.5,60.23,204.3,728.5,356.4,58.83,0.04798,600,0.53,0.7854,0.711,0.3487,0.8579,0.08221,0.2309,0.4078,0.09873,493.5,1003,68.6,0.4127,461,1.57,277.5,0.4645
105,child7,child,196.1046,40.000,0.000,40.000,216.000,52.000,330.883,-0.097,4010.000,26.280,61.367,1378,2800,121.7,120,2.201,1.002,0.5782,0.8617,16.39,0.005173,12.05,6.879,27.69,1.336,12.91,0.1891,69.99,10.16,8.655,3.96,0.2,1756,366.2,5.903,127.6,2.925,1.674,51.14,120,16.17,9.862,187.5,250.5,90,3.16,0.3611,198.4,67.6,213.5,816.4,340.3,76.78,0.03695,562.5,0.664,0.6353,0.9831,0.3057,0.7576,0.1001,0.2269,0.3384,0.09825,458.9,1031,55.07,0.3864,359.2,1.5,398.1,0.5847
105,child8,child,120.0064,30.000,1.000,29.000,132.000,16.000,208.367,0.706,3215.000,21.253,64.383,1656,2420,109.7,120,2.995,1.088,0.7706,0.8358,12.82,0.006157,16.68,6.393,28.78,1.426,10.16,0.1658,57.62,13.68,6.883,4.662,0.2,2000,382.1,5.47,116.8,2.539,1.563,49.98,111.9,15.38,9.029,180.4,257.7,90,2.759,0.544,222.3,71.86,224.8,656.7,415.1,78.65,0.03673,600,0.4599,0.7527,0.6988,0.2813,0.7831,0.09239,0.2565,0.4066,0.0664,476.7,960.7,58.89,0.4579,400.5,1.528,348,0.547
105,child9,child,164.9802,32.000,1.000,31.000,205.000,37.000,343.883,-0.734,3699.000,24.440,49.967,1024,2800,108.9,105.4,3.016,1.038,0.6906,0.6857,13.2,0.005019,13.74,6.169,24.87,1.533,10.73,0.1728,58.71,12.24,8.795,4.22,0.2288,1892,380.3,4.578,126.6,2.268,1.207,48.6,117.3,14.59,9.923,169,236.5,90,3.332,0.4134,189.6,60.23,219.1,701.2,528.8,73.92,0.05278,476.7,0.5404,0.9181,0.58,0.3609,0.7632,0.1161,0.2421,0.5004,0.08469,568.9,991.8,56.64,0.4304,448.8,1.923,335.3,0.5558
105,child10,child,-14.2637,3.000,0.000,3.000,-1.000,-14.000,-52.067,-1.165,1333.000,6.847,43.250,1009,2800,116.8,120,2.783,1.288,0.7004,0.7877,17.08,0.005635,13.49,6.864,28.42,1.55,12.36,0.1641,68.67,13.14,7.069,3.87,0.2,1268,395,5.015,139.5,2.417,1.361,42.28,110.1,12.95,11.02,142.5,200.7,88.71,3.272,0.4291,229.5,77.37,202.4,727.1,337.8,75.54,0.03717,600,0.4368,0.6501,0.7981,0.3523,1,0.105,0.2776,0.3745,0.1013,633,999.5,57.46,0.4121,594.2,1.525,313.4,0.4376
105,child11,child,109.6550,27.000,1.000,26.000,127.000,29.000,302.233,0.388,3438.000,21.453,73.583,1143,2330,122.4,120,2.391,1.386,0.5879,0.7067,12.87,0.006002,10.97,6.901,26.17,1.244,12.06,0.1846,60.7,10.77,7.481,3.833,0.2,1925,379.5,4.324,126.1,2.541,1.305,46.03,119,15.04,12.27,159.7,225.4,90,2.51,0.5059,159.4,71.94,205.2,776.4,363.7,69.62,0.04166,600,0.4139,0.7317,0.9936,0.4437,0.9151,0.1033,0.2692,0.3943,0.08408,533.8,1121,53.61,0.3984,503.6,1.73,377.9,0.5634
105,child12,child,100.2910,23.000,0.000,23.000,99.000,30.000,363.450,4.612,2660.000,20.107,51.733,1044,2800,106.6,85.78,2.605,1.312,0.676,0.7734,14.7,0.005271,15.76,9.701,27.82,1.421,11.54,0.2058,68.63,12.45,8.341,4.446,0.2203,1853,323.9,5.007,134.4,2.548,1.247,53.63,120,16.68,7.914,190.5,244.5,90,3.153,0.6065,171.3,81.09,215,597.9,337.8,61.84,0.03816,533.3,0.5641,0.9458,1,0.4355,0.7923,0.0961,0.2587,0.3414,0.08491,538.1,818.4,46.35,0.4627,423.5,1.574,325.5,0.588
105,child13,child,68.5051,17.000,0.000,17.000,101.000,9.000,20.983,-1.372,2681.000,17.853,59.333,1149,2773,87.91,107.7,2.307,1.323,0.6748,0.6439,13.49,0.005815,13.73,7.932,27.39,1.41,11.2,0.1857,57.95,13.05,6.315,4.234,0.2,2000,425.4,5.625,141.3,2.492,1.499,58.01,112.8,12.24,9.262,171.1,259.3,90,3.23,0.4561,184.1,54.02,206,626,362.6,72.8,0.03924,600,0.4855,0.8042,0.6003,0.2881,0.7374,0.09533,0.2147,0.422,0.07575,584.2,863,47.68,0.362,404.8,1.977,317.3,0.4462
105,child14,child,69.3869,17.000,0.000,17.000,102.000,5.000,73.067,1.503,2795.000,19.593,59.167,1202,2800,85.19,120,3.15,1.203,0.5583,0.7878,11.31,0.005,14.97,6.575,24.72,1.499,12.37,0.1994,57.93,10.38,8.164,4.586,0.2289,2000,400.1,4.191,121.4,2.981,1.441,53.4,112.7,14.55,9.449,178.3,289.4,70.21,3.337,0.5825,168,58.12,196.3,767,322.9,63.13,0.05809,544.1,0.4184,0.7979,0.8534,0.3617,0.8215,0.09196,0.2566,0.3652,0.08129,528.3,911.4,59.94,0.2999,480.8,1.635,297,0.4354
105,child15,child,146.7993,30.000,0.000,30.000,140.000,30.000,235.183,1.623,1739.000,25.607,47.650,1348,2410,114.7,120,2.902,1.034,0.6254,0.797,16.09,0.005,13,8.298,30.97,1.664,9.673,0.2004,45.82,13.64,7.908,4.966,0.2,1508,369.3,4.653,128.4,3,1.924,53.39,118.3,13.68,10.63,136.4,307.5,74.76,3.633,0.5923,174.7,71.61,204.6,819.6,410.3,75.54,0.05153,576.6,0.6458,0.6014,0.7384,0.3129,0.8438,0.09849,0.2564,0.3322,0.07495,537.9,987.9,48.75,0.4079,371.3,1.838,315.8,0.5083
106,parent,parent,196.3489,39.000,0.000,39.000,232.000,31.000,287.600,0.352,4048.000,25.773,57.217,1168,2800,112.1,120,2.52,1.195,0.6483,0.7612,13.93,0.005,14.42,7.536,26.32,1.425,10.84,0.1892,59.97,11.54,7.436,4.06,0.2,1918,366.8,5.112,135.3,2.516,1.48,48.67,120,14.7,9.762,165.2,256.9,89.09,3.418,0.4992,184.6,67.18,203.9,689.5,372.1,71.96,0.04276,600,0.494,0.8014,0.7723,0.3392,0.8806,0.09517,0.24,0.3932,0.08552,533.9,940.9,55.38,0.4089,445.3,1.697,366.8,0.5498
106,child0,child,4.0749,3.000,0.000,3.000,19.000,10.000,109.683,-2.450,1256.000,7.340,41.000,1225,2448,101,120,2.799,1.195,0.6409,0.8264,18.94,0.005,13.14,8.548,26.84,1.257,11.27,0.2141,64.06,11.62,7.353,4.121,0.2,1884,360,5.243,178.8,2.319,1.337,50.99,95.87,15.9,10.31,167.3,196.7,90,3.93,0.5,193.5,73.29,240.4,729.3,316.1,68.92,0.05075,600,0.6076,0.872,0.704,0.3526,0.8472,0.1022,0.239,0.4789,0.08245,477.3,916.9,59.29,0.3533,400.8,1.867,352.2,0.6083
106,child1,child,94.4846,22.000,0.000,22.000,109.000,17.000,165.267,2.398,2608.000,24.000,54.400,1290,2147,118.3,105.2,2.901,1.567,0.7382,0.7995,13.38,0.005,12.6,8.312,28.16,1.505,13.11,0.1717,63.85,11.07,8.278,3.856,0.2182,1994,385.1,5.667,155.5,2.389,1.472,53.04,120,11.88,10.93,178,247.7,80.4,3.21,0.4517,201.5,60.66,176.1,735.1,400.9,89.66,0.0418,600,0.5979,0.7845,0.7999,0.4468,0.7323,0.0769,0.2547,0.5103,0.08344,635.8,991.2,59.24,0.3979,447.6,1.547,277.3,0.5753
106,child2,child,76.9298,20.000,0.000,20.000,79.000,2.000,-91.267,2.328,1488.000,29.740,44.550,1412,2104,114.9,106.4,2.409,1.04,0.5986,0.9427,12.8,0.006202,11.61,8.442,20.42,1.483,7.896,0.1826,66.74,11.52,6.871,3.995,0.2251,1814,415.8,5.438,158.3,2.177,1.408,57.9,120,15.6,9.5,218.3,275.9,74.22,2.83,0.5272,170.7,82.48,200.1,771.4,289,77.41,0.04368,600,0.4827,0.8925,0.6213,0.2649,1,0.09317,0.2435,0.3186,0.07966,511.6,933.1,59.05,0.5735,412,1.501,400,0.5083
106,child3,child,-8.2018,0.000,0.000,0.000,10.000,3.000,52.117,-2.710,950.000,4.727,35.167,994.6,2800,95.21,120,2.341,1.102,0.6877,0.7374,13.59,0.005,15.51,7.568,23.29,1.301,13.59,0.1773,63.08,13.57,7.554,3.267,0.2234,1811,347.8,4.783,141.9,1.938,1.342,44.67,86.6,13.61,8.603,192.7,306.9,76.62,3.822,0.43,158.9,60.68,183,661.7,373.1,82.18,0.03532,479.3,0.5371,0.9711,0.5967,0.357,0.7,0.0754,0.2025,0.4182,0.08372,494.6,1136,53.64,0.3758,381.9,1.621,400,0.6067
106,child4,child,38.9557,9.000,0.000,9.000,63.000,21.000,120.150,-0.737,2045.000,13.453,39.833,1080,2585,97.75,101.4,2.413,1.126,0.568,0.7326,15.32,0.005,16.72,7.984,22.33,1.677,11.81,0.1977,54.73,11.47,7.735,4.809,0.2,1892,364.5,5.598,156.8,2.159,1.487,61.11,100.3,17.39,7.046,172.1,259.3,85.17,3.206,0.5466,185.1,64.52,189,721,347.9,73.17,0.03702,572.9,0.5208,0.8513,0.6938,0.3333,1,0.1073,0.2518,0.4174,0.07199,686.4,757.7,43.58,0.4778,475.3,1.96,332.5,0.6161
106,child5,child,113.2754,33.000,4.000,29.000,127.000,26.000,186.633,0.818,3825.000,27.227,55.933,1161,2431,120.8,120,2.51,1.258,0.5625,0.7672,14.71,0.005,13.95,8.262,26.62,1.313,9.965,0.171,51.16,13,8.721,3.439,0.2,1771,400.6,5.211,118.4,2.442,1.404,46.23,120,15.35,10.56,164,213.2,86.3,3.518,0.426,154.9,65.22,158.6,791.6,407.1,76.35,0.0459,600,0.4714,1,0.7,0.3208,0.9062,0.08688,0.2104,0.3623,0.09961,453,1112,53.87,0.4124,414.3,1.516,359.5,0.5681
106,child6,child,190.8480,41.000,0.000,41.000,206.000,35.000,273.333,0.440,3910.000,30.020,57.367,1263,2800,115.2,120,1.971,1.23,0.7074,0.8789,14.65,0.005402,15.63,7.866,22.13,1.553,11.04,0.1921,60.93,12.45,7.598,4.301,0.2,1972,301.3,4.97,146.8,2.756,1.386,36.71,119.6,13.47,8.917,134.1,306.6,90,3.645,0.4612,208.4,77.12,211.4,552,268.3,73.19,0.03713,600,0.4996,1,0.7587,0.3876,0.8228,0.09303,0.2545,0.3481,0.0754,531.6,1142,54.87,0.3832,446.2,1.724,385.7,0.5379
106,child7,child,48.4918,13.000,2.000,11.000,90.000,2.000,46.233,-1.626,2379.000,15.200,47.100,992.3,2733,103,120,2.76,1.076,0.6772,0.6857,14.4,0.005,15.13,7.59,23.16,1.378,10.78,0.1831,53.36,12.22,8.651,3.686,0.2,1877,461.8,3.932,133.9,2.759,1.408,58.71,120,13.57,11.27,174.1,273.3,90,4.125,0.4673,211.4,66.94,168.3,681.7,303.4,67.74,0.03367,523.4,0.4806,0.7605,0.7236,0.3386,0.7572,0.1306,0.2957,0.3607,0.07553,487.2,994.8,58.34,0.4515,426.7,1.765,382.5,0.5175
106,child8,child,93.8221,23.000,1.000,22.000,136.000,10.000,39.817,0.092,3459.000,29.300,55.000,1440,2800,120.5,120,2.898,1.336,0.6541,0.7599,14.08,0.005186,15.03,7.343,28.47,1.751,11.74,0.184,46.26,13.34,6.187,4.269,0.2,1697,306.4,5.562,100,2.406,1.649,45,120,13.12,11.07,161.1,220.6,81.66,2.958,0.4697,209.4,65.51,248.7,651.2,433.7,76.36,0.04034,600,0.3893,0.7608,0.728,0.3641,0.8087,0.07428,0.1822,0.3771,0.078,528.5,963.4,75,0.3647,396.2,2.191,392.7,0.5535
106,child9,child,107.3193,28.000,1.000,27.000,118.000,18.000,179.283,0.841,3035.000,33.000,66.367,1291,2643,112.8,99.08,1.946,1.163,0.7101,0.8433,15.47,0.005,14.69,7.617,25.15,1.402,11.37,0.1659,63.43,12.52,6.748,4.012,0.2373,1891,355.6,4.836,144,2.292,1.393,54.86,120,14.17,8.959,150.8,294.2,79.5,3.508,0.5393,184.7,76.4,182.6,659.2,380.6,68.14,0.05488,440.6,0.5762,0.9148,0.8374,0.2986,0.9714,0.08907,0.2274,0.4946,0.09611,432.5,748.2,45.92,0.3643,434.7,1.575,354.2,0.638
106,child10,child,117.2479,26.000,0.000,26.000,123.000,40.000,310.367,2.526,3038.000,23.460,49.967,962.8,2348,101.2,99.73,2.399,1.1,0.673,0.7415,15.21,0.005981,13.11,6.676,24.96,1.332,11.4,0.1938,59.41,9.915,8.382,3.746,0.2011,1895,379.4,5.179,125.1,2.577,1.329,51.45,120,16,10.74,147.8,229.6,85.06,3.079,0.6592,212.5,73,171.2,708.9,376.6,78.55,0.04119,600,0.4532,0.8229,0.7753,0.3443,1,0.09669,0.2682,0.3924,0.1017,519.5,930.8,46.37,0.4117,462.5,1.834,379,0.5432
106,child11,child,207.2412,40.000,0.000,40.000,239.000,42.000,273.417,0.954,3956.000,25.240,45.200,1039,2644,119,120,2.792,1.05,0.687,0.7693,13.41,0.005,16.02,6.359,24.77,1.302,11.55,0.2251,69.48,10.07,7.205,3.491,0.2,1816,390.9,6,137.7,2.306,1.296,46.74,120,16.73,10.07,187.6,282.7,90,2.445,0.5205,197.2,61.53,173,833.3,391.7,79.76,0.04613,572.7,0.5059,0.656,0.8072,0.3652,0.7624,0.1012,0.2125,0.4215,0.08108,532.7,940.1,61.6,0.3563,399.4,2.044,366.1,0.6244
106,child12,child,96.8782,20.000,1.000,19.000,149.000,9.000,97.967,-1.328,2764.000,20.173,80.600,1266,2800,104,110.2,2.592,1.34,0.5544,0.8658,16.55,0.005,11.83,7.812,30.79,1.421,10.67,0.2258,65.56,11.26,7.77,3.295,0.2153,1988,402.6,3.945,125.1,1.995,1.529,46.09,115.9,12.57,8.496,161.8,268.9,89.56,3.239,0.499,169.4,70.57,225.8,741.6,427.3,62.88,0.05394,600,0.4905,0.8399,0.8374,0.3656,0.8036,0.1035,0.1883,0.3598,0.08194,572.1,864.5,55.87,0.3677,442.2,1.55,400,0.616
106,child13,child,49.2334,12.000,0.000,12.000,84.000,0.000,-17.950,-1.780,2147.000,14.673,45.800,1266,2800,96.09,120,2.846,1.183,0.535,0.8465,13.83,0.005,14.8,5.695,29.45,1.31,11.07,0.1522,57.53,15.77,8.286,4.639,0.2,2000,394.9,5.635,134.5,3,1.521,48.9,108.2,12.06,11.37,172.9,257.8,85.91,3.062,0.4608,177.5,65.83,183.3,801,291.9,76.32,0.03401,537.1,0.5785,0.6404,0.8151,0.324,1,0.106,0.2255,0.4218,0.08168,489.2,1062,62,0.3507,584.8,1.567,378.8,0.4992
106,child14,child,64.0036,17.000,0.000,17.000,64.000,24.000,296.733,2.599,2317.000,19.573,59.033,1135,2505,113.1,94.38,2.131,1.397,0.5289,0.8155,12.28,0.005525,14.97,9.257,19.93,1.427,10.72,0.1918,61.56,13.13,8.464,4.019,0.2,1742,345.2,6,148.9,2.288,1.506,49.95,120,15,8.696,148.6,252.2,90,3.628,0.52,177.7,61.63,205,844.6,385.3,73.3,0.04095,579.5,0.5092,0.8192,0.9667,0.3473,0.7977,0.1024,0.2508,0.4335,0.07955,619.6,1051,53.06,0.319,470.6,1.525,368.5,0.554
106,child15,child,184.4401,41.000,0.000,41.000,197.000,23.000,173.083,-0.136,3734.000,30.067,47.067,963.7,2800,105.6,105.8,2.585,1.04,0.7097,0.7466,15.01,0.005,14.39,6.76,29.66,1.35,8.967,0.1642,64.91,10.09,6.779,4.476,0.2,1762,382.8,4.657,152,2.67,1.602,59.98,120,14.31,8.842,165,260.8,90,4.559,0.4541,190.9,52.78,216.3,732.3,364.4,77.02,0.03599,600,0.6043,0.7426,0.8476,0.3273,1,0.09512,0.2404,0.3158,0.0837,587.4,823.6,55.56,0.3667,422.8,1.591,339.9,0.4918
107,parent,parent,165.9178,37.000,0.000,37.000,179.000,33.000,180.767,1.500,3664.000,28.327,60.750,1039,2644,119,120,2.792,1.05,0.687,0.7693,13.41,0.005,16.02,6.359,24.77,1.302,11.55,0.2251,69.48,10.07,7.205,3.491,0.2,1816,390.9,6,137.7,2.306,1.296,46.74,120,16.73,10.07,187.6,282.7,90,2.445,0.5205,197.2,61.53,173,833.3,391.7,79.76,0.04613,572.7,0.5059,0.656,0.8072,0.3652,0.7624,0.1012,0.2125,0.4215,0.08108,532.7,940.1,61.6,0.3563,399.4,2.044,366.1,0.6244
107,child0,child,74.6013,18.000,1.000,17.000,109.000,-21.000,-98.150,1.147,1708.000,23.973,58.317,941.6,2754,125.1,120,2.475,0.8215,0.7368,0.7128,13.93,0.005628,13.59,6.763,25.12,1.172,13.67,0.2417,50.28,8.158,6.278,3.541,0.2173,2000,404.7,6,173.8,1.944,1.488,50.21,120,17.86,12.31,165.8,286.5,73.75,2.458,0.5131,182.9,58.7,156.3,832,374.4,95.16,0.03849,536,0.4227,0.6745,0.7736,0.3673,0.8287,0.1061,0.1912,0.3793,0.09432,581.6,788.1,64.07,0.3877,514.6,1.872,318.5,0.573
107,child1,child,106.1580,35.000,1.000,34.000,71.000,28.000,206.833,4.503,3387.000,23.567,71.033,949.4,2783,154,101.8,2.595,0.8715,0.68,0.6478,13.42,0.005,15.21,7.242,26.5,1.172,12.58,0.2686,76.26,11.55,7.963,3.436,0.2,1921,387.5,5.155,125.7,2.272,1.323,33.06,120,15.24,8.909,234.2,302.6,90,2,0.6026,174.7,56.09,181.6,813.2,337.5,88.49,0.04533,495.2,0.58,0.5515,0.799,0.3308,0.7802,0.09191,0.201,0.4244,0.102,512.3,961,65.36,0.3742,339.3,1.5,400,0.8
107,child2,child,197.8132,39.000,0.000,39.000,233.000,34.000,222.667,0.516,3881.000,25.513,58.367,1059,2800,124.3,120,2.837,0.8765,0.6424,0.8418,12.55,0.005251,16.42,7.861,24.29,1.315,8.435,0.2644,78.31,10.43,7.51,4.261,0.2,1691,334.9,5.983,122.4,2.435,1.195,64.07,120,18.77,10.76,190.4,255.3,90,2.578,0.5453,169.9,58.57,175.3,850.4,457.2,70.21,0.04268,562.4,0.4047,0.6486,0.7092,0.3371,0.7054,0.09708,0.1943,0.4178,0.08337,485.6,846,61.32,0.3505,463.5,1.987,400,0.5197
107,child3,child,112.6498,21.000,0.000,21.000,140.000,25.000,323.433,3.774,2598.000,22.373,54.883,1237,2153,108.6,106.1,2.993,1.038,0.8758,0.777,14.15,0.005,16.47,4.902,29.64,1.505,12.11,0.2182,72.05,11.56,6.239,2.95,0.2,1503,316.4,6,127.9,2.189,1.578,50.51,120,18.75,11.7,195.4,248.5,90,2.388,0.5948,172.8,59.51,181.6,968.2,377.6,78.2,0.04948,562.2,0.4668,0.6365,0.7974,0.3623,0.8124,0.09099,0.2242,0.4607,0.08304,415.9,954.9,48.82,0.46,417.1,2.648,340.3,0.5401
107,child4,child,204.3977,42.000,0.000,42.000,226.000,38.000,329.933,0.305,4028.000,28.167,58.567,1168,2682,99.94,120,2.753,1.166,0.6444,0.8342,17.46,0.005,14.96,5.747,24.29,1.304,10.88,0.2751,67.99,9.911,7.029,3.59,0.2049,1868,422.5,5.93,134.4,2.557,1.506,47.45,120,14.34,10.28,188.9,247.1,90,2.338,0.5669,186.4,72.85,198.9,1003,452.2,77.39,0.04916,475.6,0.5082,0.5853,0.6515,0.395,0.7922,0.09654,0.2242,0.3801,0.07743,505,1023,55.23,0.4015,456.3,2.209,313.7,0.5771
107,child5,child,98.2837,23.000,0.000,23.000,126.000,8.000,71.450,2.825,3001.000,19.347,62.133,1047,2743,108.4,99.08,2.588,0.9569,0.6819,0.6588,12.39,0.005313,17.27,6.665,22.33,1.091,12.72,0.243,69.39,10.14,7.587,3.726,0.2,1689,333.5,5.323,183.7,2.502,1.404,45.38,120,17.93,10.46,202.6,282.5,90,2.25,0.5276,200.5,63.63,156.9,813.2,386,81.62,0.04902,600,0.5625,0.5883,0.9347,0.3149,0.7,0.08788,0.2013,0.3882,0.08314,455.8,1139,58.01,0.3569,324.9,2.452,318.3,0.6382
107,child6,child,190.6252,42.000,0.000,42.000,194.000,31.000,250.583,2.316,3781.000,26.593,42.750,1026,2497,129.7,120,2.69,1.112,0.861,0.9497,14.64,0.005,13.44,5.894,22.1,1.437,11.43,0.2363,58.23,10.42,6.895,3.584,0.2,1769,462.3,5.779,133.9,2.161,1.181,53.7,120,16.51,10.53,231.2,234.5,90,2.83,0.4563,160.6,85.46,195.4,556.2,378.3,65.37,0.0454,600,0.5707,0.5999,0.8069,0.3903,0.774,0.104,0.2064,0.5556,0.07263,470.8,956.5,53.61,0.4027,297.6,2.555,397.5,0.6445
107,child7,child,148.7096,30.000,0.000,30.000,169.000,32.000,276.583,3.343,3258.000,23.420,44.717,1071,2406,123.6,98.98,2.398,1.14,0.7887,0.9553,14.55,0.006283,12.95,6.345,25.91,1.278,12.18,0.2343,70.88,9.51,7.182,4.029,0.2191,2000,320.9,5.492,134.4,2.483,1.187,50.38,120,18.09,10.63,199.9,281.4,90,2.791,0.6833,191.3,64.64,184.5,1053,302,87.59,0.04586,472.8,0.5899,0.5141,0.7054,0.3623,0.7,0.09366,0.2182,0.3905,0.08274,479.4,860.5,60.3,0.3841,486.2,2.366,369.8,0.8
107,child8,child,143.0178,34.000,1.000,33.000,152.000,24.000,187.250,1.330,3179.000,22.707,71.317,1144,2727,134.2,120,3.103,1.152,0.6272,0.8803,16.12,0.005593,16.41,6.415,29.85,1.59,10.54,0.2546,71.48,9.216,6.389,3.844,0.2454,1541,385.3,5.357,114.4,2.599,1.347,44.82,119.1,19.32,9.248,223.9,288.7,90,2.294,0.4968,157.2,63.34,162.7,787.5,484.7,84.16,0.03597,509.2,0.5295,0.6215,0.7744,0.3667,0.8495,0.1274,0.2189,0.3497,0.08068,513.3,1053,73.13,0.3791,451.2,1.835,400,0.6638
107,child9,child,98.5756,26.000,1.000,25.000,110.000,14.000,55.500,1.156,2928.000,26.793,39.533,1069,2153,123.4,120,3.393,1.296,0.7058,1.157,12.77,0.005,15.75,5.706,22.89,1.172,8.027,0.3015,65.51,11.51,8.37,3.745,0.2314,2000,371.2,6,156.8,2.085,1.397,46.98,120,16.84,11.36,207.1,292.3,82.96,2.759,0.6068,152.7,61.27,198.5,787.2,369.7,73.76,0.03727,523.1,0.413,0.6847,0.7722,0.3974,0.8136,0.1002,0.1926,0.397,0.08566,568.2,785.1,56.24,0.3624,368.4,2.015,354.2,0.6056
107,child10,child,165.7159,36.000,0.000,36.000,170.000,43.000,331.817,3.639,3583.000,24.433,60.667,1173,2800,138.4,109.1,3.164,0.9591,0.6362,0.7372,13.81,0.0064,11.64,6.646,23.18,1.227,12.86,0.2134,80,8.928,6.525,3.822,0.2032,1692,337.9,6,129.5,2.164,1.276,45.92,115.5,18.34,10.64,179.3,313,90,2.4,0.4855,225.4,65.54,156.1,838,428,83.03,0.04194,581.2,0.4923,0.6386,0.6598,0.3808,0.8873,0.09893,0.2431,0.4011,0.08083,572.2,892.5,82.75,0.2877,419.9,2.069,362.5,0.6656
107,child11,child,10.9549,5.000,1.000,4.000,41.000,0.000,-1.217,-2.604,1528.000,8.953,40.433,911.4,2800,121.6,105.7,2.64,1.183,0.6524,0.8383,12.78,0.005,18.94,4.788,27.96,1.382,10.32,0.1867,64.97,9.373,7.042,3.098,0.2248,1548,361.7,6,150.8,1.848,1.691,51.43,108.4,21.61,9.427,200.7,276.8,90,2.31,0.5572,211.9,52.79,153.6,753.7,434.1,85.62,0.05234,583.6,0.5651,0.6729,0.7831,0.3637,0.7,0.109,0.2099,0.4229,0.0777,505.6,970.3,53.29,0.446,366.4,2.141,349.6,0.5684
107,child12,child,199.6752,39.000,1.000,38.000,247.000,31.000,240.367,-0.008,4069.000,28.600,52.783,1169,2800,104.4,106.7,2.905,0.952,0.6585,0.7547,12.39,0.005431,15.9,5.766,22.45,1.16,12.09,0.193,66.01,10.23,7.311,3.628,0.2326,2000,369.3,5.831,104.5,2.716,1.748,51.37,120,19.22,9.55,210.1,274.7,90,2.119,0.4703,219.3,67.5,188.9,1066,405.4,78.83,0.03531,510.8,0.5376,0.8026,0.7165,0.3106,0.7,0.1165,0.1845,0.4578,0.09915,549.4,936.7,57.65,0.315,390.9,1.883,343.2,0.5797
107,child13,child,15.0536,8.000,0.000,8.000,37.000,-6.000,-77.033,-1.315,1876.000,11.400,41.483,1023,2502,121.7,115.4,3.362,0.9024,0.8181,0.9035,13.1,0.005,16.67,6.684,20.6,1.073,10.26,0.2075,80,9.576,7.683,4.656,0.2,1785,384.4,6,133.8,2.033,1.22,45.55,89.76,16.41,10.72,228.4,356.6,90,2.258,0.5366,237.7,46.55,211.2,845.1,399.6,75.68,0.04311,580,0.4701,0.62,0.7331,0.3727,0.7,0.1178,0.2538,0.4559,0.07339,607.5,999.9,71.49,0.3954,384.7,1.933,262.4,0.5301
107,child14,child,130.5862,29.000,1.000,28.000,161.000,9.000,138.733,0.830,3191.000,24.200,45.733,1231,2217,136.3,120,2.647,1.025,0.7515,0.7061,13.08,0.00621,15.92,5.63,23.89,1.268,9.84,0.2136,59.65,11.07,6.958,3.287,0.2,1525,389,5.179,106.6,2.129,1.557,40.93,120,13.8,8.78,155.4,273.7,87.03,2.584,0.4393,201.7,66.47,154.5,911.8,439.1,78.1,0.05258,600,0.5216,0.6493,0.8958,0.3744,0.8303,0.08551,0.2028,0.4132,0.09459,507.7,782.6,67.79,0.3971,315.9,2.203,320.2,0.7117
107,child15,child,57.7101,19.000,1.000,18.000,94.000,-3.000,-81.633,0.093,3115.000,31.353,68.183,1009,2800,112.4,115.2,2.513,0.8642,0.5776,0.7613,12.07,0.005143,18.61,6.102,20.9,1.221,14.27,0.2447,55.04,11.67,9.006,4.102,0.2283,1990,384.2,5.502,109.2,1.773,1.502,48.62,120,17.35,10.04,198.9,271.4,83.25,2.547,0.5539,227.6,69.26,189.6,804.6,416.3,99.77,0.04938,542.3,0.566,0.7155,0.7662,0.3619,0.7,0.09658,0.1749,0.4614,0.07682,621.8,996.4,58.86,0.3878,411,2.145,355.8,0.655
108,parent,parent,186.5859,39.000,0.000,39.000,204.000,46.000,283.517,0.876,3864.000,27.193,63.633,1168,2682,99.94,120,2.753,1.166,0.6444,0.8342,17.46,0.005,14.96,5.747,24.29,1.304,10.88,0.2751,67.99,9.911,7.029,3.59,0.2049,1868,422.5,5.93,134.4,2.557,1.506,47.45,120,14.34,10.28,188.9,247.1,90,2.338,0.5669,186.4,72.85,198.9,1003,452.2,77.39,0.04916,475.6,0.5082,0.5853,0.6515,0.395,0.7922,0.09654,0.2242,0.3801,0.07743,505,1023,55.23,0.4015,456.3,2.209,313.7,0.5771
108,child0,child,143.9671,29.000,0.000,29.000,164.000,33.000,283.400,2.042,3140.000,20.853,48.367,1002,2800,101.9,97.69,2.773,1.009,0.6194,0.6875,15.17,0.005,12.7,5.756,24.86,1.212,10.92,0.2941,63.11,12.95,6.06,3.346,0.2,1705,408.7,5.83,130.1,1.883,1.537,50.17,120,15.83,10.74,197.5,231.7,86.87,3.217,0.7105,170.3,66.51,233.2,1218,453.9,69.69,0.05345,497.6,0.5802,0.5176,0.586,0.3766,0.8768,0.0989,0.2338,0.4469,0.06845,403.3,865,58.73,0.33,507.8,2.422,264.9,0.6315
108,child1,child,140.8436,28.000,1.000,27.000,182.000,24.000,216.733,-0.442,3234.000,21.800,55.500,1235,2517,93.74,120,2.52,1.282,0.619,0.7725,16.88,0.005,16,5.725,23.3,1.383,10.19,0.296,69.74,9.241,7.333,3.952,0.2288,1667,347.3,5.427,109.7,2.302,1.684,40.35,114.1,14.38,10.09,210,310.3,90,2.19,0.7834,189.3,72.98,218.8,994.8,408.1,90.82,0.05655,488.1,0.4277,0.5578,0.6864,0.4153,0.7,0.09519,0.2049,0.3097,0.09102,433.3,1200,52.6,0.373,473.4,2.284,297.8,0.4527
108,child2,child,-7.9783,3.000,0.000,3.000,11.000,2.000,88.233,-1.227,1729.000,13.627,53.767,1274,2800,126.5,120,2.213,1.136,0.5648,0.6769,18.82,0.005,15.94,5.905,24.23,1.434,9.779,0.2416,49.88,11.99,5.32,3.668,0.2,1527,399.4,5.521,112.5,2.529,2.144,45.56,88.93,14.76,8.479,172.3,233.7,90,2.52,0.5368,177.3,65.36,218.3,1124,466.3,72.2,0.05464,513.9,0.5743,0.6107,0.5467,0.4552,0.765,0.08026,0.2215,0.37,0.07414,612.2,1161,54.62,0.3437,463.5,2.597,289,0.636
108,child3,child,7.4740,5.000,0.000,5.000,29.000,-2.000,-50.817,0.065,1545.000,8.987,42.933,1313,2216,93.43,120,3.424,1.026,0.5089,0.8652,17.21,0.005942,14.12,5.367,24.31,1.289,10.96,0.2287,71.01,9.134,5.512,3.31,0.2691,1910,430,5.539,160,3,1.745,52.5,98.6,14.02,9.37,183.6,237.2,87.21,2,0.6041,240.1,80.69,202.5,834.5,432.6,58.9,0.04783,403.1,0.5658,0.5872,0.7656,0.392,0.7,0.09378,0.2565,0.3559,0.08484,507.8,1006,46.25,0.4571,373.5,1.854,350.9,0.5198
108,child4,child,119.8703,24.000,1.000,23.000,170.000,25.000,313.567,-0.109,3617.000,21.847,69.917,1306,2213,92.03,110.4,3.13,1.078,0.6484,0.8211,16.07,0.006115,15.4,5.195,22.76,1.369,10.73,0.2526,63.26,9.009,6.46,3.657,0.2,1839,357.7,4.545,140.1,2.449,1.386,58.01,120,16.17,14.13,186.8,255.6,83.5,2.197,0.4814,186.8,81.34,199.4,937.1,472.1,81.57,0.05313,378.8,0.5243,0.6068,0.681,0.3159,0.7756,0.1026,0.2515,0.3712,0.1055,566.3,909.6,51.8,0.3457,468.3,2.437,274,0.6332
108,child5,child,147.7890,29.000,0.000,29.000,194.000,15.000,234.250,0.117,3533.000,32.027,54.217,1040,2800,99.87,120,2.424,1.244,0.6331,0.8539,21.17,0.005005,18.25,5.872,30.93,1.587,10.31,0.2488,77.77,10.88,6.827,3.204,0.2517,1721,361.3,5.83,135.7,2.482,1.524,52.23,118.5,15.65,9.894,191.4,261.7,83.34,2,0.5538,176.3,84.63,210.3,1164,435.1,70.21,0.04804,485.6,0.4755,0.5312,0.6273,0.4667,0.7,0.08675,0.2242,0.4102,0.06012,523.5,1092,70.46,0.5765,418.3,2.26,319.9,0.5604
108,child6,child,205.2023,44.000,0.000,44.000,217.000,42.000,260.533,1.123,4139.000,29.880,50.917,1101,2626,102.2,120,2.823,1.021,0.7756,1.054,15.45,0.005,14.49,6.907,27.59,1.388,12.49,0.2554,75.7,8.01,7.347,3.846,0.2,1858,478,5.16,144.6,2.701,1.99,54.35,120,17.11,9.385,187,210,90,2,0.5667,196.5,75.29,204.1,1120,541.9,83.12,0.04527,543.6,0.5005,0.7656,0.6292,0.381,0.7,0.1118,0.2321,0.3284,0.08093,509.9,957.4,48.31,0.4552,418,2.164,343.8,0.5029
108,child7,child,78.4431,19.000,1.000,18.000,108.000,-7.000,-9.117,1.452,2071.000,26.820,53.083,1108,2800,100.7,113.2,2.709,1.075,0.6218,0.765,16.37,0.005,16.7,6.242,29.74,1.057,11.58,0.2418,79.29,7.992,7.545,3.794,0.2,2000,425.2,6,151.5,3,1.43,47.14,120,15.19,11.82,175.6,200.5,74.6,2.446,0.626,197.3,65.83,186.3,989.5,387.3,75.83,0.058,507.2,0.5624,0.6341,0.6495,0.3991,0.7949,0.1039,0.2008,0.4433,0.07125,492.2,1069,52.43,0.4253,447.5,2.341,324.8,0.7062
108,child8,child,15.2206,6.000,0.000,6.000,40.000,-4.000,89.567,-1.604,1682.000,14.607,46.883,1357,2400,107.6,115.5,2.692,1.282,0.5831,0.8477,19.7,0.005522,14.71,6.401,24.34,1.647,11.42,0.3081,69.96,9.196,6.763,3.653,0.2116,1740,434.6,5.797,156.2,2.55,1.67,45.61,100.4,13.88,10.16,222.1,309.4,85.94,2,0.5104,209,63.55,215.8,928.1,388.3,92.21,0.05112,447.3,0.4322,0.6301,0.6446,0.4254,0.8431,0.08697,0.238,0.3455,0.09132,523.4,1200,58.02,0.4712,460.9,2.401,288.4,0.4467
108,child9,child,149.4323,32.000,0.000,32.000,163.000,28.000,283.333,1.149,3040.000,27.507,67.583,1025,2562,81.4,116.2,2.436,1.312,0.7086,0.7259,13.06,0.005,15.72,5.2,23.89,1.168,10.23,0.2796,80,10.25,7.628,3.498,0.2172,2000,454.6,5.079,126.7,2.171,1.459,54.09,120,14.84,8.923,206.1,265.8,89.75,2.568,0.5014,185.2,64.84,196.2,1185,318.7,58.52,0.04967,447.5,0.3939,0.5248,0.8141,0.3385,0.925,0.09261,0.2234,0.4632,0.07589,594.1,1103,49.27,0.4278,402,2.639,271.2,0.5727
108,child10,child,159.1307,32.000,1.000,31.000,196.000,35.000,328.533,1.487,3674.000,23.300,71.133,1185,2388,119.9,108.2,2.848,1.027,0.6929,0.8778,16.53,0.005734,14.48,5.861,27.63,1.31,11.24,0.2822,65.9,10.08,8.284,3.738,0.2041,1948,490.7,6,158.4,2.123,1.244,39.46,120,14.9,11.3,222.3,246.1,90,2.959,0.5497,180.5,65.44,204.9,1070,424.6,80.24,0.05701,524,0.4696,0.5445,0.7137,0.3326,1,0.07828,0.2042,0.4058,0.06531,450.9,930.4,63.18,0.4003,428.7,2.097,400,0.6186
108,child11,child,88.1032,20.000,0.000,20.000,118.000,13.000,112.000,1.065,2857.000,21.527,55.467,1419,2776,106,109.4,2.483,1.235,0.6331,0.7487,13.61,0.005,18.21,6.101,27.82,1.03,10.31,0.2925,78.59,10.58,6.643,4.021,0.2474,2000,459.8,5.937,153.7,2.616,1.486,47.06,106.7,13.78,11.76,198.8,226.4,90,2.612,0.6431,167.4,79.52,170.1,1101,461.2,73.44,0.04333,405.9,0.5217,0.6038,0.6423,0.4482,0.8485,0.08211,0.2157,0.4203,0.08004,534.9,1200,63.54,0.4145,492.4,1.894,340.8,0.614
108,child12,child,158.5106,30.000,0.000,30.000,197.000,29.000,265.933,0.302,3313.000,23.393,57.900,1145,2516,97.87,113.3,3.288,1.066,0.6298,0.9538,15.24,0.006147,19.13,5.749,23.5,1.136,10.85,0.2687,75.15,9.885,8.187,3.571,0.2231,1994,394.6,5.789,129,2.104,1.68,65.93,117.6,14.55,12.44,201.8,268.8,87.15,2.045,0.5321,150,63.46,206.6,887.1,444.9,78.05,0.04547,502.1,0.5164,0.5308,0.7003,0.3753,0.8922,0.0907,0.1915,0.3715,0.06702,469.3,1122,68.54,0.4421,482.3,2.306,329,0.5829
108,child13,child,58.3917,22.000,2.000,20.000,83.000,0.000,45.250,0.919,3468.000,26.580,71.350,1333,2800,94.94,120,3.557,1.021,0.5177,0.7622,19.05,0.005,14.5,5.316,24.44,1.61,8.93,0.3352,70.35,8.676,7.756,3.447,0.2199,1962,496.8,5.702,115,2.577,1.509,49.61,120,15.5,9.476,200.2,249.4,82.36,2.441,0.6308,193.8,78.17,199.4,1083,398.3,77.15,0.05725,374.3,0.5531,0.531,0.6642,0.3919,0.7,0.1023,0.2065,0.4332,0.06026,637.2,1115,59.04,0.4051,501.8,2.303,339,0.6403
108,child14,child,133.8508,27.000,0.000,27.000,176.000,17.000,124.100,1.379,3222.000,27.240,67.767,1373,2744,96.14,120,2.559,0.9846,0.7061,0.8775,17.78,0.00514,14.25,5.693,23.14,0.9787,10.93,0.2786,63.69,8.921,7.201,3.21,0.2213,1640,437.2,6,135.4,2.944,1.436,45.03,120,14.25,8.263,179.1,241.4,79.15,2.346,0.5642,158.4,75.34,184.2,1199,375.9,77.08,0.04418,530.7,0.59,0.6297,0.677,0.3881,0.8178,0.113,0.2402,0.3257,0.08406,433.1,919.2,44.09,0.3944,451.8,2.163,269.4,0.6344
108,child15,child,100.0292,24.000,2.000,22.000,127.000,32.000,204.117,0.606,3246.000,31.560,46.400,1027,2734,93.78,120,2.565,1.016,0.606,0.8921,22.37,0.005,13.54,5.387,24.9,1.127,9.999,0.2799,74.17,8.854,6.967,4.125,0.2389,1981,433.3,5.419,106.4,2.873,1.531,44.13,120,12.65,10.72,160.4,233.5,80.89,2.416,0.5619,190.9,76.88,168.4,815.4,494.9,64.87,0.05607,481.9,0.5608,0.5811,0.6318,0.482,0.9148,0.1212,0.2104,0.372,0.07238,476.8,1197,47.99,0.4369,497.3,2.098,284.6,0.5862
109,parent,parent,179.8736,42.000,0.000,42.000,187.000,20.000,225.417,0.610,3828.000,30.400,71.200,1101,2626,102.2,120,2.823,1.021,0.7756,1.054,15.45,0.005,14.49,6.907,27.59,1.388,12.49,0.2554,75.7,8.01,7.347,3.846,0.2,1858,478,5.16,144.6,2.701,1.99,54.35,120,17.11,9.385,187,210,90,2,0.5667,196.5,75.29,204.1,1120,541.9,83.12,0.04527,543.6,0.5005,0.7656,0.6292,0.381,0.7,0.1118,0.2321,0.3284,0.08093,509.9,957.4,48.31,0.4552,418,2.164,343.8,0.5029
109,child0,child,62.7953,16.000,0.000,16.000,89.000,1.000,-43.167,-0.244,2174.000,16.860,54.933,1015,2636,91.32,113.8,3.435,0.9052,0.8809,0.8759,15.15,0.005099,14.42,7.24,27.81,1.337,12.51,0.2831,65.84,8.222,7.217,3.681,0.236,2000,418.2,5.593,187.1,2.687,2.087,48.92,113.1,20.63,9.234,155.2,177.7,90,2.064,0.4884,159.3,76.05,191.9,1021,438.9,76.29,0.04662,520.6,0.5067,0.805,0.5931,0.3616,0.8677,0.1248,0.2253,0.3039,0.07926,573.4,968,42.45,0.4617,371.5,2.302,400,0.5926
109,child1,child,136.2812,27.000,1.000,26.000,176.000,23.000,248.433,-0.625,3044.000,23.267,62.083,1098,2421,112.9,120,2.662,0.8524,0.8272,1.001,15.81,0.006648,17.27,6.345,30.01,1.1,12.85,0.2372,57.5,7.998,8.415,3.928,0.2078,1638,447.5,4.644,180.1,2.907,2.174,62.36,120,13.46,10.03,209.2,203.4,90,2.18,0.6096,197.4,77.89,221.3,1062,647.9,79.58,0.04877,482.6,0.4675,0.7987,0.6241,0.328,0.7,0.1345,0.2238,0.3572,0.08483,472.7,858.5,38.84,0.5257,486.6,2.212,293.1,0.4156
109,child2,child,-12.1292,1.000,1.000,0.000,12.000,-1.000,28.167,-2.946,1193.000,6.060,44.833,905.7,2649,97.09,120,2.663,1.054,0.6963,0.9168,14.85,0.006092,15.72,8.005,24.59,1.147,12.54,0.3195,80,7.45,6.38,3.291,0.2,1749,419.3,4.832,149.2,2.828,1.984,54.03,107.5,17.14,8.686,180.9,244.8,90,2,0.5453,228.3,84.02,215.4,1191,535,86.21,0.04148,600,0.5199,0.7288,0.5677,0.4436,0.8338,0.1261,0.2358,0.4012,0.09769,616.2,914.4,54.49,0.4582,432.6,1.932,400,0.4867
109,child3,child,138.3547,34.000,2.000,32.000,152.000,18.000,146.450,0.557,3265.000,26.413,51.617,1067,2491,93.08,120,2.244,1.045,0.7091,0.7516,14.13,0.005414,13.81,6.12,29.46,1.327,15.55,0.2565,74.34,6.936,7.336,3.964,0.2,2000,489.6,6,142.6,3,1.991,42.34,120,19.31,9.786,236.5,250.1,88.77,2,0.605,203.1,68.04,212.6,1188,578.1,96.2,0.04094,518,0.4105,0.7167,0.611,0.4026,0.8788,0.121,0.2569,0.3,0.06936,542.5,828,65.53,0.4182,465.4,1.877,378.4,0.5864
109,child4,child,165.8480,37.000,1.000,36.000,202.000,1.000,73.300,-0.138,3673.000,30.707,49.483,946.2,2800,95.12,111.9,2.796,0.9711,0.8972,1.319,15.61,0.005117,17.68,7.267,32.15,1.341,11.1,0.2263,64.26,7.949,7.016,3.439,0.2,2000,466.8,5.476,139.9,3,2.199,53.2,120,19.28,8.981,210.1,222.4,90,2.355,0.5644,256.8,78.38,226.1,1224,568.5,65.96,0.04758,539,0.4869,0.6569,0.6935,0.3598,0.7131,0.1084,0.2549,0.317,0.06642,531,926.7,52.69,0.4575,362.5,2.362,272.7,0.3935
109,child5,child,-3.4284,2.000,0.000,2.000,24.000,1.000,32.200,-2.383,1422.000,10.760,57.850,1124,2088,112.8,119.2,2.584,0.8373,0.6606,0.9821,13.65,0.005208,13.86,5.979,32.61,1.335,14.72,0.2797,71.5,9.728,9.392,3.014,0.2,2000,513.7,4.874,138.9,2.979,1.773,42.67,100,17.66,10.52,184.1,202.4,88.15,2.087,0.6483,206,77.51,218.2,1234,635.3,72.99,0.04455,514.4,0.562,0.7937,0.6478,0.3925,0.7,0.1241,0.2708,0.3298,0.09316,360.8,1068,58.41,0.5878,392.3,1.985,364.9,0.4881
109,child6,child,167.5623,38.000,1.000,37.000,178.000,40.000,236.767,-0.180,3792.000,24.880,46.750,1060,2800,95.25,102.1,2.928,1.092,0.7915,0.8046,13.19,0.005997,12.73,6.595,31.5,1.546,10.87,0.2443,69.44,8.387,8.327,4.356,0.2,1608,432.4,5.223,177.4,2.819,1.905,51.73,111.7,16.5,12.19,210.5,255,82.17,2,0.4189,229.2,80.07,178.7,1112,571.9,92.96,0.04797,516.4,0.5602,0.7149,0.7255,0.3353,0.7,0.09571,0.2318,0.3375,0.07088,481.9,1076,43.06,0.4407,426.7,2.072,321.6,0.4898
109,child7,child,101.6179,22.000,0.000,22.000,133.000,8.000,102.583,-0.744,2724.000,17.953,51.267,1036,2358,115.9,120,2.625,0.9349,0.8284,1.138,13.8,0.005896,12.68,6.315,25.97,1.28,14.87,0.2506,60.62,9.138,8.208,3.547,0.2,1812,580.6,4.715,171.8,2.436,2.274,51.49,114.1,17.94,8.878,166.3,202.7,90,2.152,0.6179,173.3,57.63,210.6,899.3,538.9,79.24,0.04461,567.8,0.4549,1,0.5775,0.4039,0.7,0.1225,0.2583,0.3302,0.09291,628.6,846.6,44.89,0.4517,413.5,2.302,400,0.5491
109,child8,child,90.6307,27.000,0.000,27.000,80.000,5.000,119.500,1.099,2670.000,21.773,54.317,1018,1924,107.1,113.5,2.763,1.161,0.8582,1.103,15.47,0.005,14.9,6.971,25.09,1.053,10.4,0.2083,70.26,7.755,9.121,4.215,0.2376,1733,499.2,5.079,191,2.796,2.088,44.63,119.9,15.21,8.291,239.6,234.8,87.63,2,0.5464,207.5,93.45,191.2,968.9,517,82.27,0.05043,547.1,0.4635,0.7915,0.5,0.3934,0.7,0.1034,0.2055,0.3503,0.08443,549,815.1,45.88,0.5613,360.8,2.061,346,0.5798
109,child9,child,123.5001,30.000,0.000,30.000,139.000,9.000,69.967,0.554,3278.000,21.347,45.617,982.7,2349,124.2,115.7,3.18,1.014,0.7735,1.034,19.1,0.005,14.89,6.441,28.91,1.457,13.92,0.3021,79.92,7.517,6.977,4.008,0.2,1889,429.2,4.516,161.2,2.276,1.945,45.04,109.4,18.42,9.697,156.9,201.8,85.39,2.142,0.6167,200.9,86.29,157.4,983.2,467.6,75.12,0.04344,509,0.4614,0.7118,0.6273,0.3938,0.7,0.08793,0.2264,0.3861,0.0836,653.4,850.2,44.38,0.4564,383.4,1.665,343.5,0.6154
109,child10,child,111.1764,24.000,0.000,24.000,147.000,9.000,72.250,-1.834,2905.000,26.000,50.017,979.4,2800,99.02,120,3.116,0.9256,0.6545,0.8997,13.2,0.005,12.19,7.678,28.45,1.447,11.16,0.26,75.04,9.078,8.335,3.773,0.2058,1589,550.7,4.868,133.9,2.751,2.403,67.89,112,16.32,10.29,184.3,191.1,72.59,2.043,0.5896,190.4,66.66,217.7,1140,674.7,70.63,0.04186,451.6,0.576,0.7146,0.6224,0.4394,0.717,0.1243,0.2263,0.3,0.067,513.5,933.4,51.03,0.5368,420.7,2.44,336.1,0.4836
109,child11,child,-5.7188,1.000,0.000,1.000,20.000,2.000,-18.917,-3.423,1176.000,8.640,44.050,1233,2136,99.51,120,3.232,0.8514,0.6465,1.193,14.99,0.005915,15.51,7.033,27.42,1.581,11.92,0.2783,80,8.199,8.027,3.462,0.2045,2000,520.6,5.945,127.4,2.613,1.992,46.53,94.02,17.46,9.634,156.1,236.7,90,2.213,0.6027,196.9,71.96,209.8,1161,513.6,90.41,0.04462,577,0.4707,0.9062,0.6549,0.4391,0.8394,0.1179,0.2545,0.3087,0.09258,490.9,883.4,49.58,0.4833,377.2,2.36,394.5,0.4338
109,child12,child,51.9536,11.000,0.000,11.000,92.000,-3.000,-16.467,-0.503,1993.000,14.207,45.150,1214,2569,83.07,120,3.023,1.289,0.7051,1.032,18.72,0.005,15.93,6.722,28.04,1.257,10.97,0.2737,80,8.247,6.372,3.204,0.2744,1824,519.1,5.144,180.2,2.592,2.096,45.43,111.4,15.38,9.246,196.1,204,90,2.339,0.6026,180.2,81.8,188.2,1192,455.5,78.81,0.04409,469.5,0.5623,0.6548,0.6953,0.4075,0.7,0.104,0.1857,0.3644,0.08367,478.8,926,46.34,0.5111,438,2.239,400,0.4512
109,child13,child,31.3646,10.000,0.000,10.000,55.000,5.000,-45.167,2.288,1875.000,24.993,61.267,1329,2356,86.76,102.9,2.968,1.048,0.6842,0.8287,14.39,0.005676,15.08,7.834,35.51,1.342,15.09,0.2165,76.25,8.297,7.902,4.325,0.2,1846,406.5,6,143.5,2.331,1.781,61.31,120,19.46,7.956,182.6,229.5,70.53,2,0.6097,197.5,65.58,195,1196,522.9,96.19,0.05239,574,0.5399,0.7854,0.5231,0.4065,0.7,0.09096,0.2244,0.3186,0.08737,572.5,1200,44.18,0.4413,399.6,2.245,327.7,0.5986
109,child14,child,26.5238,10.000,2.000,8.000,51.000,15.000,31.717,-2.107,1917.000,14.620,49.250,901.7,2800,141.2,110.2,2.757,1.316,0.723,1.217,14.99,0.006065,12.74,8.545,26.23,1.348,11.11,0.2935,77.37,8.92,9.33,3.917,0.2,2000,475.7,4.522,123.5,2.5,2.124,56.2,97.78,17.14,11.16,171.3,175.4,75.05,2,0.499,209.5,77.7,215.4,883,522.6,73.88,0.05185,446.8,0.5041,0.735,0.5679,0.2669,0.7358,0.1011,0.2121,0.3428,0.07379,535.8,848,56.99,0.4164,486.2,2.033,383.3,0.4785
109,child15,child,150.1812,35.000,0.000,35.000,164.000,24.000,148.750,-1.201,3655.000,26.933,47.500,1143,2800,99.15,120,2.699,1.012,0.9616,1.116,13.75,0.005702,16.34,5.806,32.16,1.438,12.48,0.2837,75.11,8.347,7.603,3.682,0.2309,1636,568,4.098,147.9,2.723,1.894,67.59,120,22.6,9.492,207.7,189.6,83.56,2,0.5572,223.7,96.81,196.9,928.1,558.5,77.47,0.04425,600,0.4522,0.726,0.5776,0.4677,0.7,0.1005,0.2924,0.3,0.0952,458.2,943.2,43.95,0.4064,460,2.003,367.1,0.5411
110,parent,parent,181.2277,38.000,0.000,38.000,204.000,28.000,188.583,0.413,3419.000,32.553,69.050,1101,2626,102.2,120,2.823,1.021,0.7756,1.054,15.45,0.005,14.49,6.907,27.59,1.388,12.49,0.2554,75.7,8.01,7.347,3.846,0.2,1858,478,5.16,144.6,2.701,1.99,54.35,120,17.11,9.385,187,210,90,2,0.5667,196.5,75.29,204.1,1120,541.9,83.12,0.04527,543.6,0.5005,0.7656,0.6292,0.381,0.7,0.1118,0.2321,0.3284,0.08093,509.9,957.4,48.31,0.4552,418,2.164,343.8,0.5029
110,child0,child,78.1587,20.000,2.000,18.000,109.000,-23.000,-217.367,1.831,1549.000,27.813,40.383,1152,2708,80,120,2.805,1.009,0.7715,0.9287,15.1,0.005,14.31,6.295,23.41,1.436,14.47,0.2684,75.58,8.303,7.025,3.648,0.2048,1626,420.8,5.19,150.1,2.107,1.703,49.67,120,15.71,9.537,153,244.1,72.41,2,0.5612,183.6,67.6,213.2,1048,637.9,88.83,0.04016,512.1,0.5417,0.6779,0.5216,0.442,0.7221,0.1127,0.2206,0.3445,0.07337,623.8,982.3,52.71,0.417,493,2.451,366.3,0.5521
110,child1,child,-6.4044,0.000,0.000,0.000,13.000,2.000,105.667,-2.526,1012.000,5.180,35.167,1128,2526,120.6,120,2.811,0.9463,0.6155,0.9498,16.06,0.005,15.52,6.279,28.29,1.249,13.11,0.2216,63.25,8.652,7.087,4.067,0.2241,2000,560.2,5.247,154.6,2.508,2.358,43.13,100.3,16.74,9.509,179.3,217.2,90,2.013,0.5856,170.3,70.73,215.2,1110,567.3,88.75,0.03727,574.8,0.5041,0.8451,0.5425,0.3514,0.7002,0.09926,0.2387,0.4211,0.08033,522.2,952.8,49.52,0.4667,414.9,2.211,361.4,0.4444
110,child2,child,22.0490,7.000,0.000,7.000,36.000,9.000,80.333,-2.195,1456.000,7.853,39.150,1064,2686,114.6,104.7,2.433,0.8957,0.8015,1.05,15.71,0.005,15.8,7.601,30.9,1.323,13.86,0.2335,72.57,7.465,7.789,4.152,0.2094,1820,467,5.305,128.5,2.52,1.959,46.52,106.4,15.67,11.25,148.3,205.3,87.92,2.103,0.5976,212.5,68.96,187.1,1246,545.2,87.21,0.04027,506.9,0.5257,0.6993,0.6053,0.4374,0.7111,0.1042,0.2208,0.3,0.07831,454.5,1200,47.8,0.394,515.9,2.34,376.4,0.5822
110,child3,child,75.6301,18.000,0.000,18.000,109.000,-6.000,-47.150,-0.404,2375.000,18.367,49.383,1014,2800,111.1,105.6,2.585,1.104,0.8544,0.8452,15.15,0.005,18.22,6.67,29.26,1.641,12.79,0.2219,80,7.729,8.603,3.578,0.2,1896,404.7,5.392,119.5,2.412,1.6,59.5,112.4,17.14,10.5,199.8,217.5,90,2.465,0.5948,176.6,81.93,203.3,1226,497.5,86.94,0.0402,566.2,0.5361,0.6642,0.5319,0.4095,0.7,0.1303,0.2192,0.3345,0.07005,484.5,860,52.17,0.4924,358.8,2.693,400,0.4873
110,child4,child,148.1336,36.000,1.000,35.000,155.000,35.000,225.550,0.616,3806.000,23.687,57.567,1193,2602,116.4,120,3.361,1.165,0.788,1.107,13.9,0.005,17.4,7.19,24.92,1.295,13.64,0.2905,70.07,6.23,7.595,3.683,0.2,1597,420.1,5.552,130.4,2.825,2.32,63.88,120,19.04,9.201,251.4,218.9,89.88,2,0.4578,179.8,82.37,178.4,983.4,706.4,93.84,0.04393,582.5,0.4746,0.8792,0.7058,0.3645,0.7171,0.1232,0.3102,0.3034,0.0789,474.8,1028,45.78,0.5131,516.3,2.181,392.1,0.543
110,child5,child,144.2337,32.000,0.000,32.000,168.000,15.000,137.150,-0.879,3364.000,28.900,45.400,930.7,2503,109,112.3,2.405,1.164,0.8341,1.105,17.1,0.005,11.69,6.162,28.19,1.687,12.77,0.3554,59.3,8.198,6.875,3.91,0.2644,1993,445.4,4.861,176.2,2.392,2.01,55.98,120,16.88,7.962,193.9,172.5,90,2,0.5936,219.2,78.43,195.6,1190,487.7,86.86,0.04714,578.8,0.5607,0.5705,0.6803,0.3677,0.7053,0.1266,0.1831,0.4221,0.08921,487.2,1089,51.03,0.3788,386.2,1.981,394.5,0.5328
110,child6,child,160.0820,37.000,0.000,37.000,162.000,35.000,313.650,1.828,3617.000,27.900,71.450,980.3,2061,123,120,2.761,0.8862,0.8644,1.119,13.85,0.005,13.34,9.566,33.32,1.423,10.34,0.2834,68.12,6.885,8.667,4.02,0.2,2000,483.6,6,124.3,2.746,2.5,54.9,108.6,18.12,9.156,213.1,229.4,90,2,0.5241,230.6,62.64,229.3,1196,522.2,74.9,0.03355,589.9,0.5093,0.6583,0.6531,0.3072,0.7,0.1308,0.2617,0.3085,0.08739,537.8,841.7,49.38,0.4948,394.3,1.843,322.2,0.4861
110,child7,child,126.5432,25.000,1.000,24.000,185.000,7.000,97.000,-0.234,3037.000,22.480,85.617,1259,2686,99.69,120,2.834,0.9321,0.6917,0.9266,16.01,0.005182,15.78,6.639,30.88,1.65,12.9,0.2748,55.88,8.097,6.816,3.456,0.2,1962,419.7,4.225,126.4,2.279,1.747,49.19,120,21.88,10.55,172.7,182.5,90,2.451,0.5477,169.8,76.92,214.9,1058,544.8,70.17,0.05306,577.2,0.5396,0.6863,0.7177,0.4326,0.7,0.09828,0.1829,0.3552,0.08243,470.2,988.1,50.51,0.5031,412.4,2.259,366.1,0.6252
110,child8,child,235.9339,50.000,0.000,50.000,241.000,44.000,275.550,0.419,4098.000,32.033,49.033,900,2800,98.95,120,2.961,1.106,0.9116,1.095,13.53,0.005802,15,6.308,28.05,1.411,11.67,0.269,76.83,7.63,8.763,3.815,0.2,2000,436.4,5.133,114.9,3,1.896,50.22,107.2,17.49,9.231,212.2,222.5,77.82,2,0.6331,186.7,87.79,175.7,1051,726.5,77.27,0.03604,515.8,0.5374,0.8869,0.5903,0.3428,0.734,0.1284,0.2603,0.3,0.08052,513.1,821.5,54.23,0.4489,392.1,2.192,307.6,0.4562
110,child9,child,154.0727,32.000,0.000,32.000,180.000,19.000,284.833,1.446,3361.000,23.587,61.783,1232,2161,108.3,119.6,2.497,1.105,0.9003,1.21,13.58,0.005176,12.28,5.832,27.39,1.297,13.43,0.2417,75.3,7.871,7.439,3.409,0.2057,2000,498.1,4.826,154.8,3,2.31,55.74,109.7,16.21,8.936,212.4,203.9,87.18,2.513,0.5896,207.6,85.2,232.1,1310,663.6,98.21,0.048,471,0.4722,0.8207,0.6378,0.3608,0.8688,0.1083,0.2553,0.3,0.08827,462.4,986.9,44.45,0.4991,334.4,2.332,400,0.4521
110,child10,child,175.3971,38.000,0.000,38.000,195.000,26.000,117.417,0.500,3552.000,32.560,51.250,945.5,2676,103.3,120,3.174,0.9234,0.6233,0.9626,15.32,0.00528,13.72,5.663,29.63,1.504,12.11,0.2826,68.07,7.691,7.591,4.719,0.2,1868,388.6,5.016,136.7,2.5,2.092,49.54,120,18.45,10.04,206,236.2,90,2,0.7953,182.3,62.52,196,1235,581.9,80.91,0.04766,592.8,0.5374,0.8765,0.6682,0.3945,0.7,0.1098,0.2072,0.4061,0.07471,537.2,932.7,50.9,0.4999,389,2.197,351.6,0.5071
110,child11,child,52.3758,12.000,0.000,12.000,83.000,3.000,48.567,-1.179,1881.000,15.160,57.800,967.3,2674,112,120,2.315,0.8994,0.7058,1.097,15.18,0.005,14.34,6.641,24.37,1.63,13.5,0.23,80,9.706,7.827,3.543,0.2423,1754,469.8,5.366,164.3,2.64,1.93,56.92,111.9,12.63,10.7,211.7,214.2,90,2,0.6631,222.9,86.74,194.5,1023,608.8,91.44,0.0477,432.9,0.4622,0.7493,0.5857,0.3982,0.7,0.09667,0.2234,0.3146,0.08357,461.3,1039,53.15,0.4181,480.8,2.407,333.9,0.3893
110,child12,child,132.5794,35.000,1.000,34.000,134.000,15.000,146.050,1.928,3615.000,28.540,43.017,1106,2146,95.54,120,2.569,0.9638,0.8331,1.091,13.79,0.005,18.47,5.883,37.31,1.479,13.89,0.221,58.61,7.128,8.09,3.965,0.2,1904,451.4,5.417,148.3,2.64,2.162,61.31,120,16.36,8.897,203,197.1,90,2,0.5997,207.7,70.62,199.6,1123,488,103.2,0.0554,560.8,0.4854,0.7583,0.567,0.3763,0.7,0.1011,0.2442,0.3653,0.0858,544,1046,55.12,0.4398,411,1.874,318.8,0.4958
110,child13,child,193.4278,45.000,0.000,45.000,186.000,36.000,214.217,1.135,3743.000,29.040,62.900,1185,2704,92.16,120,2.477,0.8475,0.7503,1.059,14.24,0.005382,14.68,7.701,24.45,1.534,12.49,0.2945,80,6.373,8.81,3.305,0.231,1724,465,5.486,163.4,2.918,2.028,62.58,118.3,15.39,9.608,157,204.9,90,2,0.5219,193.9,77.59,168.6,998.7,679.2,108.1,0.04431,507.9,0.4651,0.7893,0.7787,0.3308,0.7,0.1181,0.2791,0.3605,0.07092,556.5,1022,61.18,0.4717,359.6,1.538,372.5,0.452
110,child14,child,145.9764,31.000,0.000,31.000,172.000,20.000,148.267,0.483,3231.000,21.720,57.483,977.6,2514,118.6,118.4,2.773,1.335,0.6841,1.03,13.25,0.005,17.53,7.47,31.74,1.082,12.05,0.2292,79.81,7.759,7.788,3.899,0.2,1927,467.4,4.092,140,2.752,1.849,48.02,120,21.27,9.637,172.3,216.4,88.65,2.225,0.4592,186.5,63.75,230.4,1129,535.2,94.23,0.04409,498.3,0.4876,1,0.6468,0.3663,0.7,0.09921,0.1978,0.3,0.07743,484,970.7,42.76,0.4084,381,2.246,294.3,0.5402
110,child15,child,164.9540,34.000,0.000,34.000,187.000,22.000,285.567,0.483,3373.000,24.320,47.367,1012,2331,113.5,120,2.811,0.9148,0.8275,1.004,14.21,0.00509,15.5,7.027,28.83,1.21,11.63,0.2844,80,8.871,7.031,4.441,0.2,2000,566.7,4.103,180.7,3,2.137,56.86,120,18.14,9.428,162.3,162.7,90,2.381,0.5754,214.7,81.55,193.2,1211,568.6,85.68,0.03926,513.6,0.5175,0.7159,0.5839,0.3796,0.7284,0.1121,0.2432,0.3144,0.08134,492,1196,50.16,0.5036,409.4,2.054,400,0.4655
111,parent,parent,228.4787,43.000,0.000,43.000,262.000,51.000,273.867,0.515,4031.000,28.660,42.800,900,2800,98.95,120,2.961,1.106,0.9116,1.095,13.53,0.005802,15,6.308,28.05,1.411,11.67,0.269,76.83,7.63,8.763,3.815,0.2,2000,436.4,5.133,114.9,3,1.896,50.22,107.2,17.49,9.231,212.2,222.5,77.82,2,0.6331,186.7,87.79,175.7,1051,726.5,77.27,0.03604,515.8,0.5374,0.8869,0.5903,0.3428,0.734,0.1284,0.2603,0.3,0.08052,513.1,821.5,54.23,0.4489,392.1,2.192,307.6,0.4562
111,child0,child,-7.2969,0.000,0.000,0.000,14.000,-1.000,82.667,-3.171,985.000,4.947,38.200,900,2542,96.7,116.7,3.504,1.131,1.038,1.039,12.77,0.005986,15.24,6.556,29.05,1.659,14.04,0.2594,63.71,5.859,10.14,2.863,0.2519,1788,385.5,5.649,129.8,3,1.875,57.23,98.31,14.19,6.811,207,221.5,87.97,2.013,0.7393,178.5,96.33,204.7,940.9,600.1,80.39,0.02662,530.4,0.4596,1,0.617,0.3123,0.7291,0.1144,0.2281,0.3287,0.08347,612.2,890,45.35,0.5029,401,2.298,331.4,0.3971
111,child1,child,130.3418,33.000,1.000,32.000,146.000,22.000,136.983,0.916,3625.000,32.193,67.867,900,2724,84.29,120,3.439,1.006,0.9664,0.8107,13.09,0.006868,17.7,6.921,23.43,1.391,12.97,0.2396,80,8.626,7.858,3.586,0.2082,2000,454.7,5.211,106.5,2.426,2.037,47.82,106.6,18.98,7.967,180.8,218.3,69.44,2,0.6863,170.6,100,178.7,1111,744.1,76.15,0.03889,478.8,0.4868,0.7685,0.5,0.3129,0.7181,0.1051,0.2325,0.3701,0.08173,601.6,938.5,51.54,0.5048,370.4,1.955,293.2,0.4442
111,child2,child,118.9279,27.000,0.000,27.000,139.000,11.000,108.750,0.644,2832.000,30.940,48.550,900,2682,85.84,120,3.249,1.113,0.8888,1.058,12.39,0.005313,14.32,6.859,29.69,1.204,11.87,0.239,80,7.16,8.748,3.56,0.2025,2000,442.5,5.243,115.6,2.745,1.955,43.78,109.5,16.22,10.56,239.1,203.1,70.71,2,0.6564,150,85.92,206.6,913.6,743.3,84.37,0.03715,414.8,0.5359,0.8858,0.6557,0.34,0.7,0.1355,0.2795,0.3222,0.06865,507.4,1161,50.26,0.5388,405,1.937,309.4,0.4014
111,child3,child,-6.4479,0.000,0.000,0.000,18.000,2.000,-13.767,-2.792,989.000,4.667,38.200,900,2589,81.46,120,2.785,1.196,1.178,1.228,11.73,0.006769,14.28,6.249,29.53,1.215,14.65,0.2297,68.16,7.022,9.311,4.137,0.2,1697,452.7,5.223,114.4,2.637,2.159,49.71,97.13,16.57,9.422,229.2,155.7,85.22,2,0.7109,240.8,82.57,154.1,1145,819.3,71.6,0.03323,584.8,0.5636,0.9577,0.6124,0.4384,0.7,0.1335,0.2654,0.3,0.08117,554.7,722.6,60.88,0.4323,369.6,2.518,320.6,0.4415
111,child4,child,-15.2312,0.000,0.000,0.000,4.000,-6.000,-25.900,-1.954,1017.000,4.427,39.233,1014,2800,98.51,120,3.034,1.121,0.8357,1.183,15.65,0.005332,16.44,6.423,35.46,1.296,11.54,0.305,66.52,8.539,10.6,4.205,0.2,1653,500.6,5.533,116.7,2.873,1.942,46.57,100.3,17.03,10.98,206.3,216.8,90,2.105,0.5861,193.4,100,166.5,911.1,697.5,64.81,0.03253,469.5,0.5968,0.8999,0.6145,0.4272,0.7945,0.1413,0.2622,0.3058,0.08872,667.1,811.7,59.01,0.4427,391.1,2.269,316.1,0.5705
111,child5,child,95.4534,28.000,1.000,27.000,103.000,-5.000,-85.317,1.216,2813.000,22.933,45.250,900,2323,88.3,97.94,3.803,1.08,0.9266,1.001,15.15,0.005077,12,6.218,30.5,1.269,14.34,0.2849,66.58,7.845,8.74,4.157,0.2181,2000,417.6,5.677,124.5,3,1.756,44.62,106.5,18.46,7.536,220.1,241.1,74.83,2,0.6489,194.2,94.46,209.4,1001,701.5,65.86,0.03692,487.7,0.5649,1,0.6114,0.4438,0.7,0.111,0.2766,0.3005,0.0781,450.7,796.1,45.52,0.4549,411.4,1.999,367.4,0.4387
111,child6,child,-4.9828,3.000,0.000,3.000,16.000,-9.000,-100.967,-2.403,1244.000,6.987,38.233,900,2800,98.63,115.2,2.711,1.051,1.004,1.198,11.46,0.006513,17.46,6.717,34.04,1.555,10.66,0.2866,80,6.624,9.545,3.502,0.2005,2000,392.1,5.586,116.1,2.85,1.511,43.22,94.09,18.6,10.96,210,260.5,75.01,2,0.5904,194.1,89.63,208.3,912.2,640.9,89.85,0.03917,531.1,0.4965,0.7516,0.5867,0.3895,0.7554,0.1278,0.2812,0.3,0.09261,389.4,763.7,60.62,0.5045,358.5,2.313,288.6,0.4369
111,child7,child,63.1702,22.000,2.000,20.000,92.000,-42.000,-307.367,0.834,2070.000,26.460,53.533,959.6,2713,92.69,120,2.964,1.215,0.9648,1.255,15.73,0.005112,17.25,7.154,40.11,1.462,12.21,0.2789,70.41,7.935,9.217,4.083,0.2119,2000,381.5,5.298,111.7,2.941,1.573,51.59,120,21.12,8.574,269.8,215.4,73.29,2.107,0.6632,180.1,86.43,183.4,1219,750,67.56,0.03634,582.1,0.5891,0.9766,0.5423,0.2593,0.8012,0.1507,0.2707,0.3915,0.09367,465.9,836,55.63,0.5178,383.6,2.211,308.9,0.4388
111,child8,child,126.3661,32.000,3.000,29.000,159.000,30.000,235.900,-0.130,4052.000,29.800,72.867,945.2,2800,91.2,114.8,2.966,0.9728,0.8737,0.7823,13.52,0.005269,11.61,7.161,30.5,1.408,10.11,0.224,80,7.037,8.833,4.236,0.2,2000,491.8,5.413,118.3,3,1.572,49.43,99.44,18.55,7.649,220.3,190,63.53,2,0.7627,170,86.26,202,1088,688.5,81.71,0.03042,530.4,0.5893,0.9773,0.5,0.3642,0.7967,0.1256,0.2747,0.3,0.0808,568.3,935.8,51.45,0.3627,329.5,2.324,363.3,0.3967
111,child9,child,56.0994,14.000,0.000,14.000,74.000,10.000,83.083,-1.360,1965.000,14.373,47.950,1050,2241,88.75,120,3.099,0.9801,0.8266,1.459,13.15,0.005819,14.03,5.839,29.38,1.436,12.33,0.2693,73.97,7.506,9.943,3.211,0.2084,1902,457.2,4.782,108.9,3,2.5,43.17,106.4,17.21,9.139,195.2,233.1,90,2,0.5924,199.3,90.13,152,913.7,828.3,79.02,0.03831,441.8,0.5985,0.8048,0.5291,0.3386,0.7476,0.1362,0.2703,0.3623,0.0836,480.3,810.4,52.21,0.4523,493.3,2.147,370.7,0.3967
111,child10,child,99.8140,31.000,1.000,30.000,82.000,21.000,279.283,5.029,3482.000,22.427,64.233,1006,2679,102,89.69,3.313,1.366,0.8163,1.089,12.58,0.006525,14.95,5.243,25.87,1.241,11.91,0.237,75.65,6.704,7.879,3.725,0.2067,1659,448.3,5.732,123.1,2.775,2.084,51.65,102.7,17.12,10.95,167.5,221.2,73.07,2,0.7492,151.7,98.6,201.3,868,733.1,80.36,0.03477,471.1,0.5321,0.9609,0.6122,0.364,0.7,0.1218,0.2917,0.3062,0.06175,444.7,722.3,68.39,0.604,285.2,2.315,266.4,0.5048
111,child11,child,-16.1844,1.000,1.000,0.000,8.000,-8.000,-40.450,-2.568,1194.000,6.547,38.967,900,2800,105.5,120,2.666,0.9245,1.021,1.095,12.16,0.006587,15.53,5.479,25.57,1.3,11.24,0.2832,77.72,7.242,8.518,3.394,0.2018,2000,461.7,4.949,116.6,3,2.127,43.93,81.33,16.06,7.613,219.6,287.1,65.17,2.044,0.7001,222.6,85.5,176.2,1166,696.9,82.59,0.02807,600,0.5719,0.8702,0.5,0.3218,0.7161,0.1107,0.283,0.3124,0.07833,590.8,750.7,57.69,0.5882,334.6,2.048,324.3,0.5774
111,child12,child,146.4748,31.000,0.000,31.000,172.000,33.000,279.183,-0.464,3656.000,22.587,56.583,900,2800,96.98,109.9,2.672,1.097,0.8935,0.8926,15.91,0.006406,15.2,5.435,27.4,1.385,9.744,0.2732,80,7.868,8.739,4.648,0.2,1727,435.3,4.583,115.2,2.974,1.54,48.58,90.83,20.03,8.334,221.4,271.1,61.05,2.324,0.7872,204.5,78.79,181.8,1132,858.1,69.94,0.03363,553,0.4235,0.934,0.5,0.3547,0.736,0.1489,0.3273,0.3507,0.1008,558.8,749.4,50.22,0.4119,407.5,2.404,281.6,0.4463
111,child13,child,116.4976,28.000,1.000,27.000,145.000,14.000,76.767,0.414,3331.000,31.567,50.783,900,2731,91.07,120,2.519,1.071,0.7868,0.944,14.22,0.00677,16.42,6.274,26.91,1.544,10.71,0.2262,68.73,6.783,8.345,4.357,0.2,2000,452.6,5.6,105.6,2.745,1.948,63.91,101.6,19.57,8.772,198.7,252.4,60.77,2.38,0.6652,176.7,96.27,205.2,1042,887.3,111,0.03456,467.1,0.7216,0.9272,0.5854,0.2757,0.8358,0.1553,0.2796,0.3,0.07807,461.2,1060,55.62,0.5079,413.2,2.338,322.6,0.4486
111,child14,child,159.2284,31.000,0.000,31.000,186.000,33.000,339.817,0.300,3230.000,24.180,56.000,900,2405,97.88,120,2.872,1.133,0.8524,0.9178,12.43,0.006026,17.07,6.667,31.03,1.322,10.62,0.2719,75.93,7.195,8.771,3.674,0.213,1921,477.4,5.655,100,3,1.66,62.97,111.8,18.12,9.557,245.8,204.2,85.21,2.154,0.6645,210,100,202.5,1040,744.6,74.67,0.04859,550.6,0.5872,0.9207,0.6201,0.2814,0.7547,0.1397,0.2413,0.3,0.08696,568.7,975.1,59.02,0.4451,317.8,2.139,320.7,0.4573
111,child15,child,36.5713,11.000,0.000,11.000,69.000,-17.000,-116.517,-2.114,1733.000,14.980,53.133,900,2800,99.95,110.2,2.7,1.02,0.8806,1.152,13.45,0.005249,15.7,6.885,28.62,1.757,12.59,0.2658,75.3,7.374,7.974,3.097,0.2292,2000,488.3,5.485,109.3,3,2.398,51.77,103.6,16.85,8.886,202.5,176.9,81.39,2.138,0.6192,180.6,82.2,169.9,1150,900,64.9,0.03096,437.6,0.481,0.8355,0.5712,0.299,0.7721,0.1429,0.244,0.3691,0.07572,476.3,771.9,59.03,0.4983,378.2,1.881,292.4,0.4606
112,parent,parent,192.9304,41.000,1.000,40.000,208.000,47.000,250.117,0.761,3734.000,31.973,53.150,900,2800,98.95,120,2.961,1.106,0.9116,1.095,13.53,0.005802,15,6.308,28.05,1.411,11.67,0.269,76.83,7.63,8.763,3.815,0.2,2000,436.4,5.133,114.9,3,1.896,50.22,107.2,17.49,9.231,212.2,222.5,77.82,2,0.6331,186.7,87.79,175.7,1051,726.5,77.27,0.03604,515.8,0.5374,0.8869,0.5903,0.3428,0.734,0.1284,0.2603,0.3,0.08052,513.1,821.5,54.23,0.4489,392.1,2.192,307.6,0.4562
112,child0,child,28.7784,12.000,0.000,12.000,41.000,-10.000,-71.767,-1.224,1774.000,12.793,46.550,900,2784,119,120,2.492,1.02,0.8173,1.135,16.6,0.005664,17.08,6.219,22.96,1.612,12.84,0.2417,67.44,8.043,9.402,4.337,0.2,1898,385.2,5.751,115.8,2.813,2.439,36.91,106.5,19.02,9.457,157.1,204,84.22,2,0.6359,171,100,169.4,1122,561.3,73.03,0.04366,456.3,0.557,1,0.5333,0.3325,0.7363,0.1372,0.2478,0.3182,0.08387,579.2,917.8,51.05,0.4391,324.5,2.267,267.5,0.4356
112,child1,child,43.6819,13.000,0.000,13.000,68.000,-6.000,-77.233,-1.127,1975.000,13.133,49.467,1272,2800,90.26,120,2.6,1.166,0.8882,0.9671,15,0.005701,13.92,6.177,27.8,1.047,12.41,0.219,74.49,8.602,9.283,5.103,0.2,2000,513.5,4.541,123.6,2.957,1.762,62.31,112.6,16.44,7.803,220.2,200.2,90,2.151,0.6014,167.4,87,193.4,1184,760.7,85.84,0.03651,557.2,0.5319,0.8399,0.5726,0.3121,0.7,0.1249,0.2789,0.3518,0.09214,694.1,702.1,53.53,0.4994,338,2.037,315.6,0.4042
112,child2,child,32.7367,9.000,1.000,8.000,50.000,25.000,135.267,-1.969,1719.000,12.593,45.350,900,2549,90.04,120,3.401,1.129,0.9114,0.9337,12.36,0.005032,13.97,5.976,27.02,1.057,11.56,0.2593,78.17,7.715,7.843,3.083,0.2,1682,381.4,5.589,100,3,1.639,38.96,93.95,18.66,12.14,196.9,221.9,72.09,2.206,0.5957,217.7,100,163.8,982.8,704.3,79.38,0.03241,525.4,0.6155,0.783,0.7148,0.4016,0.792,0.117,0.271,0.331,0.06797,501.1,882.3,50.93,0.38,355.8,2.43,297.4,0.3996
112,child3,child,-62.6069,13.000,14.000,-1.000,-52.000,-7.000,-68.167,1.609,2329.000,30.213,53.367,990.9,2800,144,120,3.435,1.057,0.9521,0.9856,11.92,0.005,16.75,5.622,24.87,1.585,10.5,0.2947,80,7.899,7.924,4.035,0.2047,1807,385.9,5.852,117.8,3,1.769,52.93,120,20.47,9.547,276.5,222.2,70.74,2.48,0.6524,170.8,93.45,180,1043,766.2,86.78,0.02942,558.9,0.5404,0.8373,0.6824,0.3192,0.7,0.1417,0.2995,0.3,0.08592,477.8,727.3,46.19,0.5716,415.8,2.4,367.3,0.4737
112,child4,child,15.5236,5.000,0.000,5.000,32.000,4.000,78.567,-2.171,1217.000,6.107,39.817,901.8,2800,100.7,120,3.961,0.9287,0.976,1.12,14.48,0.006337,15.71,6.815,27.19,1.336,14.37,0.2368,66.29,8.758,10.69,3.318,0.2103,1882,410,5.541,108,2.567,2.311,49.88,96.91,20.23,9.734,225.6,208.1,80.94,2.103,0.6886,192.6,99.88,194.3,1085,875.1,75.26,0.03123,542.5,0.5526,0.8257,0.6283,0.2786,0.7,0.1096,0.2808,0.3,0.07569,499.9,669.4,55.17,0.4766,417.9,2.355,282.1,0.3299
112,child5,child,53.1987,22.000,2.000,20.000,74.000,-31.000,-209.100,1.245,2411.000,31.267,68.050,900,2766,107.4,120,2.251,0.8763,0.8673,0.9634,14.89,0.005006,12.68,7.287,28.72,1.267,13.72,0.2725,78.7,5.478,6.718,3.293,0.2,1727,455.5,5.407,102.1,2.791,2.056,51.13,114.1,16.54,7.738,251,263.6,68.22,2.11,0.6808,211.5,82.79,196.5,1257,678.8,81.72,0.03686,600,0.5603,0.8021,0.636,0.3348,0.9123,0.12,0.3044,0.3655,0.06725,579.3,862.5,53.43,0.3699,383.1,2.391,348.8,0.4455
112,child6,child,48.7233,14.000,0.000,14.000,70.000,1.000,7.950,2.033,2229.000,18.253,55.367,900,2800,98.16,104.8,2.728,1.255,1.04,1.263,13.03,0.005566,15.64,5.645,31.6,1.464,10.78,0.2643,80,10.22,10.36,4.107,0.2,2000,396.6,4.954,100,3,1.769,53.93,92.37,21.15,9.534,225.4,232,80.39,2.021,0.6994,182.6,80.02,160.1,948.8,714.2,77.53,0.04041,556.6,0.5947,0.8937,0.6821,0.3532,0.8381,0.1468,0.2585,0.3351,0.08224,494.3,791.5,70,0.5194,389.5,2.415,304.7,0.4554
112,child7,child,138.5062,27.000,0.000,27.000,193.000,9.000,100.117,-0.834,3442.000,24.240,55.350,900,2800,116.8,117.4,2.575,1.03,0.9681,1.048,10.65,0.006384,17.39,6.187,35.02,1.444,13.45,0.3561,80,7.606,10.25,4.809,0.2657,2000,441,4.937,108.6,2.586,2.163,47.85,116.5,16.83,8.537,207.9,285.6,81.63,2.128,0.5886,190.8,81.41,170.6,1318,687.7,68.47,0.03529,600,0.5192,0.957,0.6881,0.4042,0.7157,0.113,0.2814,0.3,0.09524,498.7,900.1,52.88,0.5267,405,2.181,307.9,0.5102
112,child8,child,109.8176,31.000,1.000,30.000,108.000,8.000,108.833,1.432,3188.000,24.167,43.783,900,2584,85.9,120,2.868,1.048,0.8538,1.367,14.61,0.005,14.04,6.344,26.33,1.411,10.33,0.2494,77.31,8.234,8.149,3.805,0.2309,1939,436.3,5.269,108.7,3,1.883,49.4,103.1,17.79,10.92,199.1,276.5,68.66,2.317,0.7729,217.8,82.49,157.2,960.5,863.4,64.91,0.03509,434.9,0.571,0.9725,0.5027,0.3616,0.7358,0.07688,0.3031,0.3,0.07265,508,927.5,55.75,0.4181,389.3,2.179,340.7,0.4391
112,child9,child,84.1960,22.000,0.000,22.000,102.000,3.000,-2.517,-0.609,2506.000,18.827,61.067,900,2800,102.5,120,3.691,1.398,0.9753,1.203,13.01,0.005363,15.18,5.898,28.29,1.354,11.62,0.2389,80,9.781,9.226,4.178,0.2,2000,516.9,4.627,127.2,2.968,1.86,47.55,116.8,17.36,8.509,226.2,187.5,90,2,0.6252,237.6,89.24,162.7,1068,644.8,84.58,0.03902,442.1,0.5529,0.8278,0.5782,0.2944,0.7865,0.1575,0.2493,0.3,0.08225,426.9,986.7,58.96,0.4896,434.3,1.953,332.6,0.4916
112,child10,child,8.8011,7.000,1.000,6.000,33.000,0.000,-86.933,-1.869,1516.000,13.240,65.417,951.1,2800,85.63,120,2.767,1.195,0.9015,0.9844,13.29,0.005324,17.91,6.513,26.64,1.374,12.44,0.2599,67.39,8.702,10.31,3.768,0.2531,1650,487.2,5.448,101.8,3,1.514,46.45,112.5,17.54,10.09,190.3,203.7,90,2,0.5715,202.4,77.84,153.4,992.3,838.3,85.96,0.03454,514.3,0.4387,0.9077,0.5623,0.334,0.7,0.1232,0.3259,0.3571,0.06703,465.5,938.9,52.29,0.4977,348.2,2.182,269.9,0.4226
112,child11,child,63.6873,22.000,1.000,21.000,71.000,-17.000,-227.583,1.362,1758.000,27.187,72.433,900,2800,113.7,119,2.729,0.9825,0.9892,1.01,10.02,0.007953,15.34,6.016,29.1,1.038,11.98,0.3341,74.84,7.603,7.739,2.77,0.2,2000,481.7,5.126,120.3,3,1.747,51.11,103.9,17.05,9.802,200.9,208.1,60.71,2,0.7022,216.8,86.68,172.1,1187,877.4,79.49,0.03775,495.7,0.4851,0.7868,0.5255,0.3455,0.8328,0.1124,0.2957,0.3537,0.09622,509.1,854.9,54.28,0.4467,365.9,1.911,295.5,0.4618
112,child12,child,80.6519,21.000,3.000,18.000,119.000,12.000,53.433,-0.666,2776.000,23.707,58.533,909.4,2800,110.5,120,2.827,1.165,1.06,0.9325,11.2,0.007174,16.01,5.577,26.08,1.379,13.04,0.2756,69.68,7.039,11.37,3.657,0.2,2000,516,4.891,130.5,2.444,2.32,46.06,110.6,22.32,8.046,228.7,244.7,68.01,2.616,0.6312,150,87.95,207.4,1058,700.8,78.02,0.03341,533.7,0.6222,0.9413,0.5197,0.3162,0.7188,0.14,0.2985,0.3,0.08855,446,712.1,46.67,0.4764,396,2.061,303.3,0.4946
112,child13,child,71.2473,17.000,0.000,17.000,105.000,14.000,144.717,0.550,2832.000,24.720,74.300,1116,2461,98.61,120,3.373,1.088,0.8583,1.003,14.85,0.006347,13.95,6.517,30.09,1.379,10.55,0.2862,68.44,8.218,9.246,4.687,0.2,1614,532.2,4.752,165.5,3,1.983,55.24,120,17.45,8.038,206.8,221.5,69.32,2.046,0.7285,173.7,92.15,247.1,1258,686.9,71.53,0.03842,562.5,0.6237,1,0.5597,0.3478,0.7363,0.1148,0.274,0.3,0.07709,462.8,752.2,49.02,0.3418,351.5,2.141,343.6,0.4597
112,child14,child,2.3129,2.000,0.000,2.000,23.000,1.000,30.950,-2.002,1055.000,4.800,39.750,900,2800,118.7,117,2.507,0.9595,0.7959,0.8276,13.56,0.006509,16.33,5.047,32.03,1.268,12.87,0.2329,67.24,11.15,6.798,3.883,0.2501,2000,517.9,4.503,104.3,2.724,1.782,37.47,104.2,22.99,9.652,230.2,170.6,90,2,0.65,225.8,88.38,172.7,867.1,722.7,82.02,0.03936,494.9,0.5159,0.9173,0.6561,0.4462,0.7,0.1114,0.2634,0.3,0.1013,409,722.2,47.48,0.525,465,2.148,269.4,0.4034
112,child15,child,166.7994,35.000,0.000,35.000,178.000,41.000,310.367,1.060,3262.000,21.913,73.267,900,2532,119.7,120,3.761,1.212,0.8211,0.952,14.79,0.005285,13.93,7.252,32.65,1.373,11.14,0.2852,80,7.308,8.077,3.265,0.2085,2000,410.3,6,100,2.846,1.837,47.89,102.9,15.11,7.968,179.3,226.7,79.45,2.385,0.6443,241.5,78.44,177.9,889.1,636.3,93.91,0.03879,502.7,0.5666,0.821,0.6073,0.29,0.7727,0.2024,0.2127,0.3,0.08359,564,707.9,55.44,0.3868,377.1,1.928,278.1,0.4435
113,parent,parent,191.1854,40.000,1.000,39.000,230.000,27.000,217.083,-0.076,4113.000,26.133,67.750,900,2800,98.95,120,2.961,1.106,0.9116,1.095,13.53,0.005802,15,6.308,28.05,1.411,11.67,0.269,76.83,7.63,8.763,3.815,0.2,2000,436.4,5.133,114.9,3,1.896,50.22,107.2,17.49,9.231,212.2,222.5,77.82,2,0.6331,186.7,87.79,175.7,1051,726.5,77.27,0.03604,515.8,0.5374,0.8869,0.5903,0.3428,0.734,0.1284,0.2603,0.3,0.08052,513.1,821.5,54.23,0.4489,392.1,2.192,307.6,0.4562
113,child0,child,56.7867,17.000,3.000,14.000,98.000,-7.000,-94.333,0.962,2094.000,26.193,78.483,900,2370,103.9,120,2.675,0.8709,1.103,1.48,13.5,0.005437,16.68,5.714,22.15,1.488,9.663,0.2733,69.17,6.778,8.189,4.199,0.2,1958,430.5,5.107,110.1,3,1.793,61.4,120,16.9,9.608,239.4,191.3,75.22,2.088,0.6384,204.9,76.03,169.5,1087,718.7,85.07,0.03574,595.4,0.5582,0.7953,0.555,0.3141,0.7,0.1507,0.2939,0.3473,0.08369,618,880.7,51.12,0.3788,348.7,2.751,335.5,0.3545
113,child1,child,145.7093,34.000,0.000,34.000,166.000,16.000,92.217,0.556,3608.000,28.213,57.117,1033,2800,111.4,119,2.947,1.234,0.8694,1.35,12.66,0.005231,14.6,5.95,27.55,1.283,10.65,0.308,80,6.951,9.302,2.913,0.2,2000,430.6,5.678,106,3,2.138,44.01,117.5,17.72,7.986,268.4,229.3,84.18,2,0.6099,210,86.63,134.4,834.2,767.9,90.16,0.03431,524.3,0.4471,0.8201,0.577,0.3037,0.7,0.1217,0.2255,0.3204,0.08978,506.8,831.6,58.35,0.4055,393.6,2.04,369.7,0.3967
113,child2,child,-11.0651,0.000,0.000,0.000,10.000,-2.000,-4.983,-2.824,967.000,5.400,39.433,900,2800,80.12,120,2.955,1.232,0.8217,1.5,16.15,0.005615,15.71,7.962,24.04,1.53,10.57,0.2977,63.2,6.232,8.392,4.065,0.2,1647,449.5,5.54,118.8,2.744,2.372,45.43,99.05,17.57,8.871,205.5,230,90,2,0.6553,158.6,92.42,172.6,934.4,669.5,70.6,0.03852,534.5,0.4862,0.9718,0.7248,0.2937,0.7481,0.1667,0.2374,0.3078,0.0728,669.5,872.9,52.5,0.6235,428,2.241,294.3,0.4908
113,child3,child,72.7040,17.000,2.000,15.000,117.000,5.000,72.650,1.287,2593.000,25.640,53.983,900,2561,87.22,120,3.407,1.066,0.8521,1.007,13.27,0.006579,14,6.661,27.75,1.359,11.42,0.2928,64.26,7.378,11.75,4.296,0.2,1920,405,5.595,131.9,3,1.942,36.47,118.3,18.76,8.905,197.5,273.2,78.08,2,0.5218,180.2,82.98,206.4,856.5,619.1,85.26,0.03119,599.5,0.6057,0.9301,0.6755,0.2968,0.9174,0.1125,0.2701,0.3,0.07068,553.8,796.8,70.56,0.3718,421.9,2.156,330.3,0.3926
113,child4,child,134.7533,28.000,1.000,27.000,184.000,16.000,104.983,-0.246,3545.000,30.733,49.000,957.3,2800,94.74,107.3,2.67,1.008,0.9163,0.9378,12.06,0.006157,15.28,6.134,27.58,1.248,10.66,0.2843,72.79,7.24,8.842,4.209,0.2005,2000,469.2,5.527,137.4,2.939,1.868,59.6,118.2,17.68,9.915,252.1,204.4,87.64,2.274,0.5981,167.2,76.84,165.4,1173,634.6,81.95,0.03038,510.9,0.6555,0.7366,0.5992,0.3149,0.7,0.1293,0.2739,0.3618,0.08909,443.5,681.3,49.54,0.4003,316.4,2.026,273.7,0.4207
113,child5,child,13.8507,5.000,0.000,5.000,35.000,2.000,37.767,-2.087,1385.000,8.413,40.700,900,2800,98.92,120,2.888,1.187,1.019,1.25,11.88,0.005,15.01,6.773,30.18,1.392,9.635,0.244,80,7.892,9.539,3.847,0.2,1951,388.6,4.564,107.5,3,2.065,46.52,98.96,16.16,10.69,218.5,235.4,77.84,2.266,0.6132,164.8,79.65,158.6,1014,772.4,62.02,0.03397,579.7,0.449,0.8855,0.5706,0.3647,0.7517,0.1783,0.2002,0.3377,0.0912,545.4,902.4,52.91,0.4487,339.1,2.427,296.4,0.4414
113,child6,child,12.0496,5.000,0.000,5.000,30.000,4.000,-0.867,-1.573,1248.000,8.367,46.300,946.2,2489,90.84,120,3.219,1.145,0.9957,1.069,15.19,0.005169,16.83,7.162,25.46,1.27,11.66,0.3479,63.21,8.382,9.269,3.976,0.2239,1809,416.4,4.708,119.1,2.971,1.582,41.24,105.1,15.06,12.21,220.2,207,84.69,2,0.6415,176,70.5,174.1,1441,766.3,91.57,0.04194,430.3,0.5724,0.9056,0.7088,0.2442,0.7778,0.1437,0.2535,0.3,0.07741,492.8,828.9,56.01,0.3935,468.1,2.04,312.9,0.4847
113,child7,child,100.9194,25.000,1.000,24.000,144.000,6.000,-50.450,0.412,3448.000,28.307,61.667,900,2363,88.23,120,3.046,1.059,0.972,1.146,13.74,0.005414,16.56,6.32,31.39,1.314,13.31,0.2772,80,8.126,7.007,3.755,0.2,2000,512.7,5.021,136.2,2.782,2.5,53.43,119.8,19.02,8.866,180.8,222.5,85.74,2,0.5511,202.1,79.54,176.5,882.9,804.6,77.55,0.03554,600,0.4867,0.9399,0.5389,0.3208,0.8325,0.1634,0.2234,0.3182,0.08274,500.2,996,53.31,0.5181,423.9,1.786,313.9,0.4304
113,child8,child,187.3632,42.000,0.000,42.000,204.000,20.000,107.133,0.907,3953.000,31.347,45.683,1183,2800,111.5,108.3,2.767,1.13,0.7705,1.225,15.22,0.006786,18.73,7.181,30.23,1.2,11.64,0.2306,72.65,8.157,7.854,3.346,0.2,2000,479.7,6,115.3,3,2.012,44.06,95.76,17.11,9.977,221.6,263.5,63.22,2.444,0.6383,183.1,88.22,147.2,835,589.9,72.57,0.0316,504.5,0.5523,1,0.6658,0.3094,0.8355,0.1581,0.2745,0.3456,0.07406,520.9,745.8,65.15,0.4838,346,2.445,375.9,0.4824
113,child9,child,104.9202,26.000,2.000,24.000,147.000,6.000,7.133,0.358,3345.000,26.447,60.067,900,2629,93.85,118.4,3.377,1.105,1.088,1.478,15.1,0.005739,13.66,5.965,27.97,1.221,11.97,0.3204,70.54,7.32,9.48,3.824,0.2,1888,507,5.199,111.7,2.796,1.85,52.82,120,18.83,9.851,218.9,212.5,81.27,2.138,0.6725,179,84.15,187.5,817.4,785.2,76.48,0.03539,535.7,0.5619,0.6956,0.5618,0.291,0.7441,0.137,0.2747,0.3208,0.07093,480.4,812.4,48.51,0.5029,313.7,2.284,332.9,0.4486
113,child10,child,81.8247,18.000,2.000,16.000,106.000,17.000,191.900,1.090,1897.000,25.100,54.783,900,2800,104.4,120,3.003,1.106,0.8483,1.23,11.54,0.006239,16.9,5.964,23.17,1.364,11.42,0.2433,80,6.796,10.3,3.743,0.2,1981,473.5,5.376,112.2,3,2.288,52.11,120,16.75,9.317,204.6,284.3,73.08,2.239,0.667,201,85.04,163.4,996.6,663.5,83.25,0.0411,600,0.4299,0.7119,0.6067,0.2987,0.7126,0.1436,0.3033,0.3503,0.06486,503.4,737.1,54.75,0.4436,410.3,1.97,268.1,0.3737
113,child11,child,117.7917,30.000,0.000,30.000,116.000,18.000,176.167,1.607,3124.000,22.067,46.883,900,1836,101.2,107.8,3.258,0.9583,1.078,1.233,12.64,0.006694,14.66,6.88,30.77,1.491,13.75,0.2319,80,6.835,8.982,3.1,0.2285,2000,440.1,4.783,113.1,3,1.811,49.93,112.4,17.56,8.688,184.3,205.9,80.96,2,0.5488,180.3,85.75,187.9,1062,678.4,84.27,0.03738,593.4,0.4565,0.9393,0.5188,0.3842,0.7,0.148,0.2777,0.3124,0.08124,561.2,805.1,58.49,0.5424,364.3,1.866,330.5,0.4986
113,child12,child,19.1208,8.000,0.000,8.000,34.000,2.000,25.317,-1.336,1608.000,12.393,47.983,900,2800,96.63,120,2.232,1.228,0.9485,1.25,14.1,0.005221,13.86,5.754,30.86,1.303,13.2,0.2909,80,9.239,8.78,3.861,0.2294,1736,421.3,5.028,126.3,3,1.878,57.68,106.3,17.65,8.679,236.3,267.4,85.58,2,0.6708,150,100,180.1,959.6,766.6,81.44,0.03663,461.4,0.4505,0.8909,0.5816,0.2773,0.8931,0.1593,0.2116,0.3,0.07751,543.7,999.1,51.48,0.3852,393.2,2.391,300.2,0.4338
113,child13,child,85.6951,25.000,2.000,23.000,93.000,-15.000,-163.783,1.715,1548.000,25.367,63.700,1031,2645,81.35,120,2.535,1.22,0.968,1.248,18.13,0.006923,13.58,5.69,20.44,1.468,10.6,0.2707,70.65,6.48,10.07,3.124,0.2,2000,381.5,6,125.1,2.837,1.755,55.37,120,19.35,8.53,225.8,228.4,75.64,2,0.5966,214.5,80.44,186.7,1069,721.1,69.09,0.03647,560.2,0.4768,0.8763,0.6335,0.3288,0.8181,0.1437,0.2152,0.304,0.07368,511.1,888.3,50.57,0.4137,431.1,1.922,270.9,0.4429
113,child14,child,149.1314,32.000,1.000,31.000,165.000,31.000,295.533,-0.010,3050.000,24.107,55.633,900,2573,99.37,110.8,2.846,1.024,0.9334,1.122,13.63,0.006229,16.86,5.442,32.95,1.76,11.31,0.2967,80,8.658,8.534,3.194,0.2,2000,387.4,4.627,132.6,2.911,2.169,43.86,105.1,15.87,9.128,188.8,197.9,75.15,2,0.565,220.5,79.86,173.4,939.2,729.4,83.58,0.03135,517.1,0.4948,0.866,0.5,0.368,0.791,0.1362,0.2357,0.3,0.07029,532.1,778.3,57.93,0.372,375.2,1.818,241.6,0.4219
113,child15,child,63.1504,19.000,0.000,19.000,82.000,-3.000,-47.433,0.484,2637.000,17.060,54.667,900,2800,122.9,102.9,3.357,1.077,0.749,1.106,13.33,0.006396,13.95,6.418,24.42,1.264,12.26,0.2634,80,7.701,9.524,3.462,0.2,1972,466.2,4.915,126.6,2.727,1.951,43.17,95.87,18.28,10.42,193.7,219.1,84.32,2,0.6939,172.1,78.1,156,1167,769.7,75.71,0.03511,525,0.6,0.832,0.5,0.2838,0.7596,0.1188,0.2979,0.3078,0.0749,476.8,889.1,53.85,0.4787,366.5,2.172,353.7,0.518
114,parent,parent,198.6406,43.000,0.000,43.000,216.000,26.000,164.233,0.374,3784.000,28.393,63.517,900,2800,98.95,120,2.961,1.106,0.9116,1.095,13.53,0.005802,15,6.308,28.05,1.411,11.67,0.269,76.83,7.63,8.763,3.815,0.2,2000,436.4,5.133,114.9,3,1.896,50.22,107.2,17.49,9.231,212.2,222.5,77.82,2,0.6331,186.7,87.79,175.7,1051,726.5,77.27,0.03604,515.8,0.5374,0.8869,0.5903,0.3428,0.734,0.1284,0.2603,0.3,0.08052,513.1,821.5,54.23,0.4489,392.1,2.192,307.6,0.4562
114,child0,child,-2.1980,3.000,0.000,3.000,16.000,-7.000,-68.383,-2.923,1072.000,5.740,36.750,914.7,2800,93.29,114,3.247,1.316,0.8836,0.9782,14.82,0.006463,14.88,5.939,31.68,1.471,12.47,0.2574,77.59,8.16,8.061,3.716,0.2115,1982,417.6,4.914,113.8,2.673,1.893,43.11,92.25,18.46,10.3,193.6,204.8,77.78,2,0.4733,180.2,81.04,170.6,1016,812.1,75.22,0.03978,560.1,0.6289,1,0.5244,0.3245,0.7002,0.1298,0.2381,0.3323,0.07453,471.9,822.2,55.79,0.4151,374.7,1.914,346,0.4671
114,child1,child,115.2182,28.000,1.000,27.000,140.000,12.000,125.300,-0.318,3185.000,24.787,62.000,912.1,2800,107.7,117.7,3.081,1.03,0.9512,1.062,15.4,0.006123,15.69,6.279,31.7,1.398,11.93,0.3182,79.96,7.763,9.926,3.595,0.2141,2000,400.7,5.549,100,2.973,2.328,36.46,116,16.21,11.27,208.6,190.6,88.91,2.201,0.7963,163.3,87.23,185.5,1241,633.6,64.18,0.03141,600,0.4703,0.9043,0.5852,0.3839,0.7214,0.1385,0.2423,0.3,0.08893,465.8,871.3,55.22,0.4015,373.4,2.116,276.3,0.5922
114,child2,child,148.5852,35.000,1.000,34.000,156.000,31.000,117.083,0.908,3219.000,28.653,53.550,920.9,2542,97.31,120,2.914,1.1,0.9747,0.9297,13.74,0.005198,13.18,6.994,30.41,1.335,13.63,0.2516,80,7.52,8.407,3.457,0.2528,1992,453.6,5.47,115.9,2.659,1.679,42.46,120,15.12,10.03,234.3,232.1,90,2,0.5759,173.6,93.37,184.1,1086,787,67.59,0.03248,480.9,0.5441,0.9896,0.7156,0.273,0.7,0.1445,0.2595,0.3024,0.06877,566.3,826,51.57,0.3862,309.9,2.719,246.3,0.4398
114,child3,child,145.2622,35.000,0.000,35.000,138.000,20.000,289.833,3.044,3207.000,21.933,57.933,968.5,2800,108.4,99.7,2.839,1.183,0.8926,1.015,15.41,0.006005,19.18,6.921,24.42,1.273,10.74,0.2534,80,6.908,7.824,3.816,0.2316,1740,514.7,4.887,115.9,3,2.253,68.98,107,18.34,8.872,216.3,238,83.33,2,0.6008,201.6,100,157.7,1146,900,75.16,0.0309,408,0.4129,0.9936,0.6121,0.3236,0.7,0.127,0.329,0.3,0.08673,566.5,871.5,70.42,0.3903,419.1,2.246,374.5,0.498
114,child4,child,164.1262,35.000,0.000,35.000,186.000,19.000,176.600,0.470,3290.000,23.127,62.283,900,2558,95.35,120,3.93,1.033,0.8796,1.157,13.8,0.005,14.54,5.995,28.04,1.478,9.952,0.244,80,7.345,8.497,3.519,0.2178,1622,499.9,4.784,127.9,3,2.5,48.31,105.6,18.98,10.77,265.4,235.6,77.34,2.059,0.5949,172.6,100,179,1047,702.5,106.4,0.03401,444.4,0.4907,0.8729,0.5439,0.3005,0.7,0.1338,0.3356,0.3352,0.07569,646.8,1033,50.05,0.4534,334.5,2.414,294,0.4703
114,child5,child,177.2133,35.000,0.000,35.000,197.000,39.000,313.633,-0.368,3266.000,22.687,52.467,912.5,2800,109.8,120,3.172,1.116,0.8924,1.102,12.42,0.006587,13.11,6.466,26.31,1.321,10.05,0.2384,77.29,11.45,8.83,3.731,0.2,1807,431.4,4.933,123.6,2.626,2.149,53.87,109.4,19.99,10.11,202.2,209,80.12,2,0.6958,187.8,86.23,196.9,1046,819.8,84.88,0.03591,473.7,0.5423,0.8148,0.5,0.3513,0.7,0.124,0.2706,0.3,0.07068,493.4,918.7,54.57,0.4561,423.4,2.356,339.1,0.3696
114,child6,child,119.1839,29.000,0.000,29.000,125.000,8.000,210.917,2.889,2886.000,26.540,60.650,900,2251,80,104.6,2.766,1.114,1.014,1.019,11.52,0.006313,13.78,6.702,29.77,1.165,11.97,0.2935,80,9.169,7.699,3.387,0.2,1967,405.2,4.888,107.6,2.788,1.725,59.31,120,19.09,9.46,233.5,216.1,90,2,0.6207,204.2,84.51,214.7,1150,613.1,89.39,0.03467,470.4,0.5555,0.8148,0.5623,0.3804,0.9525,0.1459,0.3016,0.3,0.08235,463.7,838.8,54.93,0.4065,340.1,1.788,386.9,0.4878
114,child7,child,26.2706,5.000,0.000,5.000,48.000,16.000,146.383,-1.693,1216.000,9.540,48.967,932.1,2800,105.3,120,2.235,1.053,0.9078,0.9466,12.41,0.005,14.13,5.936,29.03,1.321,10.59,0.2228,61.3,8.527,8.007,4.297,0.2,2000,437.1,5.805,139.3,2.725,2.083,59.17,92.78,15.58,11.1,192.7,195.5,71.12,2,0.69,226.3,88.97,168.3,997.7,661.8,75.53,0.03401,551.1,0.5718,0.8777,0.6145,0.4093,0.7657,0.1348,0.2795,0.3066,0.0773,477.5,840.5,51.21,0.4127,429.6,2.721,282.8,0.4001
114,child8,child,168.5672,34.000,0.000,34.000,186.000,42.000,293.933,-0.735,3113.000,25.440,66.700,900,2800,87.15,110,2.899,1.295,0.783,0.9689,11.39,0.006502,16.14,5.686,27.16,1.314,12.65,0.2545,72.91,8.85,7.658,2.798,0.2047,1974,407.1,4.013,122.9,2.793,1.722,62.32,120,13.59,7.537,193.1,227.5,90,2,0.652,211.1,85.01,190.8,1279,654.7,79.31,0.03412,559.2,0.6355,0.8972,0.5545,0.3242,0.7369,0.1567,0.2784,0.3,0.08635,548.2,722.5,50.87,0.4017,384.6,1.801,303.5,0.5625
114,child9,child,-12.3692,0.000,0.000,0.000,8.000,-5.000,-10.817,-2.132,988.000,4.387,37.683,965.5,2800,115.2,112.9,2.747,1.254,0.8827,0.9007,12.93,0.005866,15.26,7.141,31.05,1.416,9.536,0.2474,80,7.152,8.641,4.02,0.2,2000,493.2,5.143,113.4,3,1.915,50.29,101.8,20.35,9.937,242.3,227.8,90,2.044,0.6298,191.5,85.1,178.8,1219,693.8,74.25,0.03685,441.4,0.5265,0.843,0.5341,0.4011,0.7,0.1277,0.2246,0.3,0.0778,522.7,909.2,55.6,0.4769,444.7,2.166,255.6,0.4343
114,child10,child,146.4871,32.000,0.000,32.000,165.000,30.000,251.283,0.223,3549.000,31.100,45.500,950.7,2800,99.84,120,3.177,0.8,0.9455,1.218,13.91,0.00584,11.98,5.477,25.65,1.363,11.98,0.2529,80,8.105,7.526,3.535,0.2012,2000,460.9,5.481,109.9,3,1.83,48.32,113.3,16.71,9.306,197.2,220.1,74.12,2.043,0.5092,186.2,93.63,153.9,1145,783.2,84.55,0.0331,566.4,0.6175,0.9167,0.6326,0.3508,0.808,0.0943,0.2344,0.3,0.09174,579.6,799.2,49.45,0.4267,384.4,2.317,297.2,0.481
114,child11,child,124.7501,28.000,1.000,27.000,148.000,27.000,140.200,-0.792,3095.000,27.413,43.667,1136,2800,107.4,120,2.655,0.9849,0.768,1.027,12.86,0.005586,12.62,4.999,32.62,1.454,11.51,0.2534,77.22,6.706,8.71,3.521,0.2346,2000,434.8,4.608,120.1,3,1.449,57.01,105.3,21.35,9.531,244.7,172.6,70.99,2,0.5839,150,89.72,209,984.4,680.8,84.51,0.03238,563.1,0.5062,0.8735,0.6586,0.3853,0.7107,0.1306,0.2213,0.3,0.07267,555,934.5,48.32,0.5199,375.3,1.908,310.6,0.5411
114,child12,child,110.6947,25.000,1.000,24.000,132.000,16.000,88.383,1.121,2481.000,24.987,55.250,900,2800,123.3,94.16,3.37,0.9741,0.8727,0.7497,15.6,0.005665,11.8,8.101,30.52,1.754,11.8,0.2756,71.13,8.958,10.03,3.457,0.2,2000,447.5,4.254,127.3,2.957,1.604,63.11,111.6,17.51,9.785,197.4,224.1,60.87,2,0.653,184,100,155.4,1221,632.9,68.96,0.033,539.1,0.5342,0.9599,0.6566,0.3918,0.7918,0.1055,0.2536,0.3,0.08722,571.2,775.1,57.2,0.4721,360.2,2.232,299,0.4089
114,child13,child,111.7890,27.000,0.000,27.000,118.000,30.000,170.883,-0.787,2725.000,18.787,81.067,900,2800,106.7,115.1,2.941,1.014,0.7756,1.093,12.43,0.007342,14.05,4.816,34.56,1.402,10.64,0.2443,58.74,6.329,9.022,2.983,0.2,2000,503.7,4.626,125.9,3,1.774,58.71,102.2,16.09,9.008,219.5,229.9,75.78,2.207,0.7695,201.2,100,162.8,1028,817.8,69.28,0.04231,540.9,0.6385,1,0.5,0.3677,0.7,0.1152,0.3385,0.3,0.09123,427.1,874.6,46.7,0.4477,361.4,1.922,349.8,0.5102
114,child14,child,-13.3938,0.000,0.000,0.000,5.000,-5.000,3.850,-2.086,972.000,3.880,38.200,963,2724,101.3,117.7,2.41,1.27,0.8423,1.043,13.96,0.006857,12.28,7.069,28.22,1.297,10.83,0.2923,72.71,6.874,9.163,3.929,0.2,2000,457.4,5.741,127.3,3,1.682,47.75,83.33,22.68,8.581,194.5,259.1,81.42,2,0.6286,161.5,79.95,167.4,915.8,702.4,69.39,0.03136,588.4,0.4402,0.8546,0.6088,0.3369,0.8411,0.1201,0.2736,0.3,0.07001,477.4,913.3,51.17,0.4644,386.9,2.191,338.3,0.5554
114,child15,child,102.6862,20.000,0.000,20.000,139.000,12.000,111.050,-0.136,2414.000,18.367,53.900,900,2383,94.02,107.8,2.968,1.127,0.8357,1.135,15.94,0.006018,14.82,6.255,30.11,1.633,10.1,0.2849,64.63,7.832,9.027,4.319,0.2,2000,443.7,4.97,129.5,3,2.167,46.71,109.2,18.4,8.714,202.8,230.6,88.57,2,0.5876,160.5,93.01,151.7,861.9,769,67.46,0.03312,502.3,0.5131,0.7585,0.6146,0.3975,0.7636,0.115,0.2407,0.3,0.07964,584.2,757.6,63.75,0.461,369.8,2.072,380,0.5111
115,parent,parent,132.8586,32.000,1.000,31.000,153.000,29.000,168.883,0.215,3674.000,26.267,65.600,900,2800,98.95,120,2.961,1.106,0.9116,1.095,13.53,0.005802,15,6.308,28.05,1.411,11.67,0.269,76.83,7.63,8.763,3.815,0.2,2000,436.4,5.133,114.9,3,1.896,50.22,107.2,17.49,9.231,212.2,222.5,77.82,2,0.6331,186.7,87.79,175.7,1051,726.5,77.27,0.03604,515.8,0.5374,0.8869,0.5903,0.3428,0.734,0.1284,0.2603,0.3,0.08052,513.1,821.5,54.23,0.4489,392.1,2.192,307.6,0.4562
115,child0,child,-12.4732,1.000,0.000,1.000,10.000,-5.000,-80.317,-2.820,1109.000,5.320,48.350,900,2800,88.16,118.5,3.276,1.099,1.036,1.09,13.06,0.005713,15.35,6.159,30.15,1.414,12.55,0.2324,67.55,6.441,8.555,3.509,0.2178,1921,359.2,4.576,159.4,3,1.983,47.11,104.2,15.46,9.245,222,201.9,88.61,2.115,0.6635,177.7,98.11,194.8,1076,663.6,66.28,0.03323,511.2,0.5992,0.9474,0.6162,0.3911,0.8472,0.1477,0.2987,0.3783,0.0857,447.5,832.3,50.65,0.3874,446.9,2.317,279.7,0.4088
115,child1,child,30.4849,11.000,2.000,9.000,57.000,15.000,75.983,-1.943,2060.000,12.700,66.933,962.5,2759,94.27,113.7,3.173,0.8693,0.9361,0.8932,11.91,0.005894,16.43,6.025,30.04,1.356,11.45,0.2737,58.72,6.748,8.715,4.115,0.2,1962,398.2,5.164,106.7,2.704,1.779,41.92,99.36,16.95,9.271,234.5,247.3,77.72,2,0.7491,166.2,76.89,162.4,915.6,659,82.26,0.03443,543.8,0.4907,1,0.6942,0.369,0.7,0.1335,0.3314,0.3818,0.08734,454.4,1116,51.78,0.4328,337.9,1.909,269.9,0.4047
115,child2,child,71.3692,25.000,2.000,23.000,75.000,-25.000,-354.283,1.563,1668.000,27.367,44.100,900,2553,107,117.8,2.832,1.299,0.863,1.119,16.36,0.007804,15.35,5.833,29.75,1.63,11.16,0.2422,68.81,6.447,9.788,3.782,0.2097,1846,428.4,5.779,105.6,2.963,1.786,53.7,110.3,15.13,8.506,236.1,211.3,68.82,2,0.5905,204.3,88.34,166.6,1264,719.2,62.98,0.02695,567.2,0.4507,0.8475,0.5593,0.3608,0.7,0.1063,0.2934,0.304,0.08371,529.8,859.2,57.19,0.4536,374.2,2.064,341.2,0.498
115,child3,child,2.6123,7.000,1.000,6.000,19.000,0.000,-53.033,-2.067,1694.000,9.887,48.650,973.7,2659,103,120,2.425,1.213,0.7769,1.053,13.05,0.006018,14.31,6.069,33.87,1.125,13.39,0.2718,80,6.75,8.305,4.032,0.2,2000,442.8,5.13,144.1,2.283,1.827,53.3,106.9,16.38,11.64,217.4,191.3,84.2,2,0.6162,186,80.81,213,1001,628.8,78.27,0.03401,452.7,0.5538,0.7651,0.6256,0.388,0.8127,0.1533,0.2456,0.3035,0.076,521,899.9,55.08,0.4825,477.6,2.259,275.6,0.5311
115,child4,child,-3.2086,2.000,0.000,2.000,14.000,2.000,70.000,-2.398,1151.000,4.647,48.350,900,2800,110.5,120,3.217,1.09,1.012,1.208,14.9,0.005768,14.68,5.854,24.24,1.844,11.67,0.2777,80,6.76,9.032,3.458,0.2,2000,420.8,4.919,108.2,3,1.57,49.25,101,16.68,11.57,196.8,289.5,90,2,0.5304,168.2,79.72,177.3,869,836.7,71.06,0.02649,600,0.5975,0.9385,0.6033,0.3676,0.7,0.1644,0.2145,0.3,0.08471,431.9,750.3,61.58,0.3871,380.9,2.706,301.2,0.4317
115,child5,child,110.9004,24.000,0.000,24.000,143.000,18.000,161.100,-0.098,3027.000,20.240,70.783,900,2433,94.82,120,2.522,1.093,0.9385,1.158,11.43,0.006222,18.17,4.979,23.6,1.468,10.01,0.3114,69.34,8.023,7.951,4.257,0.2,1675,468.1,5.893,121.9,2.962,1.841,62.54,112.1,19.67,8.417,209.2,237.8,90,2,0.7301,282.4,85.84,195.5,1173,728.1,79.07,0.03968,522.4,0.5179,0.8456,0.5535,0.2615,0.7813,0.1262,0.3063,0.336,0.08952,641.7,923.3,47.2,0.544,448.4,2.199,319.6,0.4525
115,child6,child,-7.6256,6.000,1.000,5.000,7.000,-2.000,-66.900,-1.762,1630.000,14.847,57.217,900,2800,98.43,118.5,2.776,1.102,0.7941,1.046,13.21,0.007597,13.33,6.216,25.55,1.411,10.86,0.2473,80,7.531,7.716,4.2,0.2095,1963,392.4,5.333,115,3,2.247,43.19,93.25,20.17,8.655,239.6,224.2,73.3,2.71,0.5901,205.5,100,202.1,1066,798.7,78.73,0.03662,567.4,0.4862,1,0.5119,0.2806,0.7212,0.1318,0.2647,0.3805,0.08428,495.8,872.8,41.84,0.4096,404.7,2.438,333.6,0.4859
115,child7,child,-0.0124,2.000,0.000,2.000,27.000,1.000,-33.350,-2.616,1213.000,6.240,49.833,938,2530,109.9,120,2.755,0.9997,1.106,1.023,13.05,0.005872,12.97,6.24,29.69,1.772,9.398,0.2657,77.85,7.517,11.54,3.952,0.2,2000,419.6,5.049,134.8,2.719,1.903,45.21,98.78,14.79,10.37,164.6,274.4,84.44,2,0.5793,178.8,87.72,200.6,999.6,591.8,78.11,0.0347,498.5,0.6382,0.8939,0.6534,0.3695,0.7191,0.1054,0.292,0.3,0.08296,425.9,825.9,52.24,0.4387,423.3,2.31,229.5,0.4615
115,child8,child,118.0680,29.000,2.000,27.000,105.000,14.000,195.500,3.138,1687.000,24.327,44.083,900,2692,101.8,93.28,3.03,1.171,1.12,1.128,16.04,0.005723,16.02,6.108,28.15,1.698,11.66,0.304,80,6.83,8.732,4.212,0.2052,1949,480.7,4.525,117.1,2.923,1.858,49.89,120,18.22,8.66,249.9,228.5,78.48,2.447,0.6333,180.4,77.39,216.8,1235,741.8,88.83,0.02768,549.3,0.455,0.8225,0.7302,0.3606,0.7081,0.1361,0.2969,0.3,0.08669,476.7,719.5,59.56,0.5058,410.5,1.955,289.2,0.4966
115,child9,child,77.1012,24.000,1.000,23.000,91.000,-4.000,-110.683,2.294,2819.000,18.353,55.067,900,2800,110.3,94.65,2.627,0.9949,1.19,1.197,12.71,0.005627,17.71,5.879,31.3,1.654,10.27,0.2702,78.2,6.456,8.415,3.615,0.2214,2000,457.3,4.325,105,3,1.959,48.04,101.2,18.42,10.25,181.6,208.9,81.76,2.409,0.7161,172.2,69.31,169.6,1076,900,69.69,0.03409,529.9,0.5931,1,0.7102,0.3317,0.7308,0.1272,0.264,0.3258,0.07457,576.6,630.8,53.46,0.4803,336.7,2.25,283.9,0.3841
115,child10,child,58.1166,17.000,0.000,17.000,82.000,-8.000,-149.067,-0.662,2193.000,15.093,55.317,900,2360,101.5,113.1,2.457,0.9807,0.7662,1.008,12.13,0.006643,12.97,6.303,29.42,1.38,10.68,0.279,77.21,7.747,6.798,4.574,0.2,1973,477.8,5.071,100,3,2.071,56.36,107,14.89,9.79,163.6,218.3,87.31,2,0.9006,170,86.48,174.2,1055,599.3,85.11,0.02879,571.7,0.5368,0.9627,0.5018,0.3533,0.7098,0.1298,0.2906,0.3,0.08124,341.3,865.2,54.92,0.3301,388.8,1.966,256.9,0.4804
115,child11,child,130.0069,29.000,0.000,29.000,159.000,15.000,53.100,-0.564,3161.000,22.033,64.600,900,2800,99.55,120,3.288,0.9922,0.9435,1.175,13.47,0.005796,18.77,6.196,25.06,1.45,10.21,0.2522,74.84,7.119,9.817,4.779,0.2072,1738,439.6,4.605,116.9,3,1.716,56.96,102.4,14.72,8.194,219.6,211.7,72.69,2,0.5193,220.1,85.68,169,1089,763.1,78.11,0.03863,590.5,0.5856,0.8686,0.7549,0.3197,0.7,0.125,0.2141,0.3,0.07699,591.9,815.7,60.41,0.4414,344.6,2.25,322.6,0.4582
115,child12,child,110.2422,28.000,0.000,28.000,123.000,23.000,223.367,-0.606,3491.000,29.440,61.683,1003,2800,84.82,120,2.732,1.194,1.053,1.239,14.64,0.005487,18.17,6.132,30.34,1.327,10.38,0.3054,80,7.764,9.191,4.726,0.2,1929,468.2,5.327,108.3,2.605,1.892,47.58,103.4,15.33,8.953,223.9,256,53.25,2.298,0.5916,196.3,97.52,182.9,1042,677.5,65.71,0.03219,451.1,0.5665,0.9627,0.6369,0.4006,0.715,0.0999,0.3276,0.3,0.09307,458.3,700.5,51.78,0.5112,402.3,2.051,246.2,0.4709
115,child13,child,88.6257,21.000,0.000,21.000,119.000,9.000,98.367,-0.598,2860.000,27.560,59.867,907.2,2800,111.4,107.5,3.176,1.14,1.076,1.046,15.05,0.006961,15.27,5.721,29.83,1.288,11.4,0.3308,80,7.739,9.631,3.384,0.2131,2000,488.4,4.213,128.5,2.898,1.809,51.53,120,17.52,11.43,231.7,231.2,78.44,2.501,0.7879,192.9,88.27,176.6,1152,900,86.71,0.03044,500.7,0.5446,0.8462,0.6446,0.318,0.7105,0.1547,0.2498,0.3332,0.08845,488.6,897,50.22,0.4811,394.7,2.351,273.4,0.4602
115,child14,child,67.6126,19.000,3.000,16.000,111.000,10.000,73.433,-0.533,2934.000,29.613,67.883,935.5,2681,107.5,120,3.009,0.9294,0.8433,1.038,12.49,0.006567,16.92,5.987,29.18,1.504,10.21,0.272,80,7.027,10.89,3.978,0.2056,2000,418.2,5.147,131,3,1.466,52.15,99.7,19.42,10.28,218.5,252.3,67.35,2,0.5734,177.9,100,174.8,1271,729,69.73,0.0385,521.8,0.7625,0.8523,0.5,0.2481,0.7112,0.1318,0.2744,0.3259,0.08301,456.1,731.7,48.52,0.4267,336,2.469,270.8,0.5724
115,child15,child,107.4263,25.000,0.000,25.000,139.000,8.000,30.350,-0.200,2956.000,23.607,72.600,986.7,2481,80,116.4,2.649,0.9951,1.083,1.023,14.9,0.005727,13.65,6.428,27.85,1.548,13.32,0.2937,53.44,7.236,9.973,4.54,0.2,2000,395.3,6,100,3,2.052,45.7,108.9,18.64,6.756,192.5,222.3,85.16,2.039,0.5435,188.9,80.13,160.3,1002,662.9,82.46,0.04332,485.3,0.5528,0.9389,0.8036,0.3525,0.7,0.128,0.2019,0.3,0.07414,432.4,664.8,54.45,0.4348,411.7,2.528,261.6,0.4085
116,parent,parent,196.7367,40.000,1.000,39.000,227.000,30.000,243.467,0.393,3682.000,28.560,51.533,900,2800,98.95,120,2.961,1.106,0.9116,1.095,13.53,0.005802,15,6.308,28.05,1.411,11.67,0.269,76.83,7.63,8.763,3.815,0.2,2000,436.4,5.133,114.9,3,1.896,50.22,107.2,17.49,9.231,212.2,222.5,77.82,2,0.6331,186.7,87.79,175.7,1051,726.5,77.27,0.03604,515.8,0.5374,0.8869,0.5903,0.3428,0.734,0.1284,0.2603,0.3,0.08052,513.1,821.5,54.23,0.4489,392.1,2.192,307.6,0.4562
116,child0,child,43.4198,15.000,2.000,13.000,64.000,-15.000,-170.233,2.230,1498.000,26.540,46.567,900,2164,120.9,120,3.181,1.256,0.8873,0.8728,12.3,0.006346,15.31,5.623,25.16,1.448,12.5,0.2412,74.66,8.636,9.271,2.975,0.2067,1841,415.1,5.994,100,3,1.956,57.93,120,21.77,10.6,242.5,231.2,76.19,2,0.6961,170.2,82.18,157.9,1127,723.4,81.29,0.0342,600,0.485,0.9633,0.6099,0.313,0.7,0.1453,0.2918,0.3203,0.1118,444.7,897.3,68.04,0.4962,324,1.606,347.3,0.4685
116,child1,child,142.2551,38.000,0.000,38.000,139.000,9.000,36.283,0.621,3599.000,32.127,48.783,908.6,2800,99.73,112.7,3.445,1.154,1.142,1.001,13.21,0.00548,14.59,5.976,26.11,1.332,12,0.3348,69.96,10.12,8.834,3.795,0.2,2000,455.1,5.578,109.9,3,1.61,51.71,115.9,17.67,9.087,208.8,245,85.93,2.095,0.6337,220.6,83.29,183.9,860.9,807.7,78.36,0.03275,531.7,0.3882,1,0.6453,0.3713,0.9081,0.1307,0.2279,0.3223,0.09804,455,845.9,57.89,0.4209,356.8,2.01,339.2,0.4952
116,child2,child,118.7792,25.000,0.000,25.000,146.000,13.000,214.467,-0.416,2703.000,17.187,71.533,900,2405,112.4,120,2.884,1.103,0.9856,1.055,14.15,0.00587,15.6,5.997,31.32,1.362,16.1,0.2521,71.98,7.654,8.729,3.114,0.2,2000,476,4.494,105.7,2.997,1.861,53.02,107.3,16.21,9.611,243.8,193.8,80.08,2,0.6937,196.6,82.54,191,1097,652.7,75.71,0.03803,503.5,0.483,0.771,0.5465,0.452,0.7461,0.1387,0.2477,0.3025,0.07673,502.6,1026,51.22,0.3914,480.6,1.87,293.8,0.5262
116,child3,child,71.0064,22.000,2.000,20.000,83.000,3.000,-150.800,0.770,1994.000,26.160,59.067,906.9,2800,85.99,110.8,2.581,1.128,1.077,0.9909,12.69,0.006224,13.81,5.825,27.57,1.566,11.35,0.2681,71.1,7.388,8.344,3.975,0.2035,2000,421.3,5.297,132.6,2.269,1.926,53.51,120,14.94,9.522,190,188.8,75.68,2.187,0.588,205.6,100,210.2,935.1,842.8,81.61,0.03776,531.8,0.4671,0.7707,0.5843,0.4143,0.7,0.1199,0.2779,0.3,0.06736,632.3,794.6,44.37,0.3869,404.6,2.21,333.4,0.4928
116,child4,child,70.6094,20.000,0.000,20.000,87.000,1.000,-36.033,1.458,2456.000,19.153,66.233,900,2545,90.06,108.9,3.251,1.073,0.8612,1.159,14.54,0.005608,17.2,6.909,34.08,1.286,10.52,0.2766,80,8.386,10.53,3.077,0.2344,2000,386.4,4.525,119.4,3,1.852,44.42,102.5,19.49,8.016,229.7,246.9,85.04,2,0.6083,167.8,93.6,202.6,1239,717.5,72.77,0.03653,460.2,0.6245,0.8344,0.6145,0.3445,0.7,0.1092,0.229,0.3,0.1024,418.1,984.4,48.31,0.3623,421.3,2.039,309.4,0.4468
116,child5,child,81.2924,23.000,3.000,20.000,109.000,-10.000,-124.233,1.040,2098.000,30.893,51.733,900,2800,94.42,120,2.824,1.092,0.9263,1.123,14.42,0.005,14.48,5.203,23.37,1.682,12.71,0.2653,80,8.657,10.22,4.247,0.2177,2000,426.4,5.324,112.9,2.322,1.8,54.88,108.2,16.45,9.306,266,209.9,65.34,2,0.5481,166.2,100,168.8,1064,692.3,65.7,0.0332,567.8,0.5784,0.9477,0.5221,0.2777,0.864,0.1224,0.2287,0.3562,0.07562,564.3,721.9,55.65,0.4889,386.6,2.202,271,0.4433
116,child6,child,4.4867,5.000,0.000,5.000,18.000,-3.000,20.817,-2.416,1345.000,6.433,40.283,900,2800,91.01,120,3.441,1.145,0.9004,1.201,12.85,0.005755,11.51,6.754,29.48,1.343,11.23,0.2805,79.1,7.328,9.346,3.417,0.2081,1906,433.7,3.525,126.3,3,1.994,48.96,88.33,17.19,7.671,192.3,257.8,72.31,2,0.6185,173.2,86.02,157.4,1061,900,100.1,0.0345,531.1,0.5315,0.8709,0.546,0.2935,0.7,0.1105,0.2544,0.3651,0.08452,525.9,783.4,50.22,0.441,432.3,1.792,334.2,0.4807
116,child7,child,100.8312,25.000,1.000,24.000,116.000,17.000,266.517,3.040,3057.000,22.707,65.783,900,2435,80,107,2.88,1.101,0.6589,1.158,15.4,0.00704,14.64,7.053,32.84,1.468,14.65,0.2435,78.94,9.596,10.53,3.998,0.2,1802,531.6,5.365,114.2,2.81,1.848,48.5,113.7,14.46,10.71,202,200.4,84.96,2,0.5122,193,100,182,1182,646.3,80.84,0.03586,590.1,0.6291,1,0.5928,0.3554,0.9209,0.1188,0.3025,0.3,0.08732,553.3,775.3,52.83,0.5039,352.7,2.58,310.1,0.5013
116,child8,child,-11.8118,0.000,0.000,0.000,6.000,0.000,27.283,-2.868,952.000,3.800,40.233,1152,2800,80,120,3.448,1.032,0.8741,1.036,15.53,0.005596,14.78,6.704,22.76,1.351,11.52,0.2939,67.01,6.239,7.652,3.588,0.221,1683,449.4,4.537,122.7,3,1.738,48.06,94.79,19.23,8.063,261.6,169.5,90,2.249,0.6163,174.4,91.55,146.7,1031,626.6,89.45,0.03018,469.8,0.5035,0.7638,0.6434,0.4068,0.7,0.1196,0.3063,0.3,0.06258,550.6,909.9,52.85,0.4227,500.7,2.344,252.8,0.4471
116,child9,child,71.3663,20.000,1.000,19.000,85.000,-4.000,-115.250,2.391,1726.000,25.393,64.250,948.7,2800,97.44,99.57,3.152,0.8001,1.15,1.105,13.46,0.005835,15.95,6.825,22.53,1.578,11.46,0.2639,76.66,8.924,9.119,3.532,0.2284,2000,379.5,5.954,109.9,3,1.723,43.74,120,16.72,10.09,194.4,226.4,74.58,2.031,0.6269,161.7,96.18,171.2,966.3,778.4,75.08,0.04248,579.1,0.5801,0.9544,0.5745,0.4475,0.7479,0.1298,0.2971,0.3,0.08585,523.2,876.8,55.6,0.4361,428.3,2.198,321.9,0.5358
116,child10,child,-16.5606,0.000,0.000,0.000,5.000,-5.000,-62.883,-2.405,1075.000,3.853,44.650,900,2800,110.1,120,2.547,1.086,1.023,1.2,13.18,0.006189,13.84,6.199,33.33,1.426,11.64,0.2828,76.99,6.956,8.389,4.586,0.2457,2000,444.5,5.559,109.4,3,1.82,47.06,93.92,19.26,8.481,195.2,203,90,2,0.7553,176.4,85.98,172.7,1142,839.1,81.89,0.03754,485.8,0.5447,0.8609,0.5555,0.3259,0.7,0.1288,0.2447,0.3365,0.08437,476.3,972.8,59.8,0.4167,429.6,2.266,331.1,0.5114
116,child11,child,99.1757,20.000,0.000,20.000,140.000,16.000,143.117,0.703,2911.000,23.513,57.767,900,2800,82.91,96.09,2.506,0.9634,0.7767,1.184,11.83,0.005612,14.41,5.896,27.83,1.47,9.223,0.2338,73.95,7.547,7.371,4.581,0.2,2000,409.7,5.154,113.8,3,1.954,52.71,104.3,15.8,8.857,178.5,206.3,90,2.061,0.5615,167.1,73.27,175.8,1002,721.9,74.35,0.03321,507.7,0.5411,0.8557,0.7108,0.312,0.7,0.1046,0.2609,0.3,0.07325,405.6,957.1,62.26,0.4808,386.9,2.73,353.8,0.4563
116,child12,child,60.8887,16.000,3.000,13.000,97.000,-9.000,-128.933,1.276,1621.000,23.207,43.400,1021,2579,111.7,108.8,4.213,1.248,0.8486,1.023,13.33,0.006934,17.46,5.208,31.33,1.671,8.438,0.2871,67.77,7.963,11.42,3.882,0.2,1856,476.3,6,128.5,3,1.64,55.6,120,17.64,8.179,230,228.6,76.3,2.161,0.7466,209.8,79.61,168.6,1223,648.9,99.38,0.04288,435.5,0.5149,0.8608,0.5263,0.4074,0.7,0.1147,0.2833,0.3197,0.08024,517.5,772,53.42,0.4081,392.1,2.313,306.3,0.455
116,child13,child,132.2030,29.000,1.000,28.000,168.000,34.000,244.033,-0.178,3657.000,26.220,81.967,900,2766,101.9,120,2.339,1.109,0.9056,1.21,13.04,0.005624,15.78,7.066,22.77,1.405,15.96,0.3372,80,7.375,7.905,4.812,0.2457,1960,475.2,4.929,104.4,3,1.971,42.96,115.3,16.62,8.94,205.7,220.2,80.63,2.059,0.5381,150,81.42,168.8,1120,686.1,82.44,0.036,589.1,0.5975,0.9524,0.5628,0.352,0.7,0.1178,0.3448,0.3,0.07848,455.8,925.3,46.54,0.4007,458,2.259,355.9,0.4389
116,child14,child,133.6297,28.000,0.000,28.000,131.000,22.000,263.933,1.911,1713.000,24.060,69.683,986.5,2230,117.4,120,3.321,0.9869,0.8875,1.124,12.59,0.005687,15.4,6.202,33.42,1.451,10.63,0.2807,66.79,7.546,7.859,3.969,0.2,1939,437.9,4.15,119.9,2.827,2.251,44.44,113.1,15.72,9.264,220.4,201.8,68.96,2,0.5859,187.7,93.69,183.5,904.7,727.2,69.05,0.04078,458.4,0.4224,0.8723,0.5857,0.365,0.7374,0.1164,0.24,0.3124,0.07736,444.6,791.4,58.15,0.3979,355.1,2.223,324.9,0.474
116,child15,child,106.6743,22.000,0.000,22.000,143.000,14.000,-2.783,-1.421,2535.000,22.127,52.967,900,2800,92.51,120,2.42,1.338,1.074,1.133,10.98,0.005162,15.64,5.525,33.76,1.51,12.81,0.2543,80,9.798,9.946,4.34,0.2,1642,410.1,4.568,124.7,3,2.119,45.46,106.5,16.59,8.965,174,209.8,80.28,2.048,0.7989,206.1,91.8,197.8,1025,740.7,77.13,0.04447,461.8,0.4718,0.8314,0.6822,0.3328,0.7427,0.1425,0.2077,0.3,0.09199,516.8,996.9,64.15,0.3894,392.1,2.444,295.2,0.5225
117,parent,parent,181.3371,42.000,0.000,42.000,191.000,20.000,212.417,0.406,4047.000,33.093,48.350,900,2800,98.95,120,2.961,1.106,0.9116,1.095,13.53,0.005802,15,6.308,28.05,1.411,11.67,0.269,76.83,7.63,8.763,3.815,0.2,2000,436.4,5.133,114.9,3,1.896,50.22,107.2,17.49,9.231,212.2,222.5,77.82,2,0.6331,186.7,87.79,175.7,1051,726.5,77.27,0.03604,515.8,0.5374,0.8869,0.5903,0.3428,0.734,0.1284,0.2603,0.3,0.08052,513.1,821.5,54.23,0.4489,392.1,2.192,307.6,0.4562
117,child0,child,108.7500,25.000,0.000,25.000,125.000,18.000,241.050,3.365,3066.000,22.067,59.867,1071,2800,97.08,102.8,3.399,1.12,0.9303,1.275,15.5,0.005285,16.04,5.496,26.91,1.279,12.26,0.2489,80,7.857,9.688,3.87,0.2094,2000,551.8,5.367,146.5,3,2.086,46.57,103.5,17.87,8.446,191.9,170.2,86.87,2.019,0.5477,191.2,84.47,217.1,1027,627.9,74.51,0.04296,538.7,0.4912,0.974,0.5917,0.3248,0.7,0.1185,0.218,0.3007,0.09625,538.7,814.9,47.54,0.4012,401.4,2.685,270,0.5154
117,child1,child,23.0734,6.000,0.000,6.000,50.000,7.000,61.000,-2.184,1523.000,8.713,53.533,900,2800,96.27,120,2.874,0.8271,0.7608,0.9291,12.58,0.00509,16.73,5.766,32.75,1.324,10.86,0.2568,80,6.614,10.27,4.025,0.2,2000,477.3,5.129,115.4,3,1.659,47.46,95.94,18.44,9.166,199.9,283.6,76.68,2,0.7632,185.4,89.22,198.5,783.9,691.5,85.18,0.03796,571.1,0.5464,0.946,0.5,0.3082,0.8303,0.125,0.2666,0.3378,0.07568,463.4,891.5,55.85,0.4727,381.8,2.28,315.5,0.4794
117,child2,child,131.2388,24.000,0.000,24.000,168.000,22.000,277.633,-2.162,2580.000,28.960,49.367,900,2781,90.28,120,2.705,1.246,0.8688,1.5,13.1,0.006094,12.19,5.683,30.17,1.193,13.38,0.2942,80,6.92,7.171,3.628,0.2,2000,347.4,4.79,130.9,3,1.907,49.89,102.2,15.97,9.648,190.6,240.5,65.78,2,0.5244,189.1,100,149.5,1103,626.8,80.55,0.03657,495.2,0.5287,0.6959,0.6862,0.3374,0.9754,0.1122,0.2719,0.3,0.08261,422.4,755.2,51.25,0.4416,424.3,2.469,297.1,0.4891
117,child3,child,76.2344,20.000,1.000,19.000,113.000,-3.000,-90.700,0.944,2727.000,24.253,56.283,1027,2800,115.4,101.4,2.907,0.9827,1.129,0.9536,16.56,0.005337,15.78,5.855,24.63,1.544,12.21,0.2817,79.36,8.874,9.883,3.703,0.2355,1925,462.9,4.554,125,2.549,2.167,54.21,119.8,19.04,8.88,222.6,188.5,69.94,2.274,0.639,188.6,100,237.8,1087,631.9,81.8,0.044,506.8,0.5639,0.9556,0.535,0.3821,0.7223,0.1173,0.2543,0.3057,0.09172,503.2,955.1,66.85,0.4411,355.2,2.497,331.8,0.4769
117,child4,child,95.6883,26.000,1.000,25.000,119.000,7.000,138.817,0.078,3459.000,28.753,55.617,931.7,2651,83.68,116.3,2.718,1.077,0.9601,1.13,11.48,0.005453,15.5,6.443,25.4,1.409,9.916,0.2699,80,8.802,10.27,4.248,0.2,1925,462.6,5.293,132.1,2.831,2,63.53,113.9,15.85,9.4,228.7,235.1,71.88,2,0.5844,187.6,87.52,186.8,966.4,659.6,71.54,0.03312,462.8,0.5682,0.7935,0.5088,0.344,0.7,0.1083,0.2555,0.3,0.08621,568.1,826.8,61.71,0.4768,406.7,1.825,291.6,0.4432
117,child5,child,48.2866,23.000,5.000,18.000,66.000,-31.000,-332.550,1.498,1883.000,32.247,45.567,937.6,2361,80,101.7,2.967,0.9081,0.8022,0.9938,10.53,0.005522,12.34,6.378,22.86,1.195,12.51,0.2342,80,7.714,10.5,3.677,0.2209,2000,497.1,5.081,117.6,2.726,1.894,54.21,120,14.25,8.659,200.2,200.5,78.15,2.091,0.5941,158.9,82.09,144.3,944.8,858,86.6,0.0337,578.1,0.5356,0.7958,0.6978,0.2766,0.8234,0.1276,0.2496,0.3067,0.07099,505.8,700.2,56.78,0.4267,381.5,2.077,240.1,0.4316
117,child6,child,123.5306,30.000,1.000,29.000,136.000,31.000,294.917,-0.450,3469.000,36.013,50.517,900,2800,94.49,120,3.22,1.343,0.8669,0.9982,13.74,0.00504,15.56,6.418,26.65,1.459,9.86,0.2474,77.35,6.853,8.613,3.48,0.2,1817,470.1,5.048,118.6,3,1.834,58,108.7,17.67,8.922,220.1,211.7,73.05,2,0.7232,208.6,100,163.5,938.9,681.6,96.12,0.03633,546.2,0.4293,0.7483,0.5355,0.3645,0.7336,0.1321,0.2917,0.3,0.08222,531.7,664,51.53,0.5073,362.9,2.452,324.7,0.5224
117,child7,child,92.0624,16.000,1.000,15.000,140.000,19.000,165.717,-2.006,2268.000,18.340,45.350,936.3,2581,90.94,112.8,3.236,1.152,0.9981,1.029,15.73,0.005407,18.06,6.779,28.25,1.579,12.11,0.2734,74.83,8.075,7.219,3.833,0.2,2000,548.6,4.089,119.4,3,1.774,45.05,116.3,16.97,7.971,236.1,197.9,83.95,2,0.6586,194.9,78.52,172.3,880,612,85.45,0.03487,460.5,0.5264,0.8232,0.6918,0.4668,0.7929,0.1336,0.4019,0.3484,0.09165,549.8,745.4,50.55,0.557,383.9,2.077,272.9,0.4802
117,child8,child,-1.9421,2.000,0.000,2.000,11.000,4.000,71.883,-2.644,993.000,6.027,38.250,900,2682,95.41,120,3.117,0.983,0.86,1.305,14.07,0.006749,13.02,5.332,31.26,1.236,10.13,0.2712,65.22,9.332,7.255,4.15,0.2185,2000,393,4.603,122.9,2.338,1.697,59.67,89.42,15.68,8.71,205.4,215.6,73.31,2.085,0.6217,200.2,91.61,151.4,1280,729.9,85.9,0.04392,391,0.6703,0.8374,0.5686,0.2821,0.9366,0.1378,0.2333,0.3,0.0763,457.4,882.1,59.51,0.4784,360.6,1.865,304.4,0.4832
117,child9,child,9.2089,6.000,0.000,6.000,22.000,0.000,-2.317,-2.012,1320.000,7.207,48.183,900,2800,108,120,2.728,1.014,1.098,1.347,14.81,0.005,13.1,5.148,29.52,1.59,13.44,0.292,80,7.576,7.677,3.942,0.2,1979,412.2,5.711,100,2.544,1.774,44.69,99.89,15.57,9.682,226.5,215.3,80.85,2.169,0.532,196.9,86,188.1,1058,612.2,69.31,0.03843,496.4,0.421,0.9108,0.5762,0.3332,0.7,0.1176,0.2755,0.3,0.08324,648.3,790.2,53.72,0.5289,316.4,2.088,309.9,0.4076
117,child10,child,21.8030,6.000,0.000,6.000,39.000,8.000,119.600,-2.155,1383.000,7.547,40.267,900,2800,112,120,3.216,1.083,0.8613,1.254,13.16,0.006179,15.44,5.53,25.47,1.608,11.64,0.3124,73.73,7.162,10.04,3.865,0.2,2000,548.6,4.945,100,2.789,2.015,38.24,106.5,14.65,8.909,253.2,215.1,88.45,2.099,0.6282,201.9,90.89,216.5,811.4,868.8,91.9,0.03526,600,0.5527,1,0.5448,0.2995,0.7906,0.144,0.2885,0.3166,0.07531,489.5,858.7,50.72,0.4979,375.7,2.33,284.8,0.5789
117,child11,child,124.6973,31.000,2.000,29.000,143.000,24.000,227.217,1.871,3529.000,22.860,65.067,900,2237,104.9,110.2,2.588,1.056,1.2,1.067,11.26,0.005706,18.36,6.621,27.22,1.397,10.94,0.2847,77.02,5.918,9.721,3.743,0.2037,2000,386.5,5.279,112.7,3,1.664,38.93,95.45,17.68,10.05,197.9,222.9,68.66,2.057,0.8012,196.6,98.68,185,745.6,753.4,80.6,0.03384,493,0.6616,0.9208,0.7136,0.2404,0.7,0.1418,0.2535,0.3,0.08792,582.4,1044,53.68,0.5013,331.4,1.889,321.3,0.3494
117,child12,child,56.4346,17.000,0.000,17.000,75.000,12.000,90.400,-0.248,2784.000,25.447,57.650,926.9,2800,90.82,116.5,2.857,1.153,0.9126,0.9573,15.26,0.00512,12.93,6.062,26.22,1.683,10.83,0.3096,80,7.603,8.951,3.795,0.2266,2000,442.8,5.868,100,3,1.92,49.62,120,17.9,8.529,199.5,222.9,66.9,2.025,0.5985,240,90.88,168.6,1239,752.4,79.01,0.03889,512.4,0.5825,0.9955,0.62,0.3099,0.8575,0.145,0.23,0.3416,0.07288,483.9,696.6,44.49,0.4366,378.3,1.896,253.6,0.4714
117,child13,child,19.8626,6.000,0.000,6.000,38.000,4.000,87.767,-3.314,1299.000,7.193,43.267,900,2800,85.2,120,2.332,1.003,1.064,0.8206,17.6,0.006015,12.54,6.634,24.87,1.642,12.85,0.2424,72.09,6.838,7.927,2.823,0.2114,2000,473.7,6,127.9,2.799,1.533,49.5,96.67,16.98,8.828,227.4,249.3,80.85,2,0.5782,174.5,92.46,187,1000,821.7,74.88,0.03294,358.3,0.4375,0.7604,0.6365,0.3501,0.8697,0.1355,0.2576,0.3,0.07712,358.9,782.4,57.64,0.454,417.7,2.324,331.3,0.4387
117,child14,child,-9.6108,0.000,0.000,0.000,11.000,-2.000,24.083,-2.972,964.000,3.980,36.683,907.7,2800,105.5,118.5,2.714,1.187,0.9431,1.097,14.24,0.005768,17.27,6.297,26.1,1.713,11.71,0.3147,80,7.2,8.38,3.002,0.2243,2000,403.8,5.227,113,2.241,1.786,50.46,88.67,16.66,9.154,180.7,307,76.3,2,0.6476,253.2,100,180.9,969,900,71.79,0.04269,600,0.5876,0.8975,0.7491,0.3449,0.7872,0.1165,0.2772,0.3067,0.08408,545.9,820.3,50.4,0.471,420.4,1.996,265.2,0.4027
117,child15,child,8.2539,4.000,0.000,4.000,22.000,10.000,166.467,-2.594,1370.000,6.800,43.983,913.3,2800,103.5,120,3.786,1.352,0.795,1.042,14.78,0.007477,18.68,5.991,34.02,1.224,11.73,0.2947,73.74,7.689,7.455,3.296,0.2181,1595,338.9,5.067,128.9,3,1.755,52,106.2,22.98,9.809,219,236.6,90,2.258,0.6998,151.1,83.23,180.4,832.4,711,77.03,0.03181,503.4,0.6611,0.9477,0.772,0.3704,0.7982,0.1179,0.2079,0.3,0.08648,621.9,774.3,58.96,0.519,422.5,2.204,296.2,0.4785
118,parent,parent,188.4217,38.000,0.000,38.000,209.000,31.000,295.033,0.577,3350.000,27.293,62.383,900,2800,98.95,120,2.961,1.106,0.9116,1.095,13.53,0.005802,15,6.308,28.05,1.411,11.67,0.269,76.83,7.63,8.763,3.815,0.2,2000,436.4,5.133,114.9,3,1.896,50.22,107.2,17.49,9.231,212.2,222.5,77.82,2,0.6331,186.7,87.79,175.7,1051,726.5,77.27,0.03604,515.8,0.5374,0.8869,0.5903,0.3428,0.734,0.1284,0.2603,0.3,0.08052,513.1,821.5,54.23,0.4489,392.1,2.192,307.6,0.4562
118,child0,child,87.1538,23.000,0.000,23.000,95.000,6.000,111.283,-0.456,2425.000,16.520,66.417,900,2713,93.09,117.6,2.597,1.217,0.9115,1.173,11.74,0.006453,15.18,5.129,29.2,1.309,10.65,0.2564,80,6.859,7.795,3.485,0.2092,2000,465.3,4.82,113.5,2.664,2.309,51.01,108.6,18.83,9.302,230.7,227.3,86.15,2.18,0.6848,174.4,78.1,164.1,1044,578.1,80.19,0.03042,512,0.6168,0.8027,0.5318,0.3737,0.7,0.1259,0.2436,0.3,0.08588,511.3,725.4,53.02,0.4521,434.7,2.285,281.8,0.3508
118,child1,child,147.2034,33.000,0.000,33.000,151.000,46.000,287.667,0.614,3419.000,28.233,55.433,900,2800,92.56,120,3.648,1.259,0.849,1.228,12.9,0.005868,13.55,6.448,23.55,1.562,12.56,0.2324,69.22,7.92,8.202,3.708,0.2,2000,480.3,6,137.1,2.315,1.988,50.34,120,17.22,10.3,232.2,293,80.34,2,0.6359,212.1,92.65,189.3,1098,641.4,84.52,0.03933,572.4,0.5251,0.6873,0.5805,0.338,0.8913,0.1236,0.1868,0.3365,0.0969,436.6,962.4,48.02,0.5224,415.7,2.033,262.9,0.4161
118,child2,child,173.9969,35.000,0.000,35.000,195.000,34.000,336.067,-1.085,3343.000,25.587,54.933,972,2800,114.2,120,2.973,0.979,1.01,1.176,14.68,0.006754,17.1,6.396,35.62,1.257,10.42,0.2468,80,7.984,7.846,4.275,0.2145,2000,600,4.031,126.8,2.709,1.923,58.81,111.4,20.27,9.444,231.3,243.4,75.68,2.034,0.6536,203.4,83.18,169.2,1250,630.8,72.38,0.0376,600,0.5649,0.9952,0.5597,0.3537,0.7455,0.1105,0.2983,0.3333,0.08717,475.3,597,56.68,0.3739,293.7,2.157,259.8,0.5711
118,child3,child,102.7777,20.000,0.000,20.000,136.000,21.000,291.833,-0.523,2646.000,25.440,59.933,900,2800,110.8,120,2.559,1.088,0.8321,0.9693,13.19,0.005442,17.96,7.886,28.68,1.259,11.64,0.2669,79.44,7.026,9.25,3.122,0.2,2000,497,4.487,112.7,3,1.844,56.76,120,14.1,8.771,204.7,268.8,66.1,2.222,0.5714,155.7,92.66,174.6,1057,726.7,88.87,0.03352,512.2,0.562,0.9683,0.5867,0.3185,0.896,0.1303,0.3408,0.3,0.09494,552.6,755.4,53.86,0.4354,477.3,2.366,296.6,0.489
118,child4,child,160.0821,37.000,0.000,37.000,157.000,23.000,211.633,1.774,3070.000,29.493,54.883,900,2356,91.86,120,2.888,1.125,1.043,1.134,16.27,0.005495,16.07,7.472,27.45,1.777,13.33,0.2508,80,7.83,7.931,3.183,0.2591,2000,416.7,5.666,114.4,2.815,2.5,47.64,114.5,16.45,9.234,175.7,168.8,83.33,2.579,0.5463,173.1,94.4,192.8,1055,768.8,78.23,0.03806,481.4,0.5664,0.7908,0.5812,0.3817,0.7094,0.1529,0.1986,0.3,0.06903,419.2,783.6,55.42,0.4347,403.3,2.24,273,0.4332
118,child5,child,95.6561,22.000,0.000,22.000,106.000,12.000,49.517,1.364,1919.000,24.613,57.650,943.1,2473,95.43,120,2.853,1.162,0.8793,1.191,12.59,0.006391,13.71,5.705,33.9,1.551,14.06,0.3109,74.04,8.614,8.167,4.113,0.2,1805,401,4.82,100,2.676,1.839,49.72,116,16.35,8.502,194.6,208.2,71.09,2,0.6827,158.8,87.78,194.8,999.9,661,70.89,0.03834,567.6,0.5649,0.7398,0.7151,0.3443,0.8269,0.1123,0.2834,0.3,0.08956,409.9,830.1,55.78,0.5126,362.7,1.896,325.6,0.4839
118,child6,child,135.3656,26.000,1.000,25.000,178.000,21.000,295.633,-1.962,2894.000,25.060,63.200,900,2800,101,120,3.131,1.228,0.7883,1,18.4,0.006573,13.89,7.233,35.44,1.38,9.652,0.311,80,7.572,8.507,3.44,0.2329,1937,410,4.669,100,3,1.781,39.83,107.5,16.67,9.892,205.4,218.4,80.84,2.049,0.7105,169.5,97.3,172.6,1149,778.2,76.98,0.03677,497.9,0.4775,0.95,0.567,0.3388,0.7,0.1375,0.3133,0.3,0.08552,482,778.1,46.88,0.4747,452.2,2.768,331.9,0.4819
118,child7,child,2.4134,3.000,0.000,3.000,22.000,-1.000,-12.950,-1.901,1163.000,6.653,38.817,1032,2588,100.2,120,3.063,1.132,0.6735,1.17,14.93,0.005,11.5,5.83,28.5,1.447,11.74,0.3017,80,6.511,9.858,3.327,0.2051,1819,370.6,3.671,106.1,3,1.672,47.08,99.26,17.95,9.436,221.9,235.5,83.19,2,0.5783,234.5,79.77,162.4,1177,732.6,78.49,0.04098,490.3,0.5623,0.7563,0.5092,0.3261,0.7,0.1215,0.2932,0.3,0.07989,440.7,835.5,56.22,0.4672,404.6,2.317,294.7,0.4947
118,child8,child,23.3337,9.000,0.000,9.000,48.000,-4.000,-68.867,-0.848,1903.000,13.700,46.650,1005,2800,110.6,99.24,2.957,1.02,0.973,0.922,14.36,0.005939,11.7,7.457,27.67,1.186,9.777,0.2177,74.31,8.479,9.105,3.874,0.2,2000,443,5.948,132.6,3,1.781,50.02,96.65,22.84,9.706,280.9,259,90,2.271,0.5984,177.5,80.29,146,1118,864.5,69.31,0.04417,507.8,0.5606,0.9622,0.5128,0.2924,0.8,0.1263,0.2822,0.3162,0.07939,458,791.7,56.6,0.4637,428.4,2.112,346.5,0.541
118,child9,child,126.4779,30.000,0.000,30.000,140.000,31.000,245.067,0.396,3528.000,30.667,64.750,900,2636,91.38,119.7,3.086,1.255,0.8912,0.9621,16.74,0.005585,13.39,6.18,24.7,1.534,10.72,0.2869,74.23,7.178,9.647,3.945,0.2,2000,450.9,5.24,120.3,3,1.929,53.71,119.1,17.1,10.86,181.8,186.5,78.83,2,0.9431,189.8,88.91,166.1,1033,617.1,85.06,0.03675,423.5,0.5039,0.8274,0.5047,0.295,0.7927,0.125,0.2416,0.3403,0.08115,516,988.4,52.03,0.4411,333.5,2.036,317.6,0.4375
118,child10,child,17.4296,16.000,5.000,11.000,44.000,8.000,-16.067,0.486,2945.000,30.887,65.533,900,2640,87.35,112.1,3.338,1.167,0.8148,0.9454,17.9,0.00555,16.01,4.656,23.01,1.053,10.59,0.2642,80,6.334,8.671,3.801,0.2,1850,432,5.324,101.3,2.58,1.94,46.91,120,19.28,11.91,198.4,228.4,64.99,2.147,0.6645,215.4,100,184.5,1163,731.4,67.11,0.04082,600,0.5035,0.9981,0.5491,0.3204,0.7036,0.1535,0.2631,0.3,0.08357,545.4,710.5,57.25,0.4222,317.8,1.974,330.5,0.4419
118,child11,child,171.3370,40.000,2.000,38.000,183.000,49.000,325.200,0.983,4244.000,30.920,54.267,913.2,2800,80,120,2.455,0.97,0.9017,1.17,13.31,0.005756,15.02,5.816,26.31,1.331,12.77,0.2584,80,7.569,7.887,3.536,0.2,1771,427,5.92,123.4,3,2.207,45.01,118.7,19.07,8.774,211.9,221.9,82.22,2.291,0.6916,197.6,100,168,944.5,689.7,82.37,0.04328,512,0.5049,0.8522,0.5,0.3265,0.7,0.1277,0.2404,0.3,0.08749,507.7,878.6,52.28,0.4483,405.2,2.161,295.9,0.5377
118,child12,child,-7.4427,1.000,0.000,1.000,14.000,0.000,-23.417,-2.328,1100.000,6.253,41.850,900,2800,80,106.9,2.754,0.9301,0.8808,1.124,15.75,0.005653,18.46,4.97,25.16,1.473,12.85,0.2746,73.11,7.885,10.14,4.997,0.2,1970,485.7,5.761,120.1,3,2.145,54.98,98.12,18.25,10.49,275.3,235.7,88.33,2.028,0.6947,228.9,100,164.3,1190,807.8,80.33,0.04054,564.4,0.5462,0.7714,0.542,0.3986,0.7196,0.1233,0.2819,0.3,0.0802,630.5,820.7,49.75,0.5895,437,1.994,389.9,0.4961
118,child13,child,78.2719,22.000,1.000,21.000,100.000,5.000,-24.917,-0.380,2704.000,30.133,49.867,1243,2800,81.6,117,2.629,1.177,0.8497,1.042,11.81,0.006306,15.11,4.861,34.06,1.176,11.25,0.2901,80,6.994,9.221,3.37,0.2205,2000,458.3,4.579,117.3,2.762,1.79,57.71,109.7,17.79,8.191,264.1,212.6,69.62,2.045,0.6428,192.2,71.69,161.2,929.5,716.4,75.96,0.03376,544.2,0.6076,0.7311,0.5147,0.3197,0.7,0.1387,0.261,0.3,0.07647,498.4,817.9,49.49,0.553,377.2,1.915,335.7,0.541
118,child14,child,82.4270,21.000,1.000,20.000,108.000,4.000,49.150,2.423,2657.000,25.593,54.383,931.5,2184,90.77,120,4.086,1.016,0.9212,0.9083,13.3,0.005129,13.86,6.668,26.75,1.088,10.57,0.2532,78.77,6.619,7.437,3.47,0.2,1557,412,5.498,116.3,3,2.077,54.43,120,17.28,8.761,191.9,230.2,81.11,2.202,0.6215,203.1,80.83,182.9,989.1,694.3,81.51,0.03044,571,0.5399,0.9988,0.5,0.3111,0.7622,0.1511,0.234,0.3612,0.08038,448.3,801.9,54.03,0.4688,337.8,2.318,284.9,0.4538
118,child15,child,158.3231,34.000,0.000,34.000,175.000,32.000,228.650,1.434,3289.000,24.187,75.583,991.7,2354,103.6,115.6,2.556,1.009,1.027,1.212,12.88,0.007948,17.06,5.443,27.55,1.382,11.86,0.2676,80,7.789,8.307,3.402,0.213,2000,418.9,5.186,100,2.787,1.858,53.15,120,20.03,9.341,176.3,213,90,2.103,0.6739,203.9,65.32,166.1,1031,662.3,75.72,0.04627,578.1,0.5076,0.8246,0.5,0.3756,0.7244,0.1293,0.2672,0.3158,0.07861,505.2,739.5,54.87,0.4481,385.1,2.424,312.5,0.5418
119,parent,parent,224.8990,41.000,0.000,41.000,270.000,41.000,325.333,0.193,4042.000,28.273,46.567,900,2800,98.95,120,2.961,1.106,0.9116,1.095,13.53,0.005802,15,6.308,28.05,1.411,11.67,0.269,76.83,7.63,8.763,3.815,0.2,2000,436.4,5.133,114.9,3,1.896,50.22,107.2,17.49,9.231,212.2,222.5,77.82,2,0.6331,186.7,87.79,175.7,1051,726.5,77.27,0.03604,515.8,0.5374,0.8869,0.5903,0.3428,0.734,0.1284,0.2603,0.3,0.08052,513.1,821.5,54.23,0.4489,392.1,2.192,307.6,0.4562
119,child0,child,-0.4133,3.000,0.000,3.000,16.000,1.000,44.667,-1.911,1189.000,7.693,48.917,900,2800,90.43,109.6,3.316,1.418,0.9862,1.024,13.22,0.00647,14.64,7.901,21.88,1.149,11.11,0.2576,79.03,8.702,7.14,3.535,0.2,2000,477.3,5.115,100,2.606,2.216,52.79,107,15.18,11.23,248,181.4,87.87,2.129,0.7939,171.3,79.26,162.7,1227,745.4,83.79,0.03191,551.7,0.5596,0.8823,0.5,0.3832,0.7553,0.1112,0.2991,0.3138,0.07435,458.1,1099,52.34,0.3902,319.2,2.612,328.1,0.4184
119,child1,child,166.5976,30.000,0.000,30.000,216.000,22.000,251.000,-1.340,3283.000,21.393,51.833,900,2800,114.1,120,2.991,1.115,1.021,1.164,17.04,0.005362,15.39,7.728,25.27,1.711,11.74,0.294,80,8.134,11.1,3.488,0.2,2000,489.2,4.687,110.1,3,1.745,43.67,120,23.25,10.14,266.9,249.9,90,2.581,0.7762,161.4,84.19,154.7,1005,802,80.52,0.03136,524.3,0.6347,0.6915,0.6037,0.3507,0.7913,0.1249,0.2767,0.3,0.05647,428.4,674,59.57,0.5173,369.4,2.083,279.6,0.4755
119,child2,child,145.7246,32.000,0.000,32.000,174.000,16.000,153.850,-1.632,3375.000,25.200,64.667,900,2800,120.1,111.2,3.084,1.111,1.011,1.244,13.36,0.006562,15.1,4.998,32.13,1.292,13.77,0.238,71.18,7.777,9.211,3.848,0.2,1962,466.4,4.942,126.2,2.791,1.953,42.37,120,15.62,9.223,203.7,219.4,83.45,2.065,0.5594,205.7,73.44,146.5,1021,750.2,68.18,0.03653,600,0.4781,0.7585,0.5708,0.2684,0.7,0.1074,0.3068,0.3,0.07802,559.2,769.6,62.61,0.3961,343.4,2.129,308.3,0.4062
119,child3,child,112.1044,20.000,0.000,20.000,159.000,25.000,202.067,0.550,2899.000,24.567,52.650,1043,2587,105.1,106.2,2.957,1.099,0.7212,1.444,14.06,0.005956,14.17,6.908,34.45,1.274,12.86,0.2753,80,6.694,10.43,3.709,0.2083,1958,410,5.345,126.5,3,1.499,43.44,104.6,15.01,8.532,266.9,179.4,64.69,2,0.6614,188.3,100,155.3,986,699.6,66.01,0.0397,514.1,0.5387,1,0.6439,0.3248,0.7162,0.1316,0.2328,0.3394,0.07611,581.2,867.8,56.02,0.4151,328.4,2.252,267.9,0.4852
119,child4,child,6.2483,3.000,0.000,3.000,27.000,0.000,59.367,-2.485,1188.000,6.533,36.633,963.2,2749,117.3,108.7,2.643,1.178,0.8962,1.353,14.66,0.006735,16.42,4.889,25.54,1.206,9.614,0.2958,66.34,7.28,8.619,3.944,0.2,1978,495.2,4.37,111,3,1.893,51.11,94.02,17.6,10.61,239,185.2,79.38,2,0.6878,196,68.65,158.3,1076,893,73.73,0.03628,585.5,0.4567,0.9281,0.5411,0.3354,0.7,0.1543,0.3508,0.3,0.09715,494,738.3,56.61,0.3986,426.6,2.035,271.5,0.4705
119,child5,child,76.8177,20.000,0.000,20.000,90.000,14.000,152.450,0.615,2687.000,20.840,53.850,900,2800,123,93.17,2.657,1.132,0.7418,0.894,10.78,0.006448,13.74,6.128,27.06,1.276,11.69,0.2314,75.81,7.656,9.64,3.655,0.2,1931,450,4.656,124,3,2.155,58.1,93.37,14.86,9.095,197.1,255.7,85.71,2.32,0.6694,159.2,91.07,143,1138,769.9,90.63,0.03467,583,0.6028,0.8146,0.6611,0.4577,0.8046,0.1209,0.288,0.3,0.0825,491.4,693.8,61.18,0.433,331.2,2.2,362.5,0.4648
119,child6,child,8.1166,4.000,0.000,4.000,24.000,3.000,57.700,-2.400,1131.000,6.160,45.117,940.3,2800,101.2,116.6,3.536,0.9968,0.8693,1.028,11.41,0.005222,12.13,6.203,28.23,1.568,12.06,0.316,77.43,8.094,7.59,2.653,0.2419,2000,547.3,4.797,126.6,2.98,1.938,49.29,95.78,17.87,8.934,220.2,191.9,77.13,2,0.6638,160.3,69.51,187.9,1067,743.9,65.85,0.03298,572.8,0.5975,0.6783,0.7434,0.305,0.8129,0.1336,0.3253,0.3404,0.06842,537.4,793.4,48.29,0.4393,459.1,2.335,311.9,0.4688
119,child7,child,115.5724,24.000,0.000,24.000,157.000,-2.000,155.217,1.313,3095.000,26.667,46.717,1044,2547,100.3,108.5,2.798,1.074,0.9786,1.085,11.82,0.006753,14.58,5.322,28.27,1.409,12.37,0.2399,79.75,7.112,8.951,3.777,0.2,1982,353.1,5.822,103.5,2.889,1.65,51.75,107.4,18.61,9.149,254.6,209.6,70.42,2,0.7048,206.2,83.8,179.8,1124,759.9,94.3,0.04279,600,0.671,0.7945,0.6898,0.3826,0.7,0.1371,0.2285,0.3,0.08001,544.2,684.1,50.15,0.5297,367.8,2.22,310.7,0.4794
119,child8,child,3.9563,4.000,0.000,4.000,19.000,2.000,98.450,-2.321,1360.000,8.940,42.583,900,2800,120.6,119.3,2.92,1.062,0.8879,1.134,14.5,0.006158,11.87,6.257,24.51,1.547,12.59,0.3057,80,9.251,7.114,3.922,0.2,1693,473.8,5.096,123.4,3,1.555,53.64,110.5,16.27,10.52,173.2,200.7,87.82,2.131,0.6195,183.4,82.87,171.3,1048,703.5,76.42,0.02833,506.6,0.5035,0.971,0.5632,0.3132,0.8899,0.1478,0.2406,0.3203,0.07486,457.4,1006,62.95,0.4432,433.1,1.931,308,0.4023
119,child9,child,-6.1010,1.000,0.000,1.000,12.000,1.000,26.800,-2.435,1056.000,5.147,35.450,900,2800,82.33,106.6,3.197,1.079,0.971,0.9965,12.44,0.005464,13.81,4.883,26.14,1.481,12.45,0.2866,56.44,6.184,6.827,3.937,0.2,2000,458.5,4.395,102.6,2.958,2.321,54.89,99.2,19.05,9.417,227.1,191.5,84.03,2,0.8107,158.8,80.65,114.6,852.2,789.9,78.08,0.02553,545.4,0.454,0.834,0.6679,0.3268,0.8861,0.1181,0.2783,0.3,0.07097,589.3,783.2,63.78,0.4404,416.8,2.15,322,0.5192
119,child10,child,158.7377,28.000,0.000,28.000,210.000,9.000,293.800,-1.796,2883.000,31.653,50.450,957.4,2800,118.4,120,2.721,1.198,0.9246,1.149,14.16,0.005603,15.1,6.897,26.04,1.819,11.79,0.2595,79.13,8.162,8.775,4.124,0.2391,1718,500.7,4.604,100,2.333,1.886,59.25,117.1,15.86,7.057,231.7,233.2,80.85,2.497,0.6658,173.9,75.71,170.4,1262,831.7,64.8,0.03938,600,0.5881,0.7683,0.5,0.344,0.7,0.1516,0.2541,0.3661,0.06546,556.3,982,55.3,0.3843,464,2.776,333.5,0.4967
119,child11,child,54.0964,19.000,3.000,16.000,79.000,-19.000,-191.817,1.714,1753.000,23.773,67.167,922.1,2206,86.55,120,3.807,1.22,0.7526,1.267,12.63,0.007226,14.44,6.369,22.7,1.34,11.5,0.2774,65.01,6.363,8.542,3.684,0.2,2000,370.4,5.333,140.8,2.933,2.017,48.59,120,15.57,8.057,236.8,230.5,77.64,2.194,0.6006,159.7,100,178.2,1156,749.3,59.98,0.03339,600,0.5037,0.8748,0.5579,0.3566,0.7207,0.1219,0.2539,0.3,0.08231,490,867.5,53.49,0.4381,366.6,1.809,274.4,0.4025
119,child12,child,73.6646,19.000,0.000,19.000,94.000,-1.000,5.650,-0.944,2287.000,14.567,54.500,1121,2480,102.8,120,3.283,0.9248,0.996,1.273,12.4,0.005836,13.73,6.234,36.19,1.544,10.93,0.2976,70.05,6.455,8.239,3.709,0.2,1760,461.2,5.29,132.6,3,1.766,53.46,96.2,20.29,8.641,189.7,257.6,77.54,2,0.7511,208.5,81.65,143.2,975.6,651,90.5,0.04099,472.3,0.4847,0.9925,0.5297,0.3179,0.7667,0.1363,0.2293,0.3732,0.06176,590.5,684.7,59.2,0.3973,457,1.751,288,0.5743
119,child13,child,26.6051,9.000,2.000,7.000,55.000,13.000,168.833,1.740,2139.000,25.447,48.067,961.7,2800,94.16,120,2.877,1.337,0.6951,1.337,14.57,0.007901,14.42,8.742,23.99,1.413,10.32,0.2602,73.74,7.474,10.26,4.197,0.2,1998,374.3,4.438,107.8,3,1.924,62.82,120,16.81,9.147,175.5,156.9,66.04,2.224,0.5389,168,100,210.8,905.4,845.5,71.17,0.03221,524.9,0.4901,0.8747,0.6175,0.3003,0.9182,0.1349,0.2531,0.303,0.07586,563.3,902.7,56.62,0.5291,381.8,2.414,294.5,0.4883
119,child14,child,207.3344,42.000,0.000,42.000,233.000,37.000,318.800,0.424,3928.000,29.153,69.583,900,2800,101.5,108,2.821,1.034,1.086,1.245,13.11,0.007705,17.9,6.335,28.29,1.225,12.09,0.2535,74.54,7.352,9.14,4.267,0.2,1941,365.7,5.123,117.6,2.326,2.256,49.98,117.2,16.67,8.631,210.1,261.5,90,2.007,0.7347,177.3,88.66,182,952.2,772.4,67.54,0.03688,508.4,0.461,0.9289,0.5,0.4272,0.8048,0.1218,0.3239,0.3,0.08255,542.6,960.9,64.65,0.4938,389.9,2.296,274.6,0.4184
119,child15,child,-29.3564,1.000,0.000,1.000,-11.000,-9.000,-221.900,-1.227,1483.000,10.733,41.017,900,2800,106.9,120,3.349,1.074,0.9111,1.343,12.55,0.005643,14.12,5.836,29.26,1.373,11.01,0.285,68.16,7.908,7.467,4.861,0.2,1902,434.6,4.024,121.3,3,1.588,47.52,80.62,18.64,9.681,200.6,232.1,86.7,2,0.792,192.4,77.63,207.6,1105,894.3,72.54,0.03383,591.9,0.5015,0.925,0.5954,0.3632,0.8935,0.1283,0.2626,0.3,0.08362,516.8,665.7,45.38,0.4074,408.2,2.084,223.2,0.4555
