{
  "ShootRangeNear": 1397.4236901621296,
  "ShootRangeFar": 1643.1877316980817,
  "ShootScoreNear": 91.06840155376673,
  "ShootScoreFar": 58.60956451061829,
  "ShootPressurePenalty": 9.357832656129165,
  "RoleAttackForward": 1.8,
  "RoleAttackMidfielder": 0.634966188056236,
  "RoleAttackDefender": 1.0123991311079834,
  "PassBaseScore": 39.169683849729765,
  "PassScoreScale": 0.022481554681827113,
  "PassPressureBonus": 24.864811304089997,
  "PassFarBonus": 12.466832967962368,
  "CrossBonus": 26.054263919824916,
  "DribbleBaseScore": 31.07844255694594,
  "DribbleLaneBonus": 17.262645109862863,
  "DribbleFreeSpaceBonus": 11.747943675050648,
  "ClearScore": 72.52539109947104,
  "ChaseBaseScore": 79.76827042081683,
  "HoldBaseScore": 47.380503385316054,
  "CommitmentBonus": 21.82763938856518,
  "AttackDepthDefender": 0.45278534578585844,
  "AttackDepthMidfielder": 0.9,
  "AttackDepthForward": 0.777284085122772,
  "HomePositionLerp": 0.5223742726970915,
  "DeepRunDepth": 0.9582683573302951
}